batch,site,cohort,variant,version,bright_low_contrast,bse_p1,grey_pore,th_lo,th_hi,threshold_offset,area_floor_px2,trim_top,trim_bottom,H_trimmed,W,bright_aspect_count_iqr,bright_aspect_count_iqr_unavailable_reason,bright_circularity_count_iqr,bright_circularity_count_iqr_unavailable_reason,bright_solidity_count_q10,bright_solidity_count_q10_unavailable_reason,void_local_width_d50_px,void_local_width_d50_px_unavailable_reason,void_local_width_d90_px,void_local_width_d90_px_unavailable_reason,graph_edge_length_iqr_ratio,graph_edge_length_iqr_ratio_unavailable_reason,local_bright_std_512px,local_bright_std_512px_unavailable_reason,bright_pore_crosscorr_xy_contrast_256px,bright_pore_crosscorr_xy_contrast_256px_unavailable_reason,shape_objects_input,shape_objects_eligible,shape_objects_excluded,shape_circularity_above_one,graph_nodes,graph_edges,graph_components_available,graph_components_below_floor,graph_components_clipped,graph_zero_length_edges,n_retained_voids,n_width_samples,retained_void_area_frac,excluded_void_area_frac,neighbourhood_windows_512px,neighbourhood_window_coverage_512px,neighbourhood_windows_bright_present_512px,crosscorr_signed_domains,crosscorr_min_pair_pixels,crosscorr_min_source_phase_pixels,crosscorr_min_target_phase_pixels,crosscorr_min_source_complement_pixels,crosscorr_min_target_complement_pixels
Batch_1,4ih2ggld,known,threshold_plus5,E41S-geometry-v1,True,0,False,34.184367034834324,81.76295666949872,5,50,0,0,2316,6996,,,,,,,8.0,,37.36308338453881,,,,,,,,1503,1503,0,8,1503,2885,1557,0,54,0,2551,144674,0.1059991966788818,0.0113191377061256,52,0.8413077890055112,52,4,14411760,1231860,1689689,13048762,12682769
Batch_1,5n1q8atc,known,threshold_plus5,E41S-geometry-v1,True,0,False,33.184367034834324,78.0,5,50,0,0,2316,7000,,,,,,,6.324555320336759,,28.635642126552707,,,,,,,,1658,1658,0,5,1658,3165,1720,0,62,0,2696,108374,0.0660559462126819,0.0123101406365655,52,0.840827041697508,52,4,14420000,2001910,1136232,12356781,13263445
Batch_1,f1vzngrs,known,threshold_plus5,E41S-geometry-v1,False,0,False,31.15802888700085,95.0,5,50,0,0,2148,7000,1.029518159960913,,0.2663383496875162,,0.6219059149083362,,7.211102550927978,,22.0,,1.6902682427168614,,0.0607175915620642,,0.016470654421567,,242,242,0,0,242,474,254,0,12,0,2400,101681,0.0648280127693535,0.0094699388135142,52,0.9065900505453578,51,4,13244000,712381,982602,12390350,12230432
Batch_1,ffwubibz,known,threshold_plus5,E41S-geometry-v1,False,0,False,37.18436703483432,96.0,5,50,0,0,2080,7000,0.9833037177729692,,0.2913215110622087,,0.6754238658922138,,8.246211251235321,,29.732137494637012,,1.2573669775337015,,0.0482371544171636,,0.005925672382069,,143,143,0,4,143,281,154,0,11,0,1561,105593,0.0786609203296703,0.0171885302197802,52,0.9362285714285714,50,4,12768000,495632,1212384,12204954,11515097
Batch_1,fzrt2k6r,known,threshold_plus5,E41S-geometry-v1,False,0,False,40.18436703483432,98.0,5,50,0,0,2156,7000,1.129492909676608,,0.3508586499009945,,0.6489426691729323,,8.246211251235321,,31.622776601683793,,1.106446594172274,,0.0558868305865737,,0.0109116011119735,,196,196,0,1,196,382,211,0,15,0,2002,135373,0.0988554200901139,0.014489928438908,52,0.9032260800424066,52,4,13300000,707403,1496588,12532702,11736478
Batch_1,iv6g2oq0,known,threshold_plus5,E41S-geometry-v1,False,0,False,37.18436703483432,100.0,5,50,0,0,1780,6960,1.0460149306021491,,0.3232869840398431,,0.6537920017626969,,6.324555320336759,,30.0,,1.2379069160996583,,0.0540827707882149,,0.0239079373704354,,166,166,0,2,166,335,179,0,13,0,2663,141126,0.1126535257652072,0.0214320999612553,39,0.8252305308020147,37,4,10607040,493483,1355899,10065162,9117922
Batch_1,uhdslk0o,known,threshold_plus5,E41S-geometry-v1,False,0,False,38.18436703483432,97.0,5,50,0,0,1880,7000,1.7234205966371148,,0.3420329991502094,,0.6726337732937139,,8.246211251235321,,29.120439557122072,,1.0231615622481538,,0.0588197630595813,,0.0140026839707979,,167,167,0,2,167,324,183,0,16,0,1742,123152,0.0976753799392097,0.0115259878419452,39,0.7768705167173252,38,4,11368000,584925,1241824,10675226,10095708
Batch_2,3806gxp0,known,threshold_plus5,E41S-geometry-v1,False,0,False,21.26338147833475,91.0,5,50,0,0,2048,7000,1.0820320153546383,,0.2728884864004978,,0.7089552238805971,,10.0,,28.844410203711913,,0.970420691096383,,0.0630427967499855,,0.0271765617685568,,151,151,0,1,151,280,172,0,21,0,1234,109141,0.0835197405133928,0.0047253766741071,52,0.9508571428571428,48,4,12544000,588470,1124025,11898823,11375552
Batch_2,avn74qx1,known,threshold_plus5,E41S-geometry-v1,False,0,False,20.26338147833475,90.0,5,50,0,0,2048,7000,1.0299250311720194,,0.2990355269263067,,0.7511095790063343,,10.0,,32.55764119219941,,1.003764311593712,,0.0498809720192369,,0.0033398623404738,,131,131,0,0,131,258,145,0,14,0,1096,92572,0.0764001116071428,0.0113031529017857,52,0.9508571428571428,47,4,12544000,445868,1123907,12085168,11387846
Batch_2,b3esycq1,known,threshold_plus5,E41S-geometry-v1,False,0,False,40.18436703483432,97.0,5,50,0,0,2156,7000,1.163419446323486,,0.3301344193226973,,0.6004255319148936,,8.246211251235321,,29.5296461204668,,1.4529657479773157,,0.0633257697854051,,0.0227073452857684,,295,295,0,2,295,578,320,0,25,0,1826,137524,0.0956789689901934,0.0168906042936655,52,0.9032260800424066,52,4,13300000,870797,1497464,12300721,11792574
Batch_2,epqdaau9,known,threshold_plus5,E41S-geometry-v1,False,0,False,29.184367034834327,92.0,5,50,0,15,2133,7000,0.9703267575012092,,0.3619664323190772,,0.6203809610511073,,8.0,,26.68332812825267,,1.7229841753065986,,0.0591764186320408,,-0.0018912138801133,,200,200,0,3,200,385,223,0,23,0,1966,108674,0.0744366083986337,0.009977161610073,52,0.9129655080034826,51,4,13139000,728674,1090145,12401518,12003566
Batch_2,i9jiqjwl,known,threshold_plus5,E41S-geometry-v1,False,0,False,32.184367034834324,95.0,5,50,0,0,2272,7000,1.505470849311928,,0.3174781628456149,,0.5953412865397144,,8.246211251235321,,28.284271247461906,,1.4970234498500423,,0.0552222258028664,,-0.019647531069264,,239,239,0,4,239,460,262,0,23,0,1612,121612,0.0799791247484909,0.0087170523138832,52,0.8571106639839035,51,4,14112000,703864,1292238,13374782,12811595
Batch_2,r17byphk,known,threshold_plus5,E41S-geometry-v1,False,0,False,25.28971962616822,98.0,5,50,0,0,2080,7000,1.2250083662473628,,0.3331977439686945,,0.5826851592416177,,10.0,,32.0,,1.94238408554033,,0.0538104016951218,,0.0056968285466355,,233,233,0,1,233,450,244,0,11,0,1304,101756,0.0817979395604395,0.0131903159340659,52,0.9362285714285714,51,4,12768000,412190,1211823,12250199,11509864
Batch_2,rxax5ozo,known,threshold_plus5,E41S-geometry-v1,False,0,False,34.15802888700085,98.0,5,50,0,0,2068,7000,1.3049056152889116,,0.2880233506712761,,0.6899357086302454,,8.48528137423857,,29.5296461204668,,1.2714943305730404,,0.0602331849282671,,-0.0044310355825873,,149,149,0,3,149,297,169,0,20,0,1271,105776,0.0799694667035092,0.0188324122685824,52,0.9416612323846366,48,4,12684000,580190,1248850,12081501,11430477
Batch_3,0grcilhi,known,threshold_plus5,E41S-geometry-v1,False,0,False,34.184367034834324,99.0,5,50,0,0,1904,7000,1.2320076041343466,,0.3431177856568307,,0.6989165267816267,,10.0,,35.4400902933387,,0.934654088938795,,0.0613750295417599,,-0.0114108780197157,,101,101,0,2,101,194,111,0,10,0,1210,111527,0.0964049369747899,0.0529613595438175,39,0.767078031212485,38,4,11536000,456050,1554549,10993126,9798600
Batch_3,71vgq3fw,known,threshold_plus5,E41S-geometry-v1,False,23,True,46.131690739167375,95.0,5,50,0,0,2060,7000,1.1708718993057885,,0.3195598780660417,,0.6539551192145863,,,,,,1.0038120231530296,,0.062529307402277,,,,164,164,0,1,164,322,172,0,8,0,1590,109696,0.0830633148404993,0.0137974341192787,52,0.9453181692094312,52,4,12628000,709063,1238646,11908900,11380075
Batch_3,9luzk4jm,known,threshold_plus5,E41S-geometry-v1,False,6,False,38.18436703483432,91.0,5,50,0,0,2088,7000,1.0153708790350289,,0.2863438046399714,,0.673028023696998,,10.0,,30.528675044947494,,1.2172964292237316,,0.0651506833372478,,-0.014032980319312,,188,188,0,1,188,365,196,0,8,0,1483,128667,0.0993487274220032,0.0435281198686371,52,0.9326414887794198,51,4,12824000,694556,1730533,12083318,10925622
Batch_3,cfe5vt7s,known,threshold_plus5,E41S-geometry-v1,False,0,False,31.237043330501276,99.0,5,50,0,0,2080,7000,1.4584159044552905,,0.3280317638766408,,0.6337854500616523,,8.48528137423857,,30.0,,1.5968641859943544,,0.0552816115411998,,-0.0020952964578489,,211,211,0,7,211,413,226,0,15,0,1484,105023,0.0814695741758241,0.0123727335164835,52,0.9362285714285714,52,4,12768000,697386,1214375,12020831,11499060
Batch_3,hawkfj64,known,threshold_plus5,E41S-geometry-v1,False,1,False,36.15802888700085,100.0,5,50,0,0,1904,7000,1.1397752460400945,,0.2856575001352558,,0.6439846694951343,,10.0,,32.2490309931942,,1.3863633732331382,,0.04668706344797,,-0.0063652072145097,,139,139,0,1,139,271,158,0,19,0,1435,116352,0.1014128151260504,0.0091557623049219,39,0.767078031212485,38,4,11536000,416477,1279316,11077011,10238916
Batch_3,hzumfsms,known,threshold_plus5,E41S-geometry-v1,False,3,False,38.18436703483432,93.0,5,50,0,0,2088,7000,1.0094384387661464,,0.3327892624461981,,0.698147067775974,,10.0,,37.73592452822641,,1.2438056082067812,,0.0496669107093509,,-0.0144458956984377,,138,138,0,0,138,259,153,0,15,0,1395,141427,0.1161456622879036,0.0489244663382594,52,0.9326414887794198,50,4,12824000,558699,2019217,12262847,10663223
Batch_3,kbdh4tri,known,threshold_plus5,E41S-geometry-v1,False,24,True,46.131690739167375,96.0,5,50,0,0,2060,7000,1.2177710092537823,,0.3359705927930124,,0.6447374301675978,,,,,,1.515787689312719,,0.0421411928112119,,,,208,208,0,0,208,402,234,0,26,0,1704,107876,0.0771067267683772,0.0171309986130374,52,0.9453181692094312,51,4,12628000,560926,1176454,12049838,11411059
Batch_3,mgxahqnk,known,threshold_plus5,E41S-geometry-v1,False,1,False,37.15802888700085,97.0,5,50,0,0,1904,7000,1.108572976529088,,0.2761893432589045,,0.7288129917964172,,10.0,,31.04834939252005,,0.8570086577674106,,0.0873857783744161,,0.0026625466975261,,115,115,0,2,115,220,129,0,14,0,1368,114329,0.0992896908763505,0.014656512605042,39,0.767078031212485,38,4,11536000,711905,1354458,10795442,10181004
Batch_3,pl8uabbv,known,threshold_plus5,E41S-geometry-v1,False,0,False,34.15802888700085,93.0,5,50,0,0,2272,7000,1.0694528798233065,,0.3255611165159409,,0.6812781954887218,,8.48528137423857,,30.463092423455635,,1.3106003620097333,,0.043775198799524,,0.0179069185684555,,222,222,0,3,222,424,244,0,22,0,1812,148015,0.1000612424547283,0.0215286091549295,52,0.8571106639839035,51,4,14112000,613637,1745750,13458236,12327858
Batch_3,ptg8lmto,known,threshold_plus5,E41S-geometry-v1,False,4,False,38.15802888700085,101.0,5,50,0,0,1612,7000,1.1049816232649874,,0.376450462699538,,0.6667558487569483,,8.246211251235321,,26.83281572999748,,1.5073921283449123,,0.0677602321020126,,-0.0022022035094475,,133,133,0,2,133,250,146,0,13,0,1159,90877,0.084155529953917,0.0126757355547678,39,0.9060276497695852,38,4,9492000,413540,902552,9029378,8564268
Batch_3,tuy3zymq,known,threshold_plus5,E41S-geometry-v1,False,24,True,46.131690739167375,96.0,5,50,0,0,2060,7000,1.117376500831855,,0.3834923371062145,,0.5849867658763211,,,,,,1.8090520745119816,,0.0383416431736614,,,,225,225,0,2,225,439,255,0,30,0,1537,120437,0.0938201803051317,0.0078377947295423,52,0.9453181692094312,52,4,12628000,402389,1315729,12179564,11295740
Batch_3,ufdvpb81,known,threshold_plus5,E41S-geometry-v1,False,3,False,41.15802888700085,90.0,5,50,0,0,2088,7000,1.182041161564129,,0.341319261755506,,0.5965687795587322,,10.0,,33.52610922848042,,1.539982112237955,,0.0502727850017521,,-0.0057493345339781,,219,219,0,2,219,417,233,0,14,0,1475,132535,0.1101587301587301,0.0293564586754241,52,0.9326414887794198,51,4,12824000,561009,1642607,12251834,10939585
Batch_3,utfgcjfa,known,threshold_plus5,E41S-geometry-v1,False,0,False,34.15802888700085,96.0,5,50,0,0,2068,6996,1.0930964818179625,,0.3338959371087897,,0.6726926592321137,,8.94427190999916,,32.802438933713454,,1.3327779516385774,,0.0705833865114828,,-0.0110230639050128,,187,187,0,3,187,359,199,0,12,0,1421,122272,0.0948163388197511,0.0193533497450325,52,0.9421996321744506,50,4,12676752,658136,1454798,11967146,11201936
Batch_3,vc2whyaq,known,threshold_plus5,E41S-geometry-v1,False,1,False,31.2107051826678,95.0,5,50,0,0,2068,7000,1.0705419799610372,,0.281432798728175,,0.7003072227465312,,8.94427190999916,,30.463092423455635,,1.0652690943770036,,0.054356207923066,,0.0270411551995737,,151,151,0,3,151,292,172,0,21,0,1227,111528,0.0840764714009394,0.0137164271898314,52,0.9416612323846366,48,4,12684000,658819,1217952,11989737,11393517
Batch_3,x77cy643,known,threshold_plus5,E41S-geometry-v1,False,0,False,34.15802888700085,96.0,5,50,0,0,2068,6996,0.984877226013202,,0.3149471308955727,,0.67477212687739,,8.48528137423857,,30.59411708155671,,0.8833495960175544,,0.0576538171418084,,0.0092399128366218,,160,160,0,1,160,311,174,0,14,0,1534,129642,0.0967247241584857,0.0155222713614743,52,0.9421996321744506,49,4,12676752,779611,1420774,11892852,11169291
Batch_3,x7u69zsw,known,threshold_plus5,E41S-geometry-v1,False,25,True,44.15802888700085,95.0,5,50,0,0,2060,7000,1.083744168087816,,0.3164323195886299,,0.5836121543188801,,,,,,2.137042420034935,,0.079860728273745,,,,304,304,0,2,304,570,342,0,38,0,1493,104323,0.077425173370319,0.0044889042995839,52,0.9453181692094312,52,4,12628000,759966,1056147,11787621,11531301
Batch_3,xgj4xftb,known,threshold_plus5,E41S-geometry-v1,False,6,False,38.15802888700085,104.0,5,50,0,0,1612,7000,0.8357282336406175,,0.3728027598255955,,0.6564759285300686,,8.246211251235321,,28.42534080710379,,1.4812525069840623,,0.0681953351277057,,0.0043358374090224,,114,114,0,1,114,223,116,0,2,0,1217,92122,0.0857670152428217,0.019312034739454,39,0.9060276497695852,39,4,9492000,473815,917636,8985972,8452357
