view,kpi,control,batch,site,observed,prediction,loo_r2,n_sites
all_known,gabor_coarse_energy_share,acquisition,Batch_1,4ih2ggld,0.7706819065459972,0.8198097102073039,-0.168391344023904,31
all_known,gabor_coarse_energy_share,acquisition,Batch_1,5n1q8atc,0.8072843152423196,0.8123364082992091,-0.168391344023904,31
all_known,gabor_coarse_energy_share,acquisition,Batch_1,f1vzngrs,0.8314891150012327,0.8184480930989856,-0.168391344023904,31
all_known,gabor_coarse_energy_share,acquisition,Batch_1,ffwubibz,0.8103546903376422,0.8334636762049152,-0.168391344023904,31
all_known,gabor_coarse_energy_share,acquisition,Batch_1,fzrt2k6r,0.7984659513016179,0.8177052596700042,-0.168391344023904,31
all_known,gabor_coarse_energy_share,acquisition,Batch_1,iv6g2oq0,0.8039228071040977,0.8073847470663363,-0.168391344023904,31
all_known,gabor_coarse_energy_share,acquisition,Batch_1,uhdslk0o,0.813935017172547,0.8145639779741367,-0.168391344023904,31
all_known,gabor_coarse_energy_share,acquisition,Batch_2,3806gxp0,0.8046551074408582,0.8163379107579409,-0.168391344023904,31
all_known,gabor_coarse_energy_share,acquisition,Batch_2,avn74qx1,0.8335790326425748,0.827431364999903,-0.168391344023904,31
all_known,gabor_coarse_energy_share,acquisition,Batch_2,b3esycq1,0.7932821718815023,0.8084254782980534,-0.168391344023904,31
all_known,gabor_coarse_energy_share,acquisition,Batch_2,epqdaau9,0.8124829088248634,0.8047261760443999,-0.168391344023904,31
all_known,gabor_coarse_energy_share,acquisition,Batch_2,i9jiqjwl,0.820801293100991,0.8212067944585306,-0.168391344023904,31
all_known,gabor_coarse_energy_share,acquisition,Batch_2,r17byphk,0.8450844572769247,0.8093511422388737,-0.168391344023904,31
all_known,gabor_coarse_energy_share,acquisition,Batch_2,rxax5ozo,0.844121274722776,0.8203935972048406,-0.168391344023904,31
all_known,gabor_coarse_energy_share,acquisition,Batch_3,0grcilhi,0.8241900568207299,0.8010211703940169,-0.168391344023904,31
all_known,gabor_coarse_energy_share,acquisition,Batch_3,71vgq3fw,0.8726294890080424,0.8252392468650431,-0.168391344023904,31
all_known,gabor_coarse_energy_share,acquisition,Batch_3,9luzk4jm,0.8316757910017482,0.8169798073412619,-0.168391344023904,31
all_known,gabor_coarse_energy_share,acquisition,Batch_3,cfe5vt7s,0.8407264925803855,0.8102205427175888,-0.168391344023904,31
all_known,gabor_coarse_energy_share,acquisition,Batch_3,hawkfj64,0.8315050747748928,0.8259647455368563,-0.168391344023904,31
all_known,gabor_coarse_energy_share,acquisition,Batch_3,hzumfsms,0.8225260570622686,0.8190930210222443,-0.168391344023904,31
all_known,gabor_coarse_energy_share,acquisition,Batch_3,kbdh4tri,0.8232754800637705,0.8397578309137242,-0.168391344023904,31
all_known,gabor_coarse_energy_share,acquisition,Batch_3,mgxahqnk,0.8324755463032195,0.8118734632791442,-0.168391344023904,31
all_known,gabor_coarse_energy_share,acquisition,Batch_3,pl8uabbv,0.8113139901934142,0.8180720244426622,-0.168391344023904,31
all_known,gabor_coarse_energy_share,acquisition,Batch_3,ptg8lmto,0.8224943721085132,0.8243672640529595,-0.168391344023904,31
all_known,gabor_coarse_energy_share,acquisition,Batch_3,tuy3zymq,0.8162574485136226,0.8452899274002624,-0.168391344023904,31
all_known,gabor_coarse_energy_share,acquisition,Batch_3,ufdvpb81,0.8344079214120141,0.8409309507515472,-0.168391344023904,31
all_known,gabor_coarse_energy_share,acquisition,Batch_3,utfgcjfa,0.8116256965109474,0.8188155405940539,-0.168391344023904,31
all_known,gabor_coarse_energy_share,acquisition,Batch_3,vc2whyaq,0.8439741444909512,0.8191020707984762,-0.168391344023904,31
all_known,gabor_coarse_energy_share,acquisition,Batch_3,x77cy643,0.79506235169173,0.8176742866082202,-0.168391344023904,31
all_known,gabor_coarse_energy_share,acquisition,Batch_3,x7u69zsw,0.8288170374672597,0.8251027483864608,-0.168391344023904,31
all_known,gabor_coarse_energy_share,acquisition,Batch_3,xgj4xftb,0.7759571351174955,0.8290717367712778,-0.168391344023904,31
all_known,gabor_coarse_energy_share,fft_geometry_tensor,Batch_1,4ih2ggld,0.7706819065459972,0.805720125457069,-0.3768862224762177,31
all_known,gabor_coarse_energy_share,fft_geometry_tensor,Batch_1,5n1q8atc,0.8072843152423196,0.7449563423885787,-0.3768862224762177,31
all_known,gabor_coarse_energy_share,fft_geometry_tensor,Batch_1,f1vzngrs,0.8314891150012327,0.8161800472642654,-0.3768862224762177,31
all_known,gabor_coarse_energy_share,fft_geometry_tensor,Batch_1,ffwubibz,0.8103546903376422,0.8236281611957528,-0.3768862224762177,31
all_known,gabor_coarse_energy_share,fft_geometry_tensor,Batch_1,fzrt2k6r,0.7984659513016179,0.8220473644758252,-0.3768862224762177,31
all_known,gabor_coarse_energy_share,fft_geometry_tensor,Batch_1,iv6g2oq0,0.8039228071040977,0.8168476623878408,-0.3768862224762177,31
all_known,gabor_coarse_energy_share,fft_geometry_tensor,Batch_1,uhdslk0o,0.813935017172547,0.7910144787309434,-0.3768862224762177,31
all_known,gabor_coarse_energy_share,fft_geometry_tensor,Batch_2,3806gxp0,0.8046551074408582,0.8255712366385164,-0.3768862224762177,31
all_known,gabor_coarse_energy_share,fft_geometry_tensor,Batch_2,avn74qx1,0.8335790326425748,0.8365792428447681,-0.3768862224762177,31
all_known,gabor_coarse_energy_share,fft_geometry_tensor,Batch_2,b3esycq1,0.7932821718815023,0.8111783212024183,-0.3768862224762177,31
all_known,gabor_coarse_energy_share,fft_geometry_tensor,Batch_2,epqdaau9,0.8124829088248634,0.8270344316271193,-0.3768862224762177,31
all_known,gabor_coarse_energy_share,fft_geometry_tensor,Batch_2,i9jiqjwl,0.820801293100991,0.8164283526112831,-0.3768862224762177,31
all_known,gabor_coarse_energy_share,fft_geometry_tensor,Batch_2,r17byphk,0.8450844572769247,0.823597205172257,-0.3768862224762177,31
all_known,gabor_coarse_energy_share,fft_geometry_tensor,Batch_2,rxax5ozo,0.844121274722776,0.8237581803932473,-0.3768862224762177,31
all_known,gabor_coarse_energy_share,fft_geometry_tensor,Batch_3,0grcilhi,0.8241900568207299,0.780816856666717,-0.3768862224762177,31
all_known,gabor_coarse_energy_share,fft_geometry_tensor,Batch_3,71vgq3fw,0.8726294890080424,0.8259788304773942,-0.3768862224762177,31
all_known,gabor_coarse_energy_share,fft_geometry_tensor,Batch_3,9luzk4jm,0.8316757910017482,0.8234677472577343,-0.3768862224762177,31
all_known,gabor_coarse_energy_share,fft_geometry_tensor,Batch_3,cfe5vt7s,0.8407264925803855,0.8224864010710777,-0.3768862224762177,31
all_known,gabor_coarse_energy_share,fft_geometry_tensor,Batch_3,hawkfj64,0.8315050747748928,0.8431849010704511,-0.3768862224762177,31
all_known,gabor_coarse_energy_share,fft_geometry_tensor,Batch_3,hzumfsms,0.8225260570622686,0.8156667242658147,-0.3768862224762177,31
all_known,gabor_coarse_energy_share,fft_geometry_tensor,Batch_3,kbdh4tri,0.8232754800637705,0.8239594755668281,-0.3768862224762177,31
all_known,gabor_coarse_energy_share,fft_geometry_tensor,Batch_3,mgxahqnk,0.8324755463032195,0.8242753609852215,-0.3768862224762177,31
all_known,gabor_coarse_energy_share,fft_geometry_tensor,Batch_3,pl8uabbv,0.8113139901934142,0.8019211730399227,-0.3768862224762177,31
all_known,gabor_coarse_energy_share,fft_geometry_tensor,Batch_3,ptg8lmto,0.8224943721085132,0.8202382700300935,-0.3768862224762177,31
all_known,gabor_coarse_energy_share,fft_geometry_tensor,Batch_3,tuy3zymq,0.8162574485136226,0.8067993111430758,-0.3768862224762177,31
all_known,gabor_coarse_energy_share,fft_geometry_tensor,Batch_3,ufdvpb81,0.8344079214120141,0.8190930776263683,-0.3768862224762177,31
all_known,gabor_coarse_energy_share,fft_geometry_tensor,Batch_3,utfgcjfa,0.8116256965109474,0.8293770599182237,-0.3768862224762177,31
all_known,gabor_coarse_energy_share,fft_geometry_tensor,Batch_3,vc2whyaq,0.8439741444909512,0.8384184916689532,-0.3768862224762177,31
all_known,gabor_coarse_energy_share,fft_geometry_tensor,Batch_3,x77cy643,0.79506235169173,0.8367372139938718,-0.3768862224762177,31
all_known,gabor_coarse_energy_share,fft_geometry_tensor,Batch_3,x7u69zsw,0.8288170374672597,0.837933108370175,-0.3768862224762177,31
all_known,gabor_coarse_energy_share,fft_geometry_tensor,Batch_3,xgj4xftb,0.7759571351174955,0.8235783217992085,-0.3768862224762177,31
quality_matched,gabor_coarse_energy_share,acquisition,Batch_1,f1vzngrs,0.8314891150012327,0.817064487484738,-0.5776175972443838,25
quality_matched,gabor_coarse_energy_share,acquisition,Batch_1,ffwubibz,0.8103546903376422,0.8370636661930861,-0.5776175972443838,25
quality_matched,gabor_coarse_energy_share,acquisition,Batch_1,fzrt2k6r,0.7984659513016179,0.8229203819778951,-0.5776175972443838,25
quality_matched,gabor_coarse_energy_share,acquisition,Batch_1,iv6g2oq0,0.8039228071040977,0.8058194210305399,-0.5776175972443838,25
quality_matched,gabor_coarse_energy_share,acquisition,Batch_1,uhdslk0o,0.813935017172547,0.8128609154235011,-0.5776175972443838,25
quality_matched,gabor_coarse_energy_share,acquisition,Batch_2,3806gxp0,0.8046551074408582,0.82240711219008,-0.5776175972443838,25
quality_matched,gabor_coarse_energy_share,acquisition,Batch_2,avn74qx1,0.8335790326425748,0.8291832808511279,-0.5776175972443838,25
quality_matched,gabor_coarse_energy_share,acquisition,Batch_2,b3esycq1,0.7932821718815023,0.8161110846956486,-0.5776175972443838,25
quality_matched,gabor_coarse_energy_share,acquisition,Batch_2,epqdaau9,0.8124829088248634,0.8022946666432089,-0.5776175972443838,25
quality_matched,gabor_coarse_energy_share,acquisition,Batch_2,i9jiqjwl,0.820801293100991,0.826173262170734,-0.5776175972443838,25
quality_matched,gabor_coarse_energy_share,acquisition,Batch_2,r17byphk,0.8450844572769247,0.8157087010509866,-0.5776175972443838,25
quality_matched,gabor_coarse_energy_share,acquisition,Batch_2,rxax5ozo,0.844121274722776,0.8232344111615256,-0.5776175972443838,25
quality_matched,gabor_coarse_energy_share,acquisition,Batch_3,0grcilhi,0.8241900568207299,0.8117566589325489,-0.5776175972443838,25
quality_matched,gabor_coarse_energy_share,acquisition,Batch_3,9luzk4jm,0.8316757910017482,0.8026383198083085,-0.5776175972443838,25
quality_matched,gabor_coarse_energy_share,acquisition,Batch_3,cfe5vt7s,0.8407264925803855,0.8130789560152275,-0.5776175972443838,25
quality_matched,gabor_coarse_energy_share,acquisition,Batch_3,hawkfj64,0.8315050747748928,0.8304231128730581,-0.5776175972443838,25
quality_matched,gabor_coarse_energy_share,acquisition,Batch_3,hzumfsms,0.8225260570622686,0.8239013836734647,-0.5776175972443838,25
quality_matched,gabor_coarse_energy_share,acquisition,Batch_3,mgxahqnk,0.8324755463032195,0.8149594007338312,-0.5776175972443838,25
quality_matched,gabor_coarse_energy_share,acquisition,Batch_3,pl8uabbv,0.8113139901934142,0.8257020806596744,-0.5776175972443838,25
quality_matched,gabor_coarse_energy_share,acquisition,Batch_3,ptg8lmto,0.8224943721085132,0.8043726724013258,-0.5776175972443838,25
quality_matched,gabor_coarse_energy_share,acquisition,Batch_3,ufdvpb81,0.8344079214120141,0.8346978602875393,-0.5776175972443838,25
quality_matched,gabor_coarse_energy_share,acquisition,Batch_3,utfgcjfa,0.8116256965109474,0.8250077258952558,-0.5776175972443838,25
quality_matched,gabor_coarse_energy_share,acquisition,Batch_3,vc2whyaq,0.8439741444909512,0.820148275967586,-0.5776175972443838,25
quality_matched,gabor_coarse_energy_share,acquisition,Batch_3,x77cy643,0.79506235169173,0.8242964419623969,-0.5776175972443838,25
quality_matched,gabor_coarse_energy_share,acquisition,Batch_3,xgj4xftb,0.7759571351174955,0.840879316751517,-0.5776175972443838,25
quality_matched,gabor_coarse_energy_share,fft_geometry_tensor,Batch_1,f1vzngrs,0.8314891150012327,0.7998011584011087,-0.5852438946670331,25
quality_matched,gabor_coarse_energy_share,fft_geometry_tensor,Batch_1,ffwubibz,0.8103546903376422,0.8241516155636783,-0.5852438946670331,25
quality_matched,gabor_coarse_energy_share,fft_geometry_tensor,Batch_1,fzrt2k6r,0.7984659513016179,0.8232967882458585,-0.5852438946670331,25
quality_matched,gabor_coarse_energy_share,fft_geometry_tensor,Batch_1,iv6g2oq0,0.8039228071040977,0.8223204057126404,-0.5852438946670331,25
quality_matched,gabor_coarse_energy_share,fft_geometry_tensor,Batch_1,uhdslk0o,0.813935017172547,0.7941216953621714,-0.5852438946670331,25
quality_matched,gabor_coarse_energy_share,fft_geometry_tensor,Batch_2,3806gxp0,0.8046551074408582,0.8229847027611847,-0.5852438946670331,25
quality_matched,gabor_coarse_energy_share,fft_geometry_tensor,Batch_2,avn74qx1,0.8335790326425748,0.8411801220293047,-0.5852438946670331,25
quality_matched,gabor_coarse_energy_share,fft_geometry_tensor,Batch_2,b3esycq1,0.7932821718815023,0.8238680737889197,-0.5852438946670331,25
quality_matched,gabor_coarse_energy_share,fft_geometry_tensor,Batch_2,epqdaau9,0.8124829088248634,0.8245378087480925,-0.5852438946670331,25
quality_matched,gabor_coarse_energy_share,fft_geometry_tensor,Batch_2,i9jiqjwl,0.820801293100991,0.8096637431906336,-0.5852438946670331,25
quality_matched,gabor_coarse_energy_share,fft_geometry_tensor,Batch_2,r17byphk,0.8450844572769247,0.8218256053143268,-0.5852438946670331,25
quality_matched,gabor_coarse_energy_share,fft_geometry_tensor,Batch_2,rxax5ozo,0.844121274722776,0.8129060502499462,-0.5852438946670331,25
quality_matched,gabor_coarse_energy_share,fft_geometry_tensor,Batch_3,0grcilhi,0.8241900568207299,0.7993032412820614,-0.5852438946670331,25
quality_matched,gabor_coarse_energy_share,fft_geometry_tensor,Batch_3,9luzk4jm,0.8316757910017482,0.8308676459787451,-0.5852438946670331,25
quality_matched,gabor_coarse_energy_share,fft_geometry_tensor,Batch_3,cfe5vt7s,0.8407264925803855,0.8143506376797891,-0.5852438946670331,25
quality_matched,gabor_coarse_energy_share,fft_geometry_tensor,Batch_3,hawkfj64,0.8315050747748928,0.8474934270010114,-0.5852438946670331,25
quality_matched,gabor_coarse_energy_share,fft_geometry_tensor,Batch_3,hzumfsms,0.8225260570622686,0.8137807534701063,-0.5852438946670331,25
quality_matched,gabor_coarse_energy_share,fft_geometry_tensor,Batch_3,mgxahqnk,0.8324755463032195,0.7997239471669606,-0.5852438946670331,25
quality_matched,gabor_coarse_energy_share,fft_geometry_tensor,Batch_3,pl8uabbv,0.8113139901934142,0.8001802156439272,-0.5852438946670331,25
quality_matched,gabor_coarse_energy_share,fft_geometry_tensor,Batch_3,ptg8lmto,0.8224943721085132,0.8150757224328942,-0.5852438946670331,25
quality_matched,gabor_coarse_energy_share,fft_geometry_tensor,Batch_3,ufdvpb81,0.8344079214120141,0.8147682165143539,-0.5852438946670331,25
quality_matched,gabor_coarse_energy_share,fft_geometry_tensor,Batch_3,utfgcjfa,0.8116256965109474,0.823276365041162,-0.5852438946670331,25
quality_matched,gabor_coarse_energy_share,fft_geometry_tensor,Batch_3,vc2whyaq,0.8439741444909512,0.8351222516436587,-0.5852438946670331,25
quality_matched,gabor_coarse_energy_share,fft_geometry_tensor,Batch_3,x77cy643,0.79506235169173,0.829111321189854,-0.5852438946670331,25
quality_matched,gabor_coarse_energy_share,fft_geometry_tensor,Batch_3,xgj4xftb,0.7759571351174955,0.8204537094895814,-0.5852438946670331,25
all_known,gabor_axial_strength,acquisition,Batch_1,4ih2ggld,0.2029974535773029,0.1761949521570712,-0.3795663983974964,31
all_known,gabor_axial_strength,acquisition,Batch_1,5n1q8atc,0.07183748085085048,0.16539794868681346,-0.3795663983974964,31
all_known,gabor_axial_strength,acquisition,Batch_1,f1vzngrs,0.26409476873655735,0.20681461583125355,-0.3795663983974964,31
all_known,gabor_axial_strength,acquisition,Batch_1,ffwubibz,0.15617965258386982,0.21031077725164923,-0.3795663983974964,31
all_known,gabor_axial_strength,acquisition,Batch_1,fzrt2k6r,0.19806170937645207,0.17594878252974017,-0.3795663983974964,31
all_known,gabor_axial_strength,acquisition,Batch_1,iv6g2oq0,0.2238504596137897,0.20337823980054687,-0.3795663983974964,31
all_known,gabor_axial_strength,acquisition,Batch_1,uhdslk0o,0.17246814103048075,0.20480338664567374,-0.3795663983974964,31
all_known,gabor_axial_strength,acquisition,Batch_2,3806gxp0,0.1899654293562822,0.20498165659540504,-0.3795663983974964,31
all_known,gabor_axial_strength,acquisition,Batch_2,avn74qx1,0.16034538969885526,0.22349110089310653,-0.3795663983974964,31
all_known,gabor_axial_strength,acquisition,Batch_2,b3esycq1,0.1508862238131557,0.17689713736904175,-0.3795663983974964,31
all_known,gabor_axial_strength,acquisition,Batch_2,epqdaau9,0.18936039012684017,0.20681662311227245,-0.3795663983974964,31
all_known,gabor_axial_strength,acquisition,Batch_2,i9jiqjwl,0.03765800560888624,0.25009781727754493,-0.3795663983974964,31
all_known,gabor_axial_strength,acquisition,Batch_2,r17byphk,0.3061066540125684,0.16381046069820487,-0.3795663983974964,31
all_known,gabor_axial_strength,acquisition,Batch_2,rxax5ozo,0.12090548731189257,0.24100755179786276,-0.3795663983974964,31
all_known,gabor_axial_strength,acquisition,Batch_3,0grcilhi,0.07670032826036755,0.24358405547473713,-0.3795663983974964,31
all_known,gabor_axial_strength,acquisition,Batch_3,71vgq3fw,0.2809934982247136,0.12075882960268661,-0.3795663983974964,31
all_known,gabor_axial_strength,acquisition,Batch_3,9luzk4jm,0.20542502259831788,0.18200978901868486,-0.3795663983974964,31
all_known,gabor_axial_strength,acquisition,Batch_3,cfe5vt7s,0.17452832947929037,0.19104581463322198,-0.3795663983974964,31
all_known,gabor_axial_strength,acquisition,Batch_3,hawkfj64,0.17650570555456946,0.2270392042152257,-0.3795663983974964,31
all_known,gabor_axial_strength,acquisition,Batch_3,hzumfsms,0.1830994572682993,0.18818273571835983,-0.3795663983974964,31
all_known,gabor_axial_strength,acquisition,Batch_3,kbdh4tri,0.06265667645025697,0.18478159834246174,-0.3795663983974964,31
all_known,gabor_axial_strength,acquisition,Batch_3,mgxahqnk,0.3407831681586222,0.18799007856886257,-0.3795663983974964,31
all_known,gabor_axial_strength,acquisition,Batch_3,pl8uabbv,0.3073002237245389,0.18106714304852628,-0.3795663983974964,31
all_known,gabor_axial_strength,acquisition,Batch_3,ptg8lmto,0.2945603356774069,0.20858244307200685,-0.3795663983974964,31
all_known,gabor_axial_strength,acquisition,Batch_3,tuy3zymq,0.19549255850009103,0.14275340415028345,-0.3795663983974964,31
all_known,gabor_axial_strength,acquisition,Batch_3,ufdvpb81,0.2206304913813263,0.16580856358899343,-0.3795663983974964,31
all_known,gabor_axial_strength,acquisition,Batch_3,utfgcjfa,0.17049500666574469,0.21929181296719846,-0.3795663983974964,31
all_known,gabor_axial_strength,acquisition,Batch_3,vc2whyaq,0.32701378665115327,0.19556226246554295,-0.3795663983974964,31
all_known,gabor_axial_strength,acquisition,Batch_3,x77cy643,0.31364797040511866,0.2027760958826032,-0.3795663983974964,31
all_known,gabor_axial_strength,acquisition,Batch_3,x7u69zsw,0.0703933929601157,0.17305521623674885,-0.3795663983974964,31
all_known,gabor_axial_strength,acquisition,Batch_3,xgj4xftb,0.140859797187599,0.24696182401660272,-0.3795663983974964,31
all_known,gabor_axial_strength,fft_geometry_tensor,Batch_1,4ih2ggld,0.2029974535773029,0.07458395339558534,-0.8240666131342067,31
all_known,gabor_axial_strength,fft_geometry_tensor,Batch_1,5n1q8atc,0.07183748085085048,0.2845533858753456,-0.8240666131342067,31
all_known,gabor_axial_strength,fft_geometry_tensor,Batch_1,f1vzngrs,0.26409476873655735,0.18204084165605164,-0.8240666131342067,31
all_known,gabor_axial_strength,fft_geometry_tensor,Batch_1,ffwubibz,0.15617965258386982,0.2187074237531782,-0.8240666131342067,31
all_known,gabor_axial_strength,fft_geometry_tensor,Batch_1,fzrt2k6r,0.19806170937645207,0.2048425105106486,-0.8240666131342067,31
all_known,gabor_axial_strength,fft_geometry_tensor,Batch_1,iv6g2oq0,0.2238504596137897,0.2582369717003516,-0.8240666131342067,31
all_known,gabor_axial_strength,fft_geometry_tensor,Batch_1,uhdslk0o,0.17246814103048075,0.16487339489637073,-0.8240666131342067,31
all_known,gabor_axial_strength,fft_geometry_tensor,Batch_2,3806gxp0,0.1899654293562822,0.14222707259233158,-0.8240666131342067,31
all_known,gabor_axial_strength,fft_geometry_tensor,Batch_2,avn74qx1,0.16034538969885526,0.1785515249758698,-0.8240666131342067,31
all_known,gabor_axial_strength,fft_geometry_tensor,Batch_2,b3esycq1,0.1508862238131557,0.16697877537610978,-0.8240666131342067,31
all_known,gabor_axial_strength,fft_geometry_tensor,Batch_2,epqdaau9,0.18936039012684017,0.1354616541131667,-0.8240666131342067,31
all_known,gabor_axial_strength,fft_geometry_tensor,Batch_2,i9jiqjwl,0.03765800560888624,0.1340943636233799,-0.8240666131342067,31
all_known,gabor_axial_strength,fft_geometry_tensor,Batch_2,r17byphk,0.3061066540125684,0.19056221345108773,-0.8240666131342067,31
all_known,gabor_axial_strength,fft_geometry_tensor,Batch_2,rxax5ozo,0.12090548731189257,0.19800930103159559,-0.8240666131342067,31
all_known,gabor_axial_strength,fft_geometry_tensor,Batch_3,0grcilhi,0.07670032826036755,0.29797733581718877,-0.8240666131342067,31
all_known,gabor_axial_strength,fft_geometry_tensor,Batch_3,71vgq3fw,0.2809934982247136,0.1714657507866063,-0.8240666131342067,31
all_known,gabor_axial_strength,fft_geometry_tensor,Batch_3,9luzk4jm,0.20542502259831788,0.23051552242188417,-0.8240666131342067,31
all_known,gabor_axial_strength,fft_geometry_tensor,Batch_3,cfe5vt7s,0.17452832947929037,0.26980881658403677,-0.8240666131342067,31
all_known,gabor_axial_strength,fft_geometry_tensor,Batch_3,hawkfj64,0.17650570555456946,0.2422100933560572,-0.8240666131342067,31
all_known,gabor_axial_strength,fft_geometry_tensor,Batch_3,hzumfsms,0.1830994572682993,0.25520767652942306,-0.8240666131342067,31
all_known,gabor_axial_strength,fft_geometry_tensor,Batch_3,kbdh4tri,0.06265667645025697,0.25389526105613175,-0.8240666131342067,31
all_known,gabor_axial_strength,fft_geometry_tensor,Batch_3,mgxahqnk,0.3407831681586222,0.15208173551891713,-0.8240666131342067,31
all_known,gabor_axial_strength,fft_geometry_tensor,Batch_3,pl8uabbv,0.3073002237245389,0.13493227227572374,-0.8240666131342067,31
all_known,gabor_axial_strength,fft_geometry_tensor,Batch_3,ptg8lmto,0.2945603356774069,0.18703262109737623,-0.8240666131342067,31
all_known,gabor_axial_strength,fft_geometry_tensor,Batch_3,tuy3zymq,0.19549255850009103,0.15405691049384201,-0.8240666131342067,31
all_known,gabor_axial_strength,fft_geometry_tensor,Batch_3,ufdvpb81,0.2206304913813263,0.14786419524985442,-0.8240666131342067,31
all_known,gabor_axial_strength,fft_geometry_tensor,Batch_3,utfgcjfa,0.17049500666574469,0.24942025321694755,-0.8240666131342067,31
all_known,gabor_axial_strength,fft_geometry_tensor,Batch_3,vc2whyaq,0.32701378665115327,0.23432966409143308,-0.8240666131342067,31
all_known,gabor_axial_strength,fft_geometry_tensor,Batch_3,x77cy643,0.31364797040511866,0.20793400508209334,-0.8240666131342067,31
all_known,gabor_axial_strength,fft_geometry_tensor,Batch_3,x7u69zsw,0.0703933929601157,0.2553715710902218,-0.8240666131342067,31
all_known,gabor_axial_strength,fft_geometry_tensor,Batch_3,xgj4xftb,0.140859797187599,0.18801678694986712,-0.8240666131342067,31
quality_matched,gabor_axial_strength,acquisition,Batch_1,f1vzngrs,0.26409476873655735,0.1976183089391731,-0.7788072923131979,25
quality_matched,gabor_axial_strength,acquisition,Batch_1,ffwubibz,0.15617965258386982,0.20992892739695249,-0.7788072923131979,25
quality_matched,gabor_axial_strength,acquisition,Batch_1,fzrt2k6r,0.19806170937645207,0.19545243682083163,-0.7788072923131979,25
quality_matched,gabor_axial_strength,acquisition,Batch_1,iv6g2oq0,0.2238504596137897,0.20087576261994955,-0.7788072923131979,25
quality_matched,gabor_axial_strength,acquisition,Batch_1,uhdslk0o,0.17246814103048075,0.21762348709131454,-0.7788072923131979,25
quality_matched,gabor_axial_strength,acquisition,Batch_2,3806gxp0,0.1899654293562822,0.20000225083038187,-0.7788072923131979,25
quality_matched,gabor_axial_strength,acquisition,Batch_2,avn74qx1,0.16034538969885526,0.21292496965784463,-0.7788072923131979,25
quality_matched,gabor_axial_strength,acquisition,Batch_2,b3esycq1,0.1508862238131557,0.2072227100370185,-0.7788072923131979,25
quality_matched,gabor_axial_strength,acquisition,Batch_2,epqdaau9,0.18936039012684017,0.2262158627148498,-0.7788072923131979,25
quality_matched,gabor_axial_strength,acquisition,Batch_2,i9jiqjwl,0.03765800560888624,0.2453363166725362,-0.7788072923131979,25
quality_matched,gabor_axial_strength,acquisition,Batch_2,r17byphk,0.3061066540125684,0.16587925411884605,-0.7788072923131979,25
quality_matched,gabor_axial_strength,acquisition,Batch_2,rxax5ozo,0.12090548731189257,0.22678644437469117,-0.7788072923131979,25
quality_matched,gabor_axial_strength,acquisition,Batch_3,0grcilhi,0.07670032826036755,0.2551811790991075,-0.7788072923131979,25
quality_matched,gabor_axial_strength,acquisition,Batch_3,9luzk4jm,0.20542502259831788,0.20922219034741743,-0.7788072923131979,25
quality_matched,gabor_axial_strength,acquisition,Batch_3,cfe5vt7s,0.17452832947929037,0.20154097155539655,-0.7788072923131979,25
quality_matched,gabor_axial_strength,acquisition,Batch_3,hawkfj64,0.17650570555456946,0.21009841818992678,-0.7788072923131979,25
quality_matched,gabor_axial_strength,acquisition,Batch_3,hzumfsms,0.1830994572682993,0.2015368336196291,-0.7788072923131979,25
quality_matched,gabor_axial_strength,acquisition,Batch_3,mgxahqnk,0.3407831681586222,0.18589894080146482,-0.7788072923131979,25
quality_matched,gabor_axial_strength,acquisition,Batch_3,pl8uabbv,0.3073002237245389,0.16710750105208833,-0.7788072923131979,25
quality_matched,gabor_axial_strength,acquisition,Batch_3,ptg8lmto,0.2945603356774069,0.17284354407640262,-0.7788072923131979,25
quality_matched,gabor_axial_strength,acquisition,Batch_3,ufdvpb81,0.2206304913813263,0.17509262416262975,-0.7788072923131979,25
quality_matched,gabor_axial_strength,acquisition,Batch_3,utfgcjfa,0.17049500666574469,0.20762377014592637,-0.7788072923131979,25
quality_matched,gabor_axial_strength,acquisition,Batch_3,vc2whyaq,0.32701378665115327,0.19170145303494163,-0.7788072923131979,25
quality_matched,gabor_axial_strength,acquisition,Batch_3,x77cy643,0.31364797040511866,0.1885433284377575,-0.7788072923131979,25
quality_matched,gabor_axial_strength,acquisition,Batch_3,xgj4xftb,0.140859797187599,0.3363543670509083,-0.7788072923131979,25
quality_matched,gabor_axial_strength,fft_geometry_tensor,Batch_1,f1vzngrs,0.26409476873655735,0.2412153334675369,-0.4531822017245537,25
quality_matched,gabor_axial_strength,fft_geometry_tensor,Batch_1,ffwubibz,0.15617965258386982,0.266792814294535,-0.4531822017245537,25
quality_matched,gabor_axial_strength,fft_geometry_tensor,Batch_1,fzrt2k6r,0.19806170937645207,0.19671711954980525,-0.4531822017245537,25
quality_matched,gabor_axial_strength,fft_geometry_tensor,Batch_1,iv6g2oq0,0.2238504596137897,0.24397190734741236,-0.4531822017245537,25
quality_matched,gabor_axial_strength,fft_geometry_tensor,Batch_1,uhdslk0o,0.17246814103048075,0.11369807056208467,-0.4531822017245537,25
quality_matched,gabor_axial_strength,fft_geometry_tensor,Batch_2,3806gxp0,0.1899654293562822,0.16619322126923958,-0.4531822017245537,25
quality_matched,gabor_axial_strength,fft_geometry_tensor,Batch_2,avn74qx1,0.16034538969885526,0.17834946427086526,-0.4531822017245537,25
quality_matched,gabor_axial_strength,fft_geometry_tensor,Batch_2,b3esycq1,0.1508862238131557,0.28536683393565426,-0.4531822017245537,25
quality_matched,gabor_axial_strength,fft_geometry_tensor,Batch_2,epqdaau9,0.18936039012684017,0.11088467872432484,-0.4531822017245537,25
quality_matched,gabor_axial_strength,fft_geometry_tensor,Batch_2,i9jiqjwl,0.03765800560888624,0.16561793859415289,-0.4531822017245537,25
quality_matched,gabor_axial_strength,fft_geometry_tensor,Batch_2,r17byphk,0.3061066540125684,0.1679695514759505,-0.4531822017245537,25
quality_matched,gabor_axial_strength,fft_geometry_tensor,Batch_2,rxax5ozo,0.12090548731189257,0.179959809350552,-0.4531822017245537,25
quality_matched,gabor_axial_strength,fft_geometry_tensor,Batch_3,0grcilhi,0.07670032826036755,0.21413348234560386,-0.4531822017245537,25
quality_matched,gabor_axial_strength,fft_geometry_tensor,Batch_3,9luzk4jm,0.20542502259831788,0.20169183928774892,-0.4531822017245537,25
quality_matched,gabor_axial_strength,fft_geometry_tensor,Batch_3,cfe5vt7s,0.17452832947929037,0.3062132414527058,-0.4531822017245537,25
quality_matched,gabor_axial_strength,fft_geometry_tensor,Batch_3,hawkfj64,0.17650570555456946,0.2420817486992996,-0.4531822017245537,25
quality_matched,gabor_axial_strength,fft_geometry_tensor,Batch_3,hzumfsms,0.1830994572682993,0.25434976863171227,-0.4531822017245537,25
quality_matched,gabor_axial_strength,fft_geometry_tensor,Batch_3,mgxahqnk,0.3407831681586222,0.19434383715642725,-0.4531822017245537,25
quality_matched,gabor_axial_strength,fft_geometry_tensor,Batch_3,pl8uabbv,0.3073002237245389,0.13914440015289797,-0.4531822017245537,25
quality_matched,gabor_axial_strength,fft_geometry_tensor,Batch_3,ptg8lmto,0.2945603356774069,0.2679460111839021,-0.4531822017245537,25
quality_matched,gabor_axial_strength,fft_geometry_tensor,Batch_3,ufdvpb81,0.2206304913813263,0.12365236025337126,-0.4531822017245537,25
quality_matched,gabor_axial_strength,fft_geometry_tensor,Batch_3,utfgcjfa,0.17049500666574469,0.2300458215031831,-0.4531822017245537,25
quality_matched,gabor_axial_strength,fft_geometry_tensor,Batch_3,vc2whyaq,0.32701378665115327,0.1954137486773503,-0.4531822017245537,25
quality_matched,gabor_axial_strength,fft_geometry_tensor,Batch_3,x77cy643,0.31364797040511866,0.25642548161748996,-0.4531822017245537,25
quality_matched,gabor_axial_strength,fft_geometry_tensor,Batch_3,xgj4xftb,0.140859797187599,0.18160731258353133,-0.4531822017245537,25
all_known,gabor_horizontal_wavevector_balance,acquisition,Batch_1,4ih2ggld,-0.19803765404994828,-0.14992737617879417,-0.29729516673484135,31
all_known,gabor_horizontal_wavevector_balance,acquisition,Batch_1,5n1q8atc,0.07086481221383069,-0.12394817703363967,-0.29729516673484135,31
all_known,gabor_horizontal_wavevector_balance,acquisition,Batch_1,f1vzngrs,-0.2214171764152073,-0.1983168078874029,-0.29729516673484135,31
all_known,gabor_horizontal_wavevector_balance,acquisition,Batch_1,ffwubibz,-0.15324567480400667,-0.17829092807995778,-0.29729516673484135,31
all_known,gabor_horizontal_wavevector_balance,acquisition,Batch_1,fzrt2k6r,-0.18854587789887534,-0.12878855635092126,-0.29729516673484135,31
all_known,gabor_horizontal_wavevector_balance,acquisition,Batch_1,iv6g2oq0,-0.15445727189537728,-0.16628521577939784,-0.29729516673484135,31
all_known,gabor_horizontal_wavevector_balance,acquisition,Batch_1,uhdslk0o,-0.10931844763251512,-0.16111774666478426,-0.29729516673484135,31
all_known,gabor_horizontal_wavevector_balance,acquisition,Batch_2,3806gxp0,-0.18465127938122608,-0.1812940234590012,-0.29729516673484135,31
all_known,gabor_horizontal_wavevector_balance,acquisition,Batch_2,avn74qx1,-0.15613295052409656,-0.2038371155996125,-0.29729516673484135,31
all_known,gabor_horizontal_wavevector_balance,acquisition,Batch_2,b3esycq1,-0.14887945188073437,-0.12469703731981374,-0.29729516673484135,31
all_known,gabor_horizontal_wavevector_balance,acquisition,Batch_2,epqdaau9,-0.18925390846462764,-0.1680426638349487,-0.29729516673484135,31
all_known,gabor_horizontal_wavevector_balance,acquisition,Batch_2,i9jiqjwl,0.007775752220105377,-0.23701426544282955,-0.29729516673484135,31
all_known,gabor_horizontal_wavevector_balance,acquisition,Batch_2,r17byphk,-0.2957181271790012,-0.12806840824669735,-0.29729516673484135,31
all_known,gabor_horizontal_wavevector_balance,acquisition,Batch_2,rxax5ozo,-0.10239587476302248,-0.238460076201444,-0.29729516673484135,31
all_known,gabor_horizontal_wavevector_balance,acquisition,Batch_3,0grcilhi,-0.05005343050479712,-0.2243652774819963,-0.29729516673484135,31
all_known,gabor_horizontal_wavevector_balance,acquisition,Batch_3,71vgq3fw,-0.20169323377137124,-0.10406830076010265,-0.29729516673484135,31
all_known,gabor_horizontal_wavevector_balance,acquisition,Batch_3,9luzk4jm,-0.1867658967668895,-0.13299045852586458,-0.29729516673484135,31
all_known,gabor_horizontal_wavevector_balance,acquisition,Batch_3,cfe5vt7s,-0.10619533111729992,-0.15935463571746133,-0.29729516673484135,31
all_known,gabor_horizontal_wavevector_balance,acquisition,Batch_3,hawkfj64,-0.16408452466692472,-0.22054196096725884,-0.29729516673484135,31
all_known,gabor_horizontal_wavevector_balance,acquisition,Batch_3,hzumfsms,-0.1337683412495873,-0.14851659929805422,-0.29729516673484135,31
all_known,gabor_horizontal_wavevector_balance,acquisition,Batch_3,kbdh4tri,-0.06186299168565661,-0.1465905153388809,-0.29729516673484135,31
all_known,gabor_horizontal_wavevector_balance,acquisition,Batch_3,mgxahqnk,-0.3389100971048034,-0.1648184512494753,-0.29729516673484135,31
all_known,gabor_horizontal_wavevector_balance,acquisition,Batch_3,pl8uabbv,-0.30703216710996784,-0.15656030628574716,-0.29729516673484135,31
all_known,gabor_horizontal_wavevector_balance,acquisition,Batch_3,ptg8lmto,-0.29192328015523383,-0.17266190173601398,-0.29729516673484135,31
all_known,gabor_horizontal_wavevector_balance,acquisition,Batch_3,tuy3zymq,-0.18504661869890499,-0.11088354265944787,-0.29729516673484135,31
all_known,gabor_horizontal_wavevector_balance,acquisition,Batch_3,ufdvpb81,-0.18876454311659988,-0.11808609906880652,-0.29729516673484135,31
all_known,gabor_horizontal_wavevector_balance,acquisition,Batch_3,utfgcjfa,-0.13453199318788026,-0.21289076986330285,-0.29729516673484135,31
all_known,gabor_horizontal_wavevector_balance,acquisition,Batch_3,vc2whyaq,-0.31244941778062657,-0.17710319207097489,-0.29729516673484135,31
all_known,gabor_horizontal_wavevector_balance,acquisition,Batch_3,x77cy643,-0.25461540689858864,-0.19667409916408504,-0.29729516673484135,31
all_known,gabor_horizontal_wavevector_balance,acquisition,Batch_3,x7u69zsw,-0.02660059431986484,-0.13710891846819245,-0.29729516673484135,31
all_known,gabor_horizontal_wavevector_balance,acquisition,Batch_3,xgj4xftb,-0.11338444466729528,-0.2298423655053346,-0.29729516673484135,31
all_known,gabor_horizontal_wavevector_balance,fft_geometry_tensor,Batch_1,4ih2ggld,-0.19803765404994828,0.001594322853877339,-1.0158267847845504,31
all_known,gabor_horizontal_wavevector_balance,fft_geometry_tensor,Batch_1,5n1q8atc,0.07086481221383069,-0.2524257655977765,-1.0158267847845504,31
all_known,gabor_horizontal_wavevector_balance,fft_geometry_tensor,Batch_1,f1vzngrs,-0.2214171764152073,-0.13835820858891185,-1.0158267847845504,31
all_known,gabor_horizontal_wavevector_balance,fft_geometry_tensor,Batch_1,ffwubibz,-0.15324567480400667,-0.22716487650555287,-1.0158267847845504,31
all_known,gabor_horizontal_wavevector_balance,fft_geometry_tensor,Batch_1,fzrt2k6r,-0.18854587789887534,-0.18117845765815596,-1.0158267847845504,31
all_known,gabor_horizontal_wavevector_balance,fft_geometry_tensor,Batch_1,iv6g2oq0,-0.15445727189537728,-0.22736689547114333,-1.0158267847845504,31
all_known,gabor_horizontal_wavevector_balance,fft_geometry_tensor,Batch_1,uhdslk0o,-0.10931844763251512,-0.1414964910890031,-1.0158267847845504,31
all_known,gabor_horizontal_wavevector_balance,fft_geometry_tensor,Batch_2,3806gxp0,-0.18465127938122608,-0.11143617053366263,-1.0158267847845504,31
all_known,gabor_horizontal_wavevector_balance,fft_geometry_tensor,Batch_2,avn74qx1,-0.15613295052409656,-0.1750757956401656,-1.0158267847845504,31
all_known,gabor_horizontal_wavevector_balance,fft_geometry_tensor,Batch_2,b3esycq1,-0.14887945188073437,-0.16918814047841885,-1.0158267847845504,31
all_known,gabor_horizontal_wavevector_balance,fft_geometry_tensor,Batch_2,epqdaau9,-0.18925390846462764,-0.12099769547388395,-1.0158267847845504,31
all_known,gabor_horizontal_wavevector_balance,fft_geometry_tensor,Batch_2,i9jiqjwl,0.007775752220105377,-0.12288755660976977,-1.0158267847845504,31
all_known,gabor_horizontal_wavevector_balance,fft_geometry_tensor,Batch_2,r17byphk,-0.2957181271790012,-0.19395115831563647,-1.0158267847845504,31
all_known,gabor_horizontal_wavevector_balance,fft_geometry_tensor,Batch_2,rxax5ozo,-0.10239587476302248,-0.16481658186934095,-1.0158267847845504,31
all_known,gabor_horizontal_wavevector_balance,fft_geometry_tensor,Batch_3,0grcilhi,-0.05005343050479712,-0.3195639009451555,-1.0158267847845504,31
all_known,gabor_horizontal_wavevector_balance,fft_geometry_tensor,Batch_3,71vgq3fw,-0.20169323377137124,-0.14173252590214824,-1.0158267847845504,31
all_known,gabor_horizontal_wavevector_balance,fft_geometry_tensor,Batch_3,9luzk4jm,-0.1867658967668895,-0.2084846634120962,-1.0158267847845504,31
all_known,gabor_horizontal_wavevector_balance,fft_geometry_tensor,Batch_3,cfe5vt7s,-0.10619533111729992,-0.22733858826680053,-1.0158267847845504,31
all_known,gabor_horizontal_wavevector_balance,fft_geometry_tensor,Batch_3,hawkfj64,-0.16408452466692472,-0.24022356372077414,-1.0158267847845504,31
all_known,gabor_horizontal_wavevector_balance,fft_geometry_tensor,Batch_3,hzumfsms,-0.1337683412495873,-0.23776111750976958,-1.0158267847845504,31
all_known,gabor_horizontal_wavevector_balance,fft_geometry_tensor,Batch_3,kbdh4tri,-0.06186299168565661,-0.2276518790592702,-1.0158267847845504,31
all_known,gabor_horizontal_wavevector_balance,fft_geometry_tensor,Batch_3,mgxahqnk,-0.3389100971048034,-0.09736261972404091,-1.0158267847845504,31
all_known,gabor_horizontal_wavevector_balance,fft_geometry_tensor,Batch_3,pl8uabbv,-0.30703216710996784,-0.10034675117114569,-1.0158267847845504,31
all_known,gabor_horizontal_wavevector_balance,fft_geometry_tensor,Batch_3,ptg8lmto,-0.29192328015523383,-0.15140655158367358,-1.0158267847845504,31
all_known,gabor_horizontal_wavevector_balance,fft_geometry_tensor,Batch_3,tuy3zymq,-0.18504661869890499,-0.13378773470887867,-1.0158267847845504,31
all_known,gabor_horizontal_wavevector_balance,fft_geometry_tensor,Batch_3,ufdvpb81,-0.18876454311659988,-0.10452645066592539,-1.0158267847845504,31
all_known,gabor_horizontal_wavevector_balance,fft_geometry_tensor,Batch_3,utfgcjfa,-0.13453199318788026,-0.17824273977478391,-1.0158267847845504,31
all_known,gabor_horizontal_wavevector_balance,fft_geometry_tensor,Batch_3,vc2whyaq,-0.31244941778062657,-0.20120034880325294,-1.0158267847845504,31
all_known,gabor_horizontal_wavevector_balance,fft_geometry_tensor,Batch_3,x77cy643,-0.25461540689858864,-0.15527175633889448,-1.0158267847845504,31
all_known,gabor_horizontal_wavevector_balance,fft_geometry_tensor,Batch_3,x7u69zsw,-0.02660059431986484,-0.22768556644753327,-1.0158267847845504,31
all_known,gabor_horizontal_wavevector_balance,fft_geometry_tensor,Batch_3,xgj4xftb,-0.11338444466729528,-0.13530335306951496,-1.0158267847845504,31
quality_matched,gabor_horizontal_wavevector_balance,acquisition,Batch_1,f1vzngrs,-0.2214171764152073,-0.18580506327223587,-0.8213025747326368,25
quality_matched,gabor_horizontal_wavevector_balance,acquisition,Batch_1,ffwubibz,-0.15324567480400667,-0.1832931064300042,-0.8213025747326368,25
quality_matched,gabor_horizontal_wavevector_balance,acquisition,Batch_1,fzrt2k6r,-0.18854587789887534,-0.16626784319508445,-0.8213025747326368,25
quality_matched,gabor_horizontal_wavevector_balance,acquisition,Batch_1,iv6g2oq0,-0.15445727189537728,-0.17016494987237205,-0.8213025747326368,25
quality_matched,gabor_horizontal_wavevector_balance,acquisition,Batch_1,uhdslk0o,-0.10931844763251512,-0.18662943008845867,-0.8213025747326368,25
quality_matched,gabor_horizontal_wavevector_balance,acquisition,Batch_2,3806gxp0,-0.18465127938122608,-0.17054136198620198,-0.8213025747326368,25
quality_matched,gabor_horizontal_wavevector_balance,acquisition,Batch_2,avn74qx1,-0.15613295052409656,-0.18808780147215404,-0.8213025747326368,25
quality_matched,gabor_horizontal_wavevector_balance,acquisition,Batch_2,b3esycq1,-0.14887945188073437,-0.16858012491633162,-0.8213025747326368,25
quality_matched,gabor_horizontal_wavevector_balance,acquisition,Batch_2,epqdaau9,-0.18925390846462764,-0.18775375682497308,-0.8213025747326368,25
quality_matched,gabor_horizontal_wavevector_balance,acquisition,Batch_2,i9jiqjwl,0.007775752220105377,-0.22704747892544785,-0.8213025747326368,25
quality_matched,gabor_horizontal_wavevector_balance,acquisition,Batch_2,r17byphk,-0.2957181271790012,-0.13829741202441065,-0.8213025747326368,25
quality_matched,gabor_horizontal_wavevector_balance,acquisition,Batch_2,rxax5ozo,-0.10239587476302248,-0.20493606419964322,-0.8213025747326368,25
quality_matched,gabor_horizontal_wavevector_balance,acquisition,Batch_3,0grcilhi,-0.05005343050479712,-0.2354907619024963,-0.8213025747326368,25
quality_matched,gabor_horizontal_wavevector_balance,acquisition,Batch_3,9luzk4jm,-0.1867658967668895,-0.1839817278519597,-0.8213025747326368,25
quality_matched,gabor_horizontal_wavevector_balance,acquisition,Batch_3,cfe5vt7s,-0.10619533111729992,-0.1787939564596589,-0.8213025747326368,25
quality_matched,gabor_horizontal_wavevector_balance,acquisition,Batch_3,hawkfj64,-0.16408452466692472,-0.1898423370140916,-0.8213025747326368,25
quality_matched,gabor_horizontal_wavevector_balance,acquisition,Batch_3,hzumfsms,-0.1337683412495873,-0.17982652347873576,-0.8213025747326368,25
quality_matched,gabor_horizontal_wavevector_balance,acquisition,Batch_3,mgxahqnk,-0.3389100971048034,-0.1594519182518268,-0.8213025747326368,25
quality_matched,gabor_horizontal_wavevector_balance,acquisition,Batch_3,pl8uabbv,-0.30703216710996784,-0.13237222883575778,-0.8213025747326368,25
quality_matched,gabor_horizontal_wavevector_balance,acquisition,Batch_3,ptg8lmto,-0.29192328015523383,-0.114603842830202,-0.8213025747326368,25
quality_matched,gabor_horizontal_wavevector_balance,acquisition,Batch_3,ufdvpb81,-0.18876454311659988,-0.17977057404904437,-0.8213025747326368,25
quality_matched,gabor_horizontal_wavevector_balance,acquisition,Batch_3,utfgcjfa,-0.13453199318788026,-0.18938389576762088,-0.8213025747326368,25
quality_matched,gabor_horizontal_wavevector_balance,acquisition,Batch_3,vc2whyaq,-0.31244941778062657,-0.17473671098211854,-0.8213025747326368,25
quality_matched,gabor_horizontal_wavevector_balance,acquisition,Batch_3,x77cy643,-0.25461540689858864,-0.17258807676929933,-0.8213025747326368,25
quality_matched,gabor_horizontal_wavevector_balance,acquisition,Batch_3,xgj4xftb,-0.11338444466729528,-0.33350092237992,-0.8213025747326368,25
quality_matched,gabor_horizontal_wavevector_balance,fft_geometry_tensor,Batch_1,f1vzngrs,-0.2214171764152073,-0.20960717838365056,-0.5789889575138574,25
quality_matched,gabor_horizontal_wavevector_balance,fft_geometry_tensor,Batch_1,ffwubibz,-0.15324567480400667,-0.2697475167300215,-0.5789889575138574,25
quality_matched,gabor_horizontal_wavevector_balance,fft_geometry_tensor,Batch_1,fzrt2k6r,-0.18854587789887534,-0.16668218507420748,-0.5789889575138574,25
quality_matched,gabor_horizontal_wavevector_balance,fft_geometry_tensor,Batch_1,iv6g2oq0,-0.15445727189537728,-0.2009927370065533,-0.5789889575138574,25
quality_matched,gabor_horizontal_wavevector_balance,fft_geometry_tensor,Batch_1,uhdslk0o,-0.10931844763251512,-0.06798982093818812,-0.5789889575138574,25
quality_matched,gabor_horizontal_wavevector_balance,fft_geometry_tensor,Batch_2,3806gxp0,-0.18465127938122608,-0.13459837292444102,-0.5789889575138574,25
quality_matched,gabor_horizontal_wavevector_balance,fft_geometry_tensor,Batch_2,avn74qx1,-0.15613295052409656,-0.16774442930484945,-0.5789889575138574,25
quality_matched,gabor_horizontal_wavevector_balance,fft_geometry_tensor,Batch_2,b3esycq1,-0.14887945188073437,-0.2792826961922331,-0.5789889575138574,25
quality_matched,gabor_horizontal_wavevector_balance,fft_geometry_tensor,Batch_2,epqdaau9,-0.18925390846462764,-0.10300377665380529,-0.5789889575138574,25
quality_matched,gabor_horizontal_wavevector_balance,fft_geometry_tensor,Batch_2,i9jiqjwl,0.007775752220105377,-0.16542004620713122,-0.5789889575138574,25
quality_matched,gabor_horizontal_wavevector_balance,fft_geometry_tensor,Batch_2,r17byphk,-0.2957181271790012,-0.1656157064017375,-0.5789889575138574,25
quality_matched,gabor_horizontal_wavevector_balance,fft_geometry_tensor,Batch_2,rxax5ozo,-0.10239587476302248,-0.16205987517384632,-0.5789889575138574,25
quality_matched,gabor_horizontal_wavevector_balance,fft_geometry_tensor,Batch_3,0grcilhi,-0.05005343050479712,-0.22447721154319822,-0.5789889575138574,25
quality_matched,gabor_horizontal_wavevector_balance,fft_geometry_tensor,Batch_3,9luzk4jm,-0.1867658967668895,-0.1587301163693336,-0.5789889575138574,25
quality_matched,gabor_horizontal_wavevector_balance,fft_geometry_tensor,Batch_3,cfe5vt7s,-0.10619533111729992,-0.2619669456840244,-0.5789889575138574,25
quality_matched,gabor_horizontal_wavevector_balance,fft_geometry_tensor,Batch_3,hawkfj64,-0.16408452466692472,-0.23081144280419671,-0.5789889575138574,25
quality_matched,gabor_horizontal_wavevector_balance,fft_geometry_tensor,Batch_3,hzumfsms,-0.1337683412495873,-0.228914339823188,-0.5789889575138574,25
quality_matched,gabor_horizontal_wavevector_balance,fft_geometry_tensor,Batch_3,mgxahqnk,-0.3389100971048034,-0.1964596157240465,-0.5789889575138574,25
quality_matched,gabor_horizontal_wavevector_balance,fft_geometry_tensor,Batch_3,pl8uabbv,-0.30703216710996784,-0.08294641381720556,-0.5789889575138574,25
quality_matched,gabor_horizontal_wavevector_balance,fft_geometry_tensor,Batch_3,ptg8lmto,-0.29192328015523383,-0.24538028485608426,-0.5789889575138574,25
quality_matched,gabor_horizontal_wavevector_balance,fft_geometry_tensor,Batch_3,ufdvpb81,-0.18876454311659988,-0.08730465155696826,-0.5789889575138574,25
quality_matched,gabor_horizontal_wavevector_balance,fft_geometry_tensor,Batch_3,utfgcjfa,-0.13453199318788026,-0.17580600344604716,-0.5789889575138574,25
quality_matched,gabor_horizontal_wavevector_balance,fft_geometry_tensor,Batch_3,vc2whyaq,-0.31244941778062657,-0.1656564510356099,-0.5789889575138574,25
quality_matched,gabor_horizontal_wavevector_balance,fft_geometry_tensor,Batch_3,x77cy643,-0.25461540689858864,-0.22018291257476208,-0.5789889575138574,25
quality_matched,gabor_horizontal_wavevector_balance,fft_geometry_tensor,Batch_3,xgj4xftb,-0.11338444466729528,-0.14309630202639106,-0.5789889575138574,25
