candidate,cohort,threshold,n_high,high_correct,high_wrong,coverage
original,known_oof,0.5,25,19,6,0.8064516129032258
original,known_oof,0.6,12,10,2,0.3870967741935484
original,known_oof,0.7,7,7,0,0.22580645161290322
original,known_oof,0.8,0,0,0,0.0
original,known_oof,0.9,0,0,0,0.0
calibrated,known_oof,0.5,7,6,1,0.22580645161290322
calibrated,known_oof,0.6,3,3,0,0.0967741935483871
calibrated,known_oof,0.7,3,3,0,0.0967741935483871
calibrated,known_oof,0.8,0,0,0,0.0
calibrated,known_oof,0.9,0,0,0,0.0
fixed_softening,known_oof,0.5,11,10,1,0.3548387096774194
fixed_softening,known_oof,0.6,0,0,0,0.0
fixed_softening,known_oof,0.7,0,0,0,0.0
fixed_softening,known_oof,0.8,0,0,0,0.0
fixed_softening,known_oof,0.9,0,0,0,0.0
uniform_control,known_oof,0.5,0,0,0,0.0
uniform_control,known_oof,0.6,0,0,0,0.0
uniform_control,known_oof,0.7,0,0,0,0.0
uniform_control,known_oof,0.8,0,0,0,0.0
uniform_control,known_oof,0.9,0,0,0,0.0
original,feedback_development,0.5,2,1,1,0.6666666666666666
original,feedback_development,0.6,2,1,1,0.6666666666666666
original,feedback_development,0.7,1,0,1,0.3333333333333333
original,feedback_development,0.8,1,0,1,0.3333333333333333
original,feedback_development,0.9,0,0,0,0.0
calibrated,feedback_development,0.5,1,0,1,0.3333333333333333
calibrated,feedback_development,0.6,1,0,1,0.3333333333333333
calibrated,feedback_development,0.7,0,0,0,0.0
calibrated,feedback_development,0.8,0,0,0,0.0
calibrated,feedback_development,0.9,0,0,0,0.0
fixed_softening,feedback_development,0.5,1,0,1,0.3333333333333333
fixed_softening,feedback_development,0.6,1,0,1,0.3333333333333333
fixed_softening,feedback_development,0.7,0,0,0,0.0
fixed_softening,feedback_development,0.8,0,0,0,0.0
fixed_softening,feedback_development,0.9,0,0,0,0.0
uniform_control,feedback_development,0.5,0,0,0,0.0
uniform_control,feedback_development,0.6,0,0,0,0.0
uniform_control,feedback_development,0.7,0,0,0,0.0
uniform_control,feedback_development,0.8,0,0,0,0.0
uniform_control,feedback_development,0.9,0,0,0,0.0
