batch,site,det,H,mean,p1,p50,p99,std,gray_levels,empty_bin_frac,band_top,band_bottom
Batch_1,4ih2ggld,BSE,2316,57.38617422390885,0,57.0,116,24.361665423444727,154,0.18803418803418803,0,0
Batch_1,4ih2ggld,ETD,2316,79.09886324136862,0,79.0,197,38.746079489992006,192,0.22727272727272727,0,0
Batch_1,4ih2ggld,Inlens,2316,96.65582744790757,0,91.0,255,48.68276475401473,179,0.30078125,0,0
Batch_1,5n1q8atc,BSE,2316,59.715742659758206,0,59.0,119,23.41662181889667,167,0.15833333333333333,0,0
Batch_1,5n1q8atc,ETD,2316,83.78500783370343,0,82.0,197,35.75939555329956,195,0.21212121212121213,0,0
Batch_1,5n1q8atc,Inlens,2316,97.00803071798667,0,91.0,255,45.35939335365213,182,0.2890625,0,0
Batch_1,f1vzngrs,BSE,2148,54.377433758978455,0,52.0,131,23.796013445849976,190,0.06818181818181818,0,0
Batch_1,f1vzngrs,ETD,2148,79.77761100026603,0,78.0,159,30.06313346251593,224,0.0875,0,0
Batch_1,f1vzngrs,Inlens,2148,125.4860399707369,0,121.0,255,47.85727311253489,202,0.2109375,0,0
Batch_1,ffwubibz,BSE,2080,58.686490178571425,0,59.0,128,21.855991162836766,177,0.031007751937984496,0,0
Batch_1,ffwubibz,ETD,2080,81.08263585164835,0,84.0,148,28.748489631087953,227,0.040268456375838924,0,0
Batch_1,ffwubibz,Inlens,2080,114.74645796703297,6,112.0,255,42.69196109163419,194,0.236,0,0
Batch_1,fzrt2k6r,BSE,2156,61.581756360985956,0,62.0,131,23.67651170327822,165,0.06060606060606061,0,0
Batch_1,fzrt2k6r,ETD,2156,82.45688106281473,0,83.0,172,33.60098983725384,225,0.046242774566473986,0,0
Batch_1,fzrt2k6r,Inlens,2156,144.18745971375563,4,148.0,255,48.83021897528514,228,0.10317460317460317,0,0
Batch_1,iv6g2oq0,BSE,1780,57.28739425933101,0,57.0,135,25.05082640301961,169,0.1323529411764706,0,0
Batch_1,iv6g2oq0,ETD,1780,74.46198292005683,0,76.0,148,30.909779440170738,213,0.12080536912751678,0,0
Batch_1,iv6g2oq0,Inlens,1780,106.38331315381635,0,104.0,245,45.482169747530726,168,0.33739837398373984,0,0
Batch_1,uhdslk0o,BSE,1880,60.171590349544076,0,60.0,133,24.041839698077442,175,0.05223880597014925,0,0
Batch_1,uhdslk0o,ETD,1880,79.08381306990881,0,81.0,154,30.8554537748021,223,0.07741935483870968,0,0
Batch_1,uhdslk0o,Inlens,1880,135.67442218844985,2,128.0,255,50.17116912832121,193,0.2440944881889764,0,0
Batch_2,3806gxp0,BSE,2048,51.109049037388395,0,49.0,127,23.3210162413191,152,0.2109375,0,0
Batch_2,3806gxp0,ETD,2048,75.48219928850446,0,76.0,158,32.655606279347,183,0.22012578616352202,0,0
Batch_2,3806gxp0,Inlens,2048,110.13894224330357,7,101.0,255,53.780435556291835,191,0.24899598393574296,0,0
Batch_2,avn74qx1,BSE,2048,49.576155552455354,0,49.0,123,22.2253349098561,164,0.06451612903225806,0,0
Batch_2,avn74qx1,ETD,2048,71.72047530691964,0,73.0,145,29.363175334468558,191,0.136986301369863,0,0
Batch_2,avn74qx1,Inlens,2048,106.39861272321428,0,101.0,255,52.88322346581885,214,0.1640625,0,0
Batch_2,b3esycq1,BSE,2156,63.058190365756694,0,62.0,134,24.61735247846735,155,0.17037037037037037,0,0
Batch_2,b3esycq1,ETD,2156,80.73114729658097,0,82.0,169,33.5491281283658,205,0.1588235294117647,0,0
Batch_2,b3esycq1,Inlens,2156,146.74809534852903,2,150.0,255,49.5924429826828,161,0.3700787401574803,0,0
Batch_2,epqdaau9,BSE,2148,53.8009872971535,0,52.0,133,25.720951581327125,218,0.07462686567164178,0,15
Batch_2,epqdaau9,ETD,2148,78.6516959962756,0,77.0,175,33.68849033002675,217,0.10795454545454546,0,11
Batch_2,epqdaau9,Inlens,2148,126.74271169193935,0,121.0,255,51.98581609765239,176,0.3125,0,0
Batch_2,i9jiqjwl,BSE,2272,56.496378458249495,0,56.0,127,22.946909788710894,132,0.3125,0,0
Batch_2,i9jiqjwl,ETD,2272,79.87734337273642,0,79.0,183,33.54604770433722,208,0.15760869565217392,49,0
Batch_2,i9jiqjwl,Inlens,2272,144.25273421780685,10,141.0,255,43.7430852351028,176,0.3130081300813008,6,0
Batch_2,r17byphk,BSE,2080,56.11100913461539,0,56.0,126,23.30837582574386,186,0.13385826771653545,0,0
Batch_2,r17byphk,ETD,2080,76.78487266483516,0,81.0,170,34.76589045383919,222,0.09941520467836257,0,0
Batch_2,r17byphk,Inlens,2080,108.84943598901098,2,107.0,255,54.727412903050784,175,0.31496062992125984,0,0
Batch_2,rxax5ozo,BSE,2068,56.319515681127385,0,55.0,130,22.721982547707967,162,0.20610687022900764,0,0
Batch_2,rxax5ozo,Inlens,2068,115.27593485769549,13,102.0,255,61.973241586016904,164,0.37037037037037035,0,0
Batch_2,rxax5ozo,ETD,2068,73.60165943630837,0,73.0,158,31.31092795325296,198,0.1949685534591195,0,0
Batch_3,0grcilhi,BSE,1904,55.645177971188474,0,55.0,129,24.05696328467771,171,0.03076923076923077,0,0
Batch_3,0grcilhi,ETD,1904,66.08260706782713,0,68.0,159,34.51149434860484,221,0.05,0,0
Batch_3,0grcilhi,Inlens,1904,108.56132037815127,0,81.0,255,62.63345355851913,222,0.1328125,0,0
Batch_3,71vgq3fw,BSE,2060,64.0308721220527,23,62.0,118,17.08364367370308,153,0.0,0,0
Batch_3,71vgq3fw,ETD,2060,71.95306026352289,19,71.0,145,24.8482719029725,245,0.0,0,0
Batch_3,71vgq3fw,Inlens,2060,64.92563155339806,18,44.0,193,38.70779155187947,254,0.0,0,0
Batch_3,9luzk4jm,BSE,2088,57.61272831143952,6,59.0,120,20.593711175361662,90,0.48695652173913045,0,0
Batch_3,9luzk4jm,ETD,2088,77.17539313081555,0,80.0,169,35.47021530078335,118,0.4823529411764706,0,0
Batch_3,9luzk4jm,Inlens,2088,126.79468137657362,22,123.0,255,43.553337466657446,93,0.6239316239316239,0,0
Batch_3,cfe5vt7s,BSE,2080,58.756333516483515,0,58.0,133,24.09705191481875,184,0.11194029850746269,0,0
Batch_3,cfe5vt7s,ETD,2080,82.02723619505494,0,84.0,188,36.0629317086561,221,0.10582010582010581,0,0
Batch_3,cfe5vt7s,Inlens,2080,111.07427774725275,8,107.0,255,53.02871478237154,175,0.31048387096774194,56,0
Batch_3,hawkfj64,BSE,1904,56.311620798319325,1,55.0,128,21.58136337836817,187,0.09375,0,0
Batch_3,hawkfj64,ETD,1904,71.26320483193277,0,72.0,161,31.80622349507038,207,0.1419753086419753,0,0
Batch_3,hawkfj64,Inlens,1904,110.41207232893157,15,79.0,255,63.717131415353975,172,0.31950207468879666,0,0
Batch_3,hzumfsms,BSE,2088,56.35887759989053,3,59.0,117,20.989732445410716,91,0.5043478260869565,0,0
Batch_3,hzumfsms,ETD,2088,71.57047235905857,0,77.0,160,34.72475839363948,119,0.4658385093167702,0,0
Batch_3,hzumfsms,Inlens,2088,118.41524835796388,13,119.0,255,44.668148185732235,93,0.6296296296296297,0,0
Batch_3,kbdh4tri,BSE,2060,64.3783278779473,24,63.0,118,16.905245377578236,152,0.0,0,0
Batch_3,kbdh4tri,ETD,2060,73.24050104022191,20,72.0,153,25.762625836099684,238,0.0,0,0
Batch_3,kbdh4tri,Inlens,2060,68.03994306518724,23,45.0,199,40.829854111043254,251,0.0,0,0
Batch_3,mgxahqnk,BSE,1904,58.278972914165664,1,56.0,133,23.431258501593614,169,0.09774436090225563,0,0
Batch_3,mgxahqnk,ETD,1904,75.28361967286915,0,76.0,162,33.341555576540145,207,0.1411042944785276,0,0
Batch_3,mgxahqnk,Inlens,1904,115.08269185174069,14,89.0,255,62.93454689512744,172,0.3181818181818182,0,0
Batch_3,pl8uabbv,BSE,2272,53.55530250251509,0,53.0,127,23.296855735406723,119,0.390625,0,0
Batch_3,pl8uabbv,ETD,2272,74.29206759305835,0,76.0,161,32.81424318975156,189,0.25925925925925924,0,0
Batch_3,pl8uabbv,Inlens,2272,137.2540802942656,4,133.0,255,49.336571865330065,126,0.5079365079365079,0,0
Batch_3,ptg8lmto,BSE,1612,58.75616129032258,4,57.0,133,22.22681335635496,177,0.12307692307692308,0,0
Batch_3,ptg8lmto,ETD,1612,70.81561937256292,2,70.0,165,31.6926810654731,206,0.11585365853658537,0,0
Batch_3,ptg8lmto,Inlens,1612,89.40059225451968,21,62.0,255,53.269300172739975,195,0.225531914893617,0,0
Batch_3,tuy3zymq,BSE,2060,63.89561699029126,24,63.0,116,16.52991821133889,148,0.0,0,0
Batch_3,tuy3zymq,ETD,2060,73.45251622746186,19,72.0,155,26.502412845302043,238,0.0,0,0
Batch_3,tuy3zymq,Inlens,2060,70.1312452149792,20,46.0,208,43.48424819710865,251,0.0,0,0
Batch_3,ufdvpb81,BSE,2088,58.2163596743295,3,59.0,117,19.904171101296647,152,0.008695652173913044,0,0
Batch_3,ufdvpb81,ETD,2088,79.97223104816639,0,83.0,163,32.98468063875986,178,0.10975609756097561,0,0
Batch_3,ufdvpb81,Inlens,2088,126.66934790640394,13,128.0,255,40.229287347360824,178,0.3004115226337449,0,0
Batch_3,utfgcjfa,BSE,2068,55.25304546781637,0,54.0,131,23.238912881003635,152,0.17424242424242425,0,0
Batch_3,utfgcjfa,Inlens,2068,112.67769956692578,13,93.0,255,63.788165454765064,173,0.3292181069958848,0,0
Batch_3,utfgcjfa,ETD,2068,72.6681888821797,0,72.0,164,33.23862094411624,195,0.21818181818181817,0,0
Batch_3,vc2whyaq,BSE,2068,56.64256845813761,1,55.0,131,22.89729429624484,169,0.07633587786259542,0,0
Batch_3,vc2whyaq,Inlens,2068,127.62734153080962,20,119.0,255,59.53276753530372,209,0.19491525423728814,0,0
Batch_3,vc2whyaq,ETD,2068,75.41206244819011,0,76.0,162,32.78729068450033,213,0.11042944785276074,0,0
Batch_3,x77cy643,BSE,2068,55.96789067364274,0,55.0,131,23.58830750930431,160,0.17424242424242425,0,0
Batch_3,x77cy643,Inlens,2068,121.12270316389692,14,108.0,255,64.96855310484852,168,0.34710743801652894,0,0
Batch_3,x77cy643,ETD,2068,73.89785389938213,0,73.0,166,34.16703114851505,200,0.18562874251497005,0,0
Batch_3,x7u69zsw,BSE,2060,65.85953606102635,25,63.0,121,18.048624925427657,205,0.0,0,0
Batch_3,x7u69zsw,ETD,2060,77.78317018030513,20,75.0,163,28.090107400810517,244,0.0,0,0
Batch_3,x7u69zsw,Inlens,2060,72.01136511789181,24,47.0,212,43.85934952082927,250,0.0,0,0
Batch_3,xgj4xftb,BSE,1612,60.148738567883726,6,57.0,134,22.76081706649895,168,0.06201550387596899,0,0
Batch_3,xgj4xftb,ETD,1612,71.35738594470047,0,70.0,176,34.819089654555306,209,0.11299435028248588,0,0
Batch_3,xgj4xftb,Inlens,1612,109.43474734136831,29,72.0,255,66.47438993721401,204,0.2026431718061674,0,0
