variable,kind,rho,p,n
bse_empty_bin_frac,acquisition,-0.45523865130784735,0.03325969851258058,22
crack_frac,kpi,-0.40711462450592883,0.06004366570541111,22
pore_max_d,kpi,-0.29870129870129875,0.17691319425141344,22
pore_d50,kpi,-0.28514963297572,0.1983372302613969,22
bright_frac,kpi,0.2670807453416149,0.2295283525028699,22
etd_curtain_frac,acquisition,-0.24110671936758896,0.2797303069403845,22
corr_len_px,kpi,-0.24106884607715523,0.27980816580651247,22
bse_std,acquisition,0.2241671372106155,0.3159085603715587,22
bright_d50,kpi,0.1902879728966686,0.39631489313595236,22
etd_curtain_anisotropy,acquisition,0.17108977978543197,0.4464902890766693,22
bse_gray_levels,acquisition,0.16628983215458817,0.45953463436257636,22
pore_frac,kpi,-0.15302089215132694,0.4965948556350872,22
bse_p1,acquisition,-0.1478187984685569,0.5115141279545692,22
etd_p50,acquisition,0.1428616781485138,0.5259287322614006,22
bse_p99,acquisition,0.13788378998722117,0.5405937045480981,22
inlens_p50,acquisition,0.11811250358447734,0.6006281862069005,22
pore_elong,kpi,-0.11801242236024848,0.600939011455951,22
graphite_mode,acquisition,-0.11203012637644297,0.6196385595122849,22
etd_boundary_sharpness,acquisition,0.05702992659514399,0.8009755903446723,22
etd_boundary_sharpness,kpi,0.05702992659514399,0.8009755903446723,22
bright_sep,acquisition,-0.05574668916729544,0.805369865369178,22
bse_p50,acquisition,-0.054546519917575816,0.8094848269569742,22
etd_crack_density_particles,kpi,0.0536420101637493,0.8125892965812408,22
bright_count_per_Mpx,kpi,-0.033888733347978706,0.8809884187561126,22
H,acquisition,0.026114487078843666,0.9081620551897425,22
bright_circ,kpi,0.017504234895539244,0.9383727661115465,22
