site,novelty_median,novelty_p90,n_patches,batch,pct_median,pct_p90,exceeds_ref_loo_max,role
3806gxp0,15.433332633972167,19.238377914428707,52,Batch_2,82.3529411764706,94.11764705882354,False,query
4ih2ggld,16.96622505187988,20.14825138092041,52,Batch_1,100.0,94.11764705882354,True,query
5n1q8atc,16.990754508972167,20.04214656829834,52,Batch_1,100.0,94.11764705882354,True,query
avn74qx1,15.756969547271728,18.06761951446533,52,Batch_2,82.3529411764706,64.70588235294119,False,query
b3esycq1,15.804757118225098,18.39245868682861,52,Batch_2,82.3529411764706,82.3529411764706,False,query
epqdaau9,15.124496841430664,18.375491008758544,52,Batch_2,64.70588235294119,82.3529411764706,False,query
f1vzngrs,16.60984048843384,18.83604242324829,52,Batch_1,100.0,94.11764705882354,True,query
ffwubibz,15.250829887390136,16.99948602676392,52,Batch_1,76.47058823529412,23.529411764705884,False,query
fzrt2k6r,15.492516136169433,17.28900016784668,52,Batch_1,82.3529411764706,52.94117647058824,False,query
i9jiqjwl,15.207239723205566,18.018960876464842,52,Batch_2,76.47058823529412,64.70588235294119,False,query
iv6g2oq0,15.107998466491699,18.68282558441162,39,Batch_1,64.70588235294119,88.23529411764707,False,query
r17byphk,14.484561347961426,16.877693367004394,52,Batch_2,11.764705882352942,17.647058823529413,False,query
rxax5ozo,14.632230854034425,16.571511821746824,52,Batch_2,35.294117647058826,5.882352941176471,False,query
uhdslk0o,15.57425651550293,18.029693450927734,39,Batch_1,82.3529411764706,64.70588235294119,False,query
0grcilhi,15.945551872253418,20.670270767211914,39,Batch_3,,,False,reference (leave-one-site-out)
71vgq3fw,15.058291625976562,17.389089984893797,52,Batch_3,,,False,reference (leave-one-site-out)
9luzk4jm,14.3955979347229,16.65965908050537,52,Batch_3,,,False,reference (leave-one-site-out)
cfe5vt7s,14.775362491607666,17.209343948364257,52,Batch_3,,,False,reference (leave-one-site-out)
hawkfj64,16.26703014373779,18.769874343872072,39,Batch_3,,,False,reference (leave-one-site-out)
hzumfsms,14.580581665039062,18.080807304382322,52,Batch_3,,,False,reference (leave-one-site-out)
kbdh4tri,14.510807609558105,17.075709056854247,52,Batch_3,,,False,reference (leave-one-site-out)
mgxahqnk,16.58997631072998,18.50490509033203,39,Batch_3,,,False,reference (leave-one-site-out)
pl8uabbv,15.163127899169922,17.187140312194824,52,Batch_3,,,False,reference (leave-one-site-out)
ptg8lmto,14.250661087036132,16.44500720977783,39,Batch_3,,,False,reference (leave-one-site-out)
tuy3zymq,15.035449886322022,16.86968452453613,52,Batch_3,,,False,reference (leave-one-site-out)
ufdvpb81,15.156789016723632,17.18786329269409,52,Batch_3,,,False,reference (leave-one-site-out)
utfgcjfa,14.568585872650146,18.15894592285156,52,Batch_3,,,False,reference (leave-one-site-out)
vc2whyaq,14.606008720397949,17.008308525085447,52,Batch_3,,,False,reference (leave-one-site-out)
x77cy643,14.760688018798827,16.945520210266114,52,Batch_3,,,False,reference (leave-one-site-out)
x7u69zsw,14.772548389434814,17.72401569366455,52,Batch_3,,,False,reference (leave-one-site-out)
xgj4xftb,15.260593223571778,18.342392883300782,39,Batch_3,,,False,reference (leave-one-site-out)
