view,kpi,area_floor_px2,threshold_offset,reference,batch,n_reference,n_batch,median_reference,median_batch,median_difference,ci_low,ci_high,deletion_min,deletion_max
bright_usable,graph_edge_length_median_px,50,-5,Batch_3,Batch_1,17,5,144.9974642239451,133.60618618677896,-11.391278037166131,-35.249561777819366,17.653811461549424,-13.971264023266485,-8.576511366067876
bright_usable,graph_edge_length_median_px,50,-5,Batch_3,Batch_2,17,7,144.9974642239451,130.29605187313925,-14.701412350805839,-42.96286462453452,42.37459878565576,-20.24354293750548,3.200922895743929
bright_usable,graph_edge_length_median_px,50,-5,Batch_1,Batch_2,5,7,133.60618618677896,130.29605187313925,-3.3101343136397077,-28.621463858567836,52.55401227013729,-8.85226490033935,14.59220093291006
bright_usable,graph_edge_length_iqr_ratio,50,-5,Batch_3,Batch_1,17,5,1.2016775391489103,1.157467409076287,-0.0442101300726232,-0.2725822339738848,0.1568418101401332,-0.08279948966027573,-0.012250884466774581
bright_usable,graph_edge_length_iqr_ratio,50,-5,Batch_3,Batch_2,17,7,1.2016775391489103,1.093578548058226,-0.10809899109068422,-0.25571282902719816,0.12159423849883155,-0.12417419255250928,-0.07139934044356466
bright_usable,graph_edge_length_iqr_ratio,50,-5,Batch_1,Batch_2,5,7,1.157467409076287,1.093578548058226,-0.06388886101806102,-0.23423426707771577,0.18303420971763146,-0.09584810662390963,-0.02529950143040849
bright_usable,graph_edge_axial_strength,50,-5,Batch_3,Batch_1,17,5,0.08298754026516554,0.09783735499893244,0.014849814733766897,-0.06426085385747521,0.07104238096259315,-0.007922863836081581,0.02682396527284149
bright_usable,graph_edge_axial_strength,50,-5,Batch_3,Batch_2,17,7,0.08298754026516554,0.10335681978394408,0.020369279518778538,-0.04167419385449446,0.038844132317190125,0.006130198557914621,0.024122056844457937
bright_usable,graph_edge_axial_strength,50,-5,Batch_1,Batch_2,5,7,0.09783735499893244,0.10335681978394408,0.005519464785011641,-0.05617313155019761,0.0655693656600736,-0.008719616175852277,0.02829214335486012
bright_usable,graph_log_area_assortativity,50,-5,Batch_3,Batch_1,17,5,0.08270837074011289,-0.013024580997715645,-0.09573295173782853,-0.12665996983947075,0.04672547847740453,-0.10064824101986845,-0.07500389529775413
bright_usable,graph_log_area_assortativity,50,-5,Batch_3,Batch_2,17,7,0.08270837074011289,0.0703596867381983,-0.012348684001914592,-0.08005531453830692,0.10118437489844057,-0.033187333953500736,0.002609249906462857
bright_usable,graph_log_area_assortativity,50,-5,Batch_1,Batch_2,5,7,-0.013024580997715645,0.0703596867381983,0.08338426773591394,-0.04219637507903311,0.1694656644837239,0.0625456177843278,0.09834220164429139
quality_matched,graph_edge_length_median_px,50,-5,Batch_3,Batch_1,13,5,151.73436256384056,133.60618618677896,-18.128176377061607,-38.72762750455229,6.433319199335159,-22.443986240455615,-14.759727207113855
quality_matched,graph_edge_length_median_px,50,-5,Batch_3,Batch_2,13,7,151.73436256384056,130.29605187313925,-21.438310690701314,-46.48819557696484,34.84319174970108,-26.980441277400956,-3.5359754441515463
quality_matched,graph_edge_length_median_px,50,-5,Batch_1,Batch_2,5,7,133.60618618677896,130.29605187313925,-3.3101343136397077,-33.78143583076857,52.55401227013729,-8.85226490033935,14.59220093291006
quality_matched,graph_edge_length_iqr_ratio,50,-5,Batch_3,Batch_1,13,5,1.1855749437728007,1.157467409076287,-0.028107534696513614,-0.2404318310502347,0.22076030135183022,-0.06669689428416614,0.0038517109093350044
quality_matched,graph_edge_length_iqr_ratio,50,-5,Batch_3,Batch_2,13,7,1.1855749437728007,1.093578548058226,-0.09199639571457463,-0.24634393420285433,0.16635225041631152,-0.10104973080235125,-0.05529674506745508
quality_matched,graph_edge_length_iqr_ratio,50,-5,Batch_1,Batch_2,5,7,1.157467409076287,1.093578548058226,-0.06388886101806102,-0.23423426707771577,0.2057321412537898,-0.09584810662390963,-0.02529950143040849
quality_matched,graph_edge_axial_strength,50,-5,Batch_3,Batch_1,13,5,0.07548198561380674,0.09783735499893244,0.022355369385125695,-0.05392328337342636,0.07104238096259315,-0.00041730918472278333,0.03432951992420029
quality_matched,graph_edge_axial_strength,50,-5,Batch_3,Batch_2,13,7,0.07548198561380674,0.10335681978394408,0.027874834170137336,-0.04167419385449446,0.04320995231244919,0.013635753209273418,0.02956469879215272
quality_matched,graph_edge_axial_strength,50,-5,Batch_1,Batch_2,5,7,0.09783735499893244,0.10335681978394408,0.005519464785011641,-0.05617313155019761,0.062189636416042825,-0.008719616175852277,0.02829214335486012
quality_matched,graph_log_area_assortativity,50,-5,Batch_3,Batch_1,13,5,0.06583058333982687,-0.013024580997715645,-0.07885516433754251,-0.1296625706928453,0.04672547847740453,-0.08838858562937492,-0.05812610789746811
quality_matched,graph_log_area_assortativity,50,-5,Batch_3,Batch_2,13,7,0.06583058333982687,0.0703596867381983,0.004529103398371426,-0.08606315151486801,0.11046033680691474,-0.016309546553214718,0.019487037306748875
quality_matched,graph_log_area_assortativity,50,-5,Batch_1,Batch_2,5,7,-0.013024580997715645,0.0703596867381983,0.08338426773591394,-0.04219637507903311,0.1694656644837239,0.0625456177843278,0.09834220164429139
ordinary_reference,graph_edge_length_median_px,50,-5,Batch_3,Batch_1,10,5,156.05017242723457,133.60618618677896,-22.443986240455615,-43.42868871556388,6.433319199335159,-26.759796103849624,-18.128176377061607
ordinary_reference,graph_edge_length_median_px,50,-5,Batch_3,Batch_2,10,7,156.05017242723457,130.29605187313925,-25.754120554095323,-46.55509300200342,34.26419852044489,-31.296251140794965,-7.851785307545555
ordinary_reference,graph_edge_length_median_px,50,-5,Batch_1,Batch_2,5,7,133.60618618677896,130.29605187313925,-3.3101343136397077,-28.621463858567836,52.55401227013729,-8.85226490033935,14.59220093291006
ordinary_reference,graph_edge_length_iqr_ratio,50,-5,Batch_3,Batch_1,10,5,1.170926148180386,1.157467409076287,-0.013458739104099005,-0.24392449455876752,0.23108860886091276,-0.05204809869175153,0.018500506501749614
ordinary_reference,graph_edge_length_iqr_ratio,50,-5,Batch_3,Batch_2,10,7,1.170926148180386,1.093578548058226,-0.07734760012216002,-0.25123366580489703,0.19228917022317193,-0.09199639571457463,-0.04064794947504047
ordinary_reference,graph_edge_length_iqr_ratio,50,-5,Batch_1,Batch_2,5,7,1.157467409076287,1.093578548058226,-0.06388886101806102,-0.23423426707771577,0.2057321412537898,-0.09584810662390963,-0.02529950143040849
ordinary_reference,graph_edge_axial_strength,50,-5,Batch_3,Batch_1,10,5,0.07192321768610874,0.09783735499893244,0.0259141373128237,-0.03431480224590549,0.07586218353503767,0.0031414587429752228,0.037888287851898295
ordinary_reference,graph_edge_axial_strength,50,-5,Batch_3,Batch_2,10,7,0.07192321768610874,0.10335681978394408,0.03143360209783534,-0.019551308052597128,0.0488298042369916,0.017194521136971425,0.033123466719850725
ordinary_reference,graph_edge_axial_strength,50,-5,Batch_1,Batch_2,5,7,0.09783735499893244,0.10335681978394408,0.005519464785011641,-0.05617313155019761,0.062189636416042825,-0.008719616175852277,0.02829214335486012
ordinary_reference,graph_log_area_assortativity,50,-5,Batch_3,Batch_1,10,5,0.024178776285057955,-0.013024580997715645,-0.0372033572827736,-0.10775258548528716,0.08837728553217344,-0.062290953911318926,-0.01211576065422828
ordinary_reference,graph_log_area_assortativity,50,-5,Batch_3,Batch_2,10,7,0.024178776285057955,0.0703596867381983,0.04618091045314034,-0.057842534673383274,0.14811940196022352,0.02109331382459502,0.07126850708168567
ordinary_reference,graph_log_area_assortativity,50,-5,Batch_1,Batch_2,5,7,-0.013024580997715645,0.0703596867381983,0.08338426773591394,-0.04219637507903311,0.1694656644837239,0.0625456177843278,0.09834220164429139
bright_usable,graph_edge_length_median_px,50,0,Batch_3,Batch_1,17,5,164.67993575467807,160.14143150251562,-4.538504252162454,-37.10825067247575,29.439755513867055,-9.249773592157226,1.7801399399766638
bright_usable,graph_edge_length_median_px,50,0,Batch_3,Batch_2,17,7,164.67993575467807,181.20446883945425,16.52453308477618,-53.830694991222686,65.48481977271854,-2.0575750024063097,29.57048506737806
bright_usable,graph_edge_length_median_px,50,0,Batch_1,Batch_2,5,7,160.14143150251562,181.20446883945425,21.063037336938635,-53.61889797769666,67.03219133844823,2.4809292497561444,34.10898931954051
bright_usable,graph_edge_length_iqr_ratio,50,0,Batch_3,Batch_1,17,5,1.1552120596040825,1.1275196221100303,-0.027692437494052147,-0.18225469782191928,0.21389199850579654,-0.05170278046180199,0.016235756341377305
bright_usable,graph_edge_length_iqr_ratio,50,0,Batch_3,Batch_2,17,7,1.1552120596040825,1.0060595158638368,-0.14915254374024567,-0.295659582052594,0.16693679355241886,-0.16832233459182233,-0.11401136989407923
bright_usable,graph_edge_length_iqr_ratio,50,0,Batch_1,Batch_2,5,7,1.1275196221100303,1.0060595158638368,-0.12146010624619352,-0.2778385382884545,0.13804682433272597,-0.16538830008162297,-0.08631893240002708
bright_usable,graph_edge_axial_strength,50,0,Batch_3,Batch_1,17,5,0.08158865717250334,0.07221497980816753,-0.009373677364335808,-0.0700889948949832,0.0663844179870875,-0.023453300729928073,0.017059583004289267
bright_usable,graph_edge_axial_strength,50,0,Batch_3,Batch_2,17,7,0.08158865717250334,0.10922773653656577,0.02763907936406243,-0.06408680988340468,0.09738217714895449,0.013962015609918874,0.03788091756530522
bright_usable,graph_edge_axial_strength,50,0,Batch_1,Batch_2,5,7,0.07221497980816753,0.10922773653656577,0.03701275672839824,-0.08435522044714792,0.11653232808733062,0.010579496359773163,0.0510923800939905
bright_usable,graph_log_area_assortativity,50,0,Batch_3,Batch_1,17,5,0.04402259611972263,-0.01945605562009211,-0.06347865173981473,-0.11420357741262499,0.01420398558272954,-0.07289864399131538,-0.04052903473752975
bright_usable,graph_log_area_assortativity,50,0,Batch_3,Batch_2,17,7,0.04402259611972263,0.06569896964228902,0.02167637352256639,-0.07092866614220614,0.07978454727334791,0.011537781126944348,0.03332863375895846
bright_usable,graph_log_area_assortativity,50,0,Batch_1,Batch_2,5,7,-0.01945605562009211,0.06569896964228902,0.08515502526238114,-0.030154381245968725,0.13102985073241075,0.06220540826009614,0.09680728549877321
quality_matched,graph_edge_length_median_px,50,0,Batch_3,Batch_1,13,5,166.0610233377662,160.14143150251562,-5.919591835250571,-37.10825067247575,26.548799500586313,-10.630861175245343,0.39905235688854646
quality_matched,graph_edge_length_median_px,50,0,Batch_3,Batch_2,13,7,166.0610233377662,181.20446883945425,15.143445501688063,-53.830694991222686,61.066452418450524,-3.438662585494427,28.18939748428994
quality_matched,graph_edge_length_median_px,50,0,Batch_1,Batch_2,5,7,160.14143150251562,181.20446883945425,21.063037336938635,-53.61889797769666,67.03219133844823,2.4809292497561444,34.10898931954051
quality_matched,graph_edge_length_iqr_ratio,50,0,Batch_3,Batch_1,13,5,1.1361897320019636,1.1275196221100303,-0.008670109891933286,-0.22756816294898408,0.22468378276838263,-0.03500763102197113,0.035258083943496166
quality_matched,graph_edge_length_iqr_ratio,50,0,Batch_3,Batch_2,13,7,1.1361897320019636,1.0060595158638368,-0.1301302161381268,-0.33934716496283135,0.2160617492321637,-0.15646773726816465,-0.08733983361456388
quality_matched,graph_edge_length_iqr_ratio,50,0,Batch_1,Batch_2,5,7,1.1275196221100303,1.0060595158638368,-0.12146010624619352,-0.2519231475199851,0.13804682433272597,-0.16538830008162297,-0.08631893240002708
quality_matched,graph_edge_axial_strength,50,0,Batch_3,Batch_1,13,5,0.08158865717250334,0.07221497980816753,-0.009373677364335808,-0.07966250310580748,0.0745986654129578,-0.023453300729928073,0.017059583004289267
quality_matched,graph_edge_axial_strength,50,0,Batch_3,Batch_2,13,7,0.08158865717250334,0.10922773653656577,0.02763907936406243,-0.06408680988340468,0.09032108500653083,0.013962015609918874,0.03788091756530522
quality_matched,graph_edge_axial_strength,50,0,Batch_1,Batch_2,5,7,0.07221497980816753,0.10922773653656577,0.03701275672839824,-0.08435522044714792,0.11653232808733062,0.010579496359773163,0.0510923800939905
quality_matched,graph_log_area_assortativity,50,0,Batch_3,Batch_1,13,5,0.04402259611972263,-0.01945605562009211,-0.06347865173981473,-0.12030442573925307,0.02202995685044689,-0.07289864399131538,-0.04052903473752975
quality_matched,graph_log_area_assortativity,50,0,Batch_3,Batch_2,13,7,0.04402259611972263,0.06569896964228902,0.02167637352256639,-0.07092866614220614,0.09445310357417554,0.011537781126944348,0.03332863375895846
quality_matched,graph_log_area_assortativity,50,0,Batch_1,Batch_2,5,7,-0.01945605562009211,0.06569896964228902,0.08515502526238114,-0.030154381245968725,0.13102985073241075,0.06220540826009614,0.09680728549877321
ordinary_reference,graph_edge_length_median_px,50,0,Batch_3,Batch_1,10,5,169.52577011904302,160.14143150251562,-9.384338616527401,-40.57299745375258,21.258108005310362,-14.095607956522173,-3.0656944243882833
ordinary_reference,graph_edge_length_median_px,50,0,Batch_3,Batch_2,10,7,169.52577011904302,181.20446883945425,11.678698720411234,-58.63768468109387,57.61672273491045,-6.903409366771257,24.72465070301311
ordinary_reference,graph_edge_length_median_px,50,0,Batch_1,Batch_2,5,7,160.14143150251562,181.20446883945425,21.063037336938635,-53.61889797769666,76.45473001843777,2.4809292497561444,34.10898931954051
ordinary_reference,graph_edge_length_iqr_ratio,50,0,Batch_3,Batch_1,10,5,1.0688368716385281,1.1275196221100303,0.058682750471502176,-0.2610644031971674,0.2586219455550609,-0.008670109891933286,0.12603561083493742
ordinary_reference,graph_edge_length_iqr_ratio,50,0,Batch_3,Batch_2,10,7,1.0688368716385281,1.0060595158638368,-0.06277735577469135,-0.37639929899040914,0.2214576413634568,-0.1301302161381268,0.004575504588743895
ordinary_reference,graph_edge_length_iqr_ratio,50,0,Batch_1,Batch_2,5,7,1.1275196221100303,1.0060595158638368,-0.12146010624619352,-0.2519231475199851,0.13804682433272597,-0.16538830008162297,-0.08631893240002708
ordinary_reference,graph_edge_axial_strength,50,0,Batch_3,Batch_1,10,5,0.0765043943068664,0.07221497980816753,-0.004289414498698865,-0.07476091343063493,0.0745986654129578,-0.01836903786429113,0.02214384586992621
ordinary_reference,graph_edge_axial_strength,50,0,Batch_3,Batch_2,10,7,0.0765043943068664,0.10922773653656577,0.03272334222969937,-0.054831951339922635,0.09716391631189003,0.019046278475555817,0.04296518043094216
ordinary_reference,graph_edge_axial_strength,50,0,Batch_1,Batch_2,5,7,0.07221497980816753,0.10922773653656577,0.03701275672839824,-0.08435522044714792,0.11653232808733062,0.010579496359773163,0.0510923800939905
ordinary_reference,graph_log_area_assortativity,50,0,Batch_3,Batch_1,10,5,0.033204848213126456,-0.01945605562009211,-0.052660903833218566,-0.1048889412400615,0.03974597857885847,-0.05927174314106052,-0.029711286830933575
ordinary_reference,graph_log_area_assortativity,50,0,Batch_3,Batch_2,10,7,0.033204848213126456,0.06569896964228902,0.03249412142916257,-0.06657378348421478,0.10491935726875969,0.022355529033540524,0.04414638166555464
ordinary_reference,graph_log_area_assortativity,50,0,Batch_1,Batch_2,5,7,-0.01945605562009211,0.06569896964228902,0.08515502526238114,-0.030154381245968725,0.13102985073241075,0.06220540826009614,0.09680728549877321
bright_usable,graph_edge_length_median_px,50,5,Batch_3,Batch_1,17,5,150.92035204262882,170.3435348854024,19.42318284277357,-60.98602079683239,45.448681429798214,11.035778511848235,21.109160654548276
bright_usable,graph_edge_length_median_px,50,5,Batch_3,Batch_2,17,7,150.92035204262882,133.8202115079206,-17.10014053470823,-58.17502973576674,58.56114680917045,-25.487544865633566,5.008841659218632
bright_usable,graph_edge_length_median_px,50,5,Batch_1,Batch_2,5,7,170.3435348854024,133.8202115079206,-36.5233233774818,-62.96216595217575,56.3760673728294,-42.78294453809026,-14.414341183554939
bright_usable,graph_edge_length_iqr_ratio,50,5,Batch_3,Batch_1,17,5,1.3327779516385774,1.2379069160996585,-0.09487103553891885,-0.4093410951404448,0.357490291078284,-0.1606011965026113,-0.0837822407244968
bright_usable,graph_edge_length_iqr_ratio,50,5,Batch_3,Batch_2,17,7,1.3327779516385774,1.4529657479773155,0.1201877963387381,-0.38259906163942614,0.47917856709981743,0.029452087636600677,0.14221664727510142
bright_usable,graph_edge_length_iqr_ratio,50,5,Batch_1,Batch_2,5,7,1.2379069160996585,1.4529657479773155,0.21505883187765695,-0.2536026659399895,0.6165375811343248,0.12432312317551952,0.2807889928413494
bright_usable,graph_edge_axial_strength,50,5,Batch_3,Batch_1,17,5,0.06537496796972408,0.0632115974460047,-0.002163370523719385,-0.055552585490320106,0.03486712572084581,-0.008355195021725326,0.007280097829727786
bright_usable,graph_edge_axial_strength,50,5,Batch_3,Batch_2,17,7,0.06537496796972408,0.08782217098321593,0.022447203013491845,-0.0238986055269014,0.09485764781330766,0.01701716361119937,0.044729257249689736
bright_usable,graph_edge_axial_strength,50,5,Batch_1,Batch_2,5,7,0.0632115974460047,0.08782217098321593,0.02461057353721123,-0.018143996240102253,0.12256389697620773,0.01516710518376406,0.04689262777340912
bright_usable,graph_log_area_assortativity,50,5,Batch_3,Batch_1,17,5,0.0650010649160425,0.045487930887621646,-0.019513134028420857,-0.08223743770879134,0.12330831643067616,-0.03947862985860702,0.019392115025808968
bright_usable,graph_log_area_assortativity,50,5,Batch_3,Batch_2,17,7,0.0650010649160425,0.07716038762863298,0.012159322712590473,-0.06312529920243463,0.04901769365571175,-0.0008425572363491979,0.01593727491596459
bright_usable,graph_log_area_assortativity,50,5,Batch_1,Batch_2,5,7,0.045487930887621646,0.07716038762863298,0.03167245674101133,-0.11228077493219997,0.08959726496458036,-0.007232792313218495,0.05163795257119749
quality_matched,graph_edge_length_median_px,50,5,Batch_3,Batch_1,13,5,167.6951607044795,170.3435348854024,2.6483741809229002,-60.98602079683239,33.598388352166836,0.2484520826672849,11.035778511848235
quality_matched,graph_edge_length_median_px,50,5,Batch_3,Batch_2,13,7,167.6951607044795,133.8202115079206,-33.8749491965589,-63.19702686770603,57.68861823616916,-40.13457035716736,-11.765967002632038
quality_matched,graph_edge_length_median_px,50,5,Batch_1,Batch_2,5,7,170.3435348854024,133.8202115079206,-36.5233233774818,-62.96216595217575,48.20426755276878,-42.78294453809026,-14.414341183554939
quality_matched,graph_edge_length_iqr_ratio,50,5,Batch_3,Batch_1,13,5,1.3106003620097333,1.2379069160996585,-0.07269344591007476,-0.3632018109849844,0.3796678807071281,-0.1384236068737672,-0.03929606900859861
quality_matched,graph_edge_length_iqr_ratio,50,5,Batch_3,Batch_2,13,7,1.3106003620097333,1.4529657479773155,0.1423653859675822,-0.32901364004486533,0.505687746082867,0.05162967726544476,0.17576276286905834
quality_matched,graph_edge_length_iqr_ratio,50,5,Batch_1,Batch_2,5,7,1.2379069160996585,1.4529657479773155,0.21505883187765695,-0.26748622500327557,0.6165375811343248,0.12432312317551952,0.2807889928413494
quality_matched,graph_edge_axial_strength,50,5,Batch_3,Batch_1,13,5,0.06181153016594846,0.0632115974460047,0.00140006728005624,-0.05198914768654448,0.03679388031155891,-0.004791757217949701,0.01084353563350341
quality_matched,graph_edge_axial_strength,50,5,Batch_3,Batch_2,13,7,0.06181153016594846,0.08782217098321593,0.02601064081726747,-0.021381197747732686,0.10476321366889686,0.022228987524491227,0.04829269505346536
quality_matched,graph_edge_axial_strength,50,5,Batch_1,Batch_2,5,7,0.0632115974460047,0.08782217098321593,0.02461057353721123,-0.018143996240102253,0.10459783519920347,0.01516710518376406,0.04689262777340912
quality_matched,graph_log_area_assortativity,50,5,Batch_3,Batch_1,13,5,0.07355287050828659,0.045487930887621646,-0.02806493962066494,-0.08445338460724726,0.11266944899357828,-0.0480304354508511,0.010840309433564885
quality_matched,graph_log_area_assortativity,50,5,Batch_3,Batch_2,13,7,0.07355287050828659,0.07716038762863298,0.00360751712034639,-0.06475116334286117,0.05236887157429669,-0.00939436282859328,0.007883419916468432
quality_matched,graph_log_area_assortativity,50,5,Batch_1,Batch_2,5,7,0.045487930887621646,0.07716038762863298,0.03167245674101133,-0.11228077493219997,0.08961721351304894,-0.007232792313218495,0.05163795257119749
ordinary_reference,graph_edge_length_median_px,50,5,Batch_3,Batch_1,10,5,159.30775637355416,170.3435348854024,11.035778511848235,-55.72621182590835,33.16212406566618,2.6483741809229002,19.42318284277357
ordinary_reference,graph_edge_length_median_px,50,5,Batch_3,Batch_2,10,7,159.30775637355416,133.8202115079206,-25.487544865633566,-60.069431507704735,58.56114680917045,-33.8749491965589,-3.378562671706703
ordinary_reference,graph_edge_length_median_px,50,5,Batch_1,Batch_2,5,7,170.3435348854024,133.8202115079206,-36.5233233774818,-62.96216595217575,48.20426755276878,-42.78294453809026,-14.414341183554939
ordinary_reference,graph_edge_length_iqr_ratio,50,5,Batch_3,Batch_1,10,5,1.3216891568241553,1.2379069160996585,-0.0837822407244968,-0.3632018109849844,0.3796678807071281,-0.14951240168818924,-0.07269344591007476
ordinary_reference,graph_edge_length_iqr_ratio,50,5,Batch_3,Batch_2,10,7,1.3216891568241553,1.4529657479773155,0.13127659115316015,-0.35580635084214585,0.5350494471132301,0.04054088245102272,0.15330544208952346
ordinary_reference,graph_edge_length_iqr_ratio,50,5,Batch_1,Batch_2,5,7,1.2379069160996585,1.4529657479773155,0.21505883187765695,-0.26748622500327557,0.6165375811343248,0.12432312317551952,0.2807889928413494
ordinary_reference,graph_edge_axial_strength,50,5,Batch_3,Batch_1,10,5,0.05697699891200095,0.0632115974460047,0.006234598534003752,-0.05198914768654448,0.04385928614964975,4.2774035997811266e-05,0.015678066887450923
ordinary_reference,graph_edge_axial_strength,50,5,Batch_3,Batch_2,10,7,0.05697699891200095,0.08782217098321593,0.030845172071214982,-0.018586599322451436,0.1033152717294835,0.02601064081726747,0.05312722630741287
ordinary_reference,graph_edge_axial_strength,50,5,Batch_1,Batch_2,5,7,0.0632115974460047,0.08782217098321593,0.02461057353721123,-0.0154162928690331,0.12256389697620773,0.01516710518376406,0.04689262777340912
ordinary_reference,graph_log_area_assortativity,50,5,Batch_3,Batch_1,10,5,0.06927696771216454,0.045487930887621646,-0.0237890368245429,-0.08706871185749311,0.11584686082901262,-0.04375453265472906,0.015116212229686926
ordinary_reference,graph_log_area_assortativity,50,5,Batch_3,Batch_2,10,7,0.06927696771216454,0.07716038762863298,0.007883419916468432,-0.0769714971499005,0.08680180270343317,-0.005118460032471239,0.012159322712590473
ordinary_reference,graph_log_area_assortativity,50,5,Batch_1,Batch_2,5,7,0.045487930887621646,0.07716038762863298,0.03167245674101133,-0.11228077493219997,0.08959726496458036,-0.007232792313218495,0.05163795257119749
bright_usable,graph_edge_length_median_px,100,-5,Batch_3,Batch_1,17,5,191.52483637130945,179.37229430172755,-12.152542069581898,-32.75464134486538,22.2893994750913,-14.82886085686198,-5.484549535467323
bright_usable,graph_edge_length_median_px,100,-5,Batch_3,Batch_2,17,7,191.52483637130945,206.77908543795957,15.254249066650118,-33.13244202859909,40.83041145374247,3.849751053318897,18.275423180925827
bright_usable,graph_edge_length_median_px,100,-5,Batch_1,Batch_2,5,7,179.37229430172755,206.77908543795957,27.406791136232016,-28.247759039506462,48.21068532035687,16.002293122900795,30.427965250507725
bright_usable,graph_edge_length_iqr_ratio,100,-5,Batch_3,Batch_1,17,5,0.948814682736105,0.9373503755699122,-0.011464307166192844,-0.1741398035513545,0.2372308733904538,-0.026385301172368925,0.032325931097447747
bright_usable,graph_edge_length_iqr_ratio,100,-5,Batch_3,Batch_2,17,7,0.948814682736105,0.9113297144324936,-0.03748496830361148,-0.18261105057909843,0.1468442182663081,-0.05240596230978756,-0.0333225063662248
bright_usable,graph_edge_length_iqr_ratio,100,-5,Batch_1,Batch_2,5,7,0.9373503755699122,0.9113297144324936,-0.026020661137418633,-0.27471584169406527,0.15744073611800335,-0.06981089940105922,-0.01121150009913563
bright_usable,graph_edge_axial_strength,100,-5,Batch_3,Batch_1,17,5,0.0793896193931097,0.08230854942696529,0.002918930033855585,-0.05877791219571304,0.08433484884140566,-0.007549944232520367,0.02642298134349791
bright_usable,graph_edge_axial_strength,100,-5,Batch_3,Batch_2,17,7,0.0793896193931097,0.10324461223978826,0.023854992846678552,-0.0244963698896183,0.08887960495831157,0.017944177751038487,0.02998807850622992
bright_usable,graph_edge_axial_strength,100,-5,Batch_1,Batch_2,5,7,0.08230854942696529,0.10324461223978826,0.020936062812822967,-0.060663373175144,0.09428936406362906,-0.0025679884968193567,0.03140493707919892
bright_usable,graph_log_area_assortativity,100,-5,Batch_3,Batch_1,17,5,0.061998295134790826,0.02339581046002526,-0.03860248467476557,-0.11748779418671887,0.022416016378060254,-0.043495269066007564,-0.03674531974725351
bright_usable,graph_log_area_assortativity,100,-5,Batch_3,Batch_2,17,7,0.061998295134790826,0.08110692268194074,0.019108627547149912,-0.06123665889310629,0.1341499892561945,-0.0009966769372425216,0.046685433347535804
bright_usable,graph_log_area_assortativity,100,-5,Batch_1,Batch_2,5,7,0.02339581046002526,0.08110692268194074,0.05771111222191548,-0.009810127016954356,0.15859567507161573,0.03760580773752305,0.08528791802230137
quality_matched,graph_edge_length_median_px,100,-5,Batch_3,Batch_1,13,5,202.39011852216476,179.37229430172755,-23.017824220437205,-41.31736925653294,15.340374504933976,-27.40563590973602,-16.34983168632263
quality_matched,graph_edge_length_median_px,100,-5,Batch_3,Batch_2,13,7,202.39011852216476,206.77908543795957,4.388966915794811,-38.15832916492246,37.37613855606202,-7.01553109753641,7.41014103007052
quality_matched,graph_edge_length_median_px,100,-5,Batch_1,Batch_2,5,7,179.37229430172755,206.77908543795957,27.406791136232016,-28.247759039506462,48.21068532035687,16.002293122900795,30.427965250507725
quality_matched,graph_edge_length_iqr_ratio,100,-5,Batch_3,Batch_1,13,5,0.948814682736105,0.9373503755699122,-0.011464307166192844,-0.19286715065790372,0.2372308733904538,-0.026385301172368925,0.032325931097447747
quality_matched,graph_edge_length_iqr_ratio,100,-5,Batch_3,Batch_2,13,7,0.948814682736105,0.9113297144324936,-0.03748496830361148,-0.195852724696977,0.14912634564565563,-0.05240596230978756,-0.0333225063662248
quality_matched,graph_edge_length_iqr_ratio,100,-5,Batch_1,Batch_2,5,7,0.9373503755699122,0.9113297144324936,-0.026020661137418633,-0.27471584169406527,0.15744073611800335,-0.06981089940105922,-0.01121150009913563
quality_matched,graph_edge_axial_strength,100,-5,Batch_3,Batch_1,13,5,0.06717131733581416,0.08230854942696529,0.015137232091151129,-0.04519870739608139,0.08467971938494613,0.003117265966863278,0.03864128340079345
quality_matched,graph_edge_axial_strength,100,-5,Batch_3,Batch_2,13,7,0.06717131733581416,0.10324461223978826,0.036073294903974096,-0.023173530450654456,0.08887960495831157,0.024053328779686245,0.042206380563525464
quality_matched,graph_edge_axial_strength,100,-5,Batch_1,Batch_2,5,7,0.08230854942696529,0.10324461223978826,0.020936062812822967,-0.060663373175144,0.09428936406362906,-0.0025679884968193567,0.03140493707919892
quality_matched,graph_log_area_assortativity,100,-5,Batch_3,Batch_1,13,5,0.058283965279766696,0.02339581046002526,-0.03488815481974143,-0.11748779418671887,0.024887496604711682,-0.03674531974725351,-0.02424544013360477
quality_matched,graph_log_area_assortativity,100,-5,Batch_3,Batch_2,13,7,0.058283965279766696,0.08110692268194074,0.022822957402174042,-0.07198811277088633,0.14419876650951258,0.0027176529177816086,0.050399763202559934
quality_matched,graph_log_area_assortativity,100,-5,Batch_1,Batch_2,5,7,0.02339581046002526,0.08110692268194074,0.05771111222191548,-0.009810127016954356,0.15851400131864973,0.03760580773752305,0.08528791802230137
ordinary_reference,graph_edge_length_median_px,100,-5,Batch_3,Batch_1,10,5,206.77793021146357,179.37229430172755,-27.40563590973602,-41.31086515672308,17.785701150705307,-31.793447599034835,-20.737643375621445
ordinary_reference,graph_edge_length_median_px,100,-5,Batch_3,Batch_2,10,7,206.77793021146357,206.77908543795957,0.0011552264959959757,-38.15832916492246,40.83041145374247,-11.403342786835225,4.388966915794811
ordinary_reference,graph_edge_length_median_px,100,-5,Batch_1,Batch_2,5,7,179.37229430172755,206.77908543795957,27.406791136232016,-28.247759039506462,48.21068532035687,16.002293122900795,30.427965250507725
ordinary_reference,graph_edge_length_iqr_ratio,100,-5,Batch_3,Batch_1,10,5,0.9637356767422811,0.9373503755699122,-0.026385301172368925,-0.1992654681277043,0.2372308733904538,-0.041306295178545116,0.017404937091271666
ordinary_reference,graph_edge_length_iqr_ratio,100,-5,Batch_3,Batch_2,10,7,0.9637356767422811,0.9113297144324936,-0.05240596230978756,-0.21283422239096517,0.14696864077132443,-0.06732695631596375,-0.03748496830361148
ordinary_reference,graph_edge_length_iqr_ratio,100,-5,Batch_1,Batch_2,5,7,0.9373503755699122,0.9113297144324936,-0.026020661137418633,-0.27471584169406527,0.15744073611800335,-0.06981089940105922,-0.01121150009913563
ordinary_reference,graph_edge_axial_strength,100,-5,Batch_3,Batch_1,10,5,0.06809652639461708,0.08230854942696529,0.014212023032348212,-0.04959933806759393,0.09301127567546899,-0.008902700157424559,0.037716074341990535
ordinary_reference,graph_edge_axial_strength,100,-5,Batch_3,Batch_2,10,7,0.06809652639461708,0.10324461223978826,0.03514808584517118,-0.0235271703014511,0.11085079702476841,0.012033362655398408,0.05826280903494396
ordinary_reference,graph_edge_axial_strength,100,-5,Batch_1,Batch_2,5,7,0.08230854942696529,0.10324461223978826,0.020936062812822967,-0.060663373175144,0.09428936406362906,-0.0025679884968193567,0.03140493707919892
ordinary_reference,graph_log_area_assortativity,100,-5,Batch_3,Batch_1,10,5,0.020622640054043243,0.02339581046002526,0.0027731704059820173,-0.08948861602401695,0.049779635808168764,-0.013602725447468104,0.01914906625943214
ordinary_reference,graph_log_area_assortativity,100,-5,Batch_3,Batch_2,10,7,0.020622640054043243,0.08110692268194074,0.0604842826278975,-0.030887550204118958,0.16813752107642047,0.040378978143505065,0.08806108842828339
ordinary_reference,graph_log_area_assortativity,100,-5,Batch_1,Batch_2,5,7,0.02339581046002526,0.08110692268194074,0.05771111222191548,-0.009810127016954356,0.16178095143727786,0.03760580773752305,0.08528791802230137
bright_usable,graph_edge_length_median_px,100,0,Batch_3,Batch_1,17,5,208.44577099499594,204.543582350541,-3.9021886444549523,-45.035478688758104,31.833162456691753,-4.477796965273029,2.9364864454798294
bright_usable,graph_edge_length_median_px,100,0,Batch_3,Batch_2,17,7,208.44577099499594,217.87962920866127,9.433858213665332,-41.14343862138773,52.15381286838618,-2.8682350018166574,11.789263460962445
bright_usable,graph_edge_length_median_px,100,0,Batch_1,Batch_2,5,7,204.543582350541,217.87962920866127,13.336046858120284,-43.757982466011214,53.31812026078728,1.033953642638295,14.36722829363589
bright_usable,graph_edge_length_iqr_ratio,100,0,Batch_3,Batch_1,17,5,0.9466480325758008,1.0592166481914342,0.11256861561563347,-0.09288558908171918,0.19089136855680922,0.06994466519598064,0.11694548677219285
bright_usable,graph_edge_length_iqr_ratio,100,0,Batch_3,Batch_2,17,7,0.9466480325758008,0.991172261814574,0.044524229238773194,-0.2220696955172783,0.1762919942015727,0.011772612557267692,0.0591173498053198
bright_usable,graph_edge_length_iqr_ratio,100,0,Batch_1,Batch_2,5,7,1.0592166481914342,0.991172261814574,-0.06804438637686028,-0.23499713974089365,0.13411856340757156,-0.10079600305836578,-0.025420435957207443
bright_usable,graph_edge_axial_strength,100,0,Batch_3,Batch_1,17,5,0.0858103460287758,0.0792202882534468,-0.006590057775328992,-0.06481958531543179,0.041450884989957956,-0.014558904244061935,0.007047607750592627
bright_usable,graph_edge_axial_strength,100,0,Batch_3,Batch_2,17,7,0.0858103460287758,0.11845668759122333,0.03264634156244753,-0.024459888180454373,0.07110290600633512,0.022879806229678237,0.037109531515509386
bright_usable,graph_edge_axial_strength,100,0,Batch_1,Batch_2,5,7,0.0792202882534468,0.11845668759122333,0.03923639933777652,-0.0235615475528142,0.10625641860117623,0.0255987338118549,0.0456755707296935
bright_usable,graph_log_area_assortativity,100,0,Batch_3,Batch_1,17,5,0.04035173253477249,0.04987382003374881,0.009522087498976317,-0.09540035188370885,0.07212388998868241,-0.004597145826451585,0.015018482484631064
bright_usable,graph_log_area_assortativity,100,0,Batch_3,Batch_2,17,7,0.04035173253477249,0.0379470679457712,-0.002404664589001293,-0.047521325708828145,0.09923351470697109,-0.009403117542507985,0.010138850774005108
bright_usable,graph_log_area_assortativity,100,0,Batch_1,Batch_2,5,7,0.04987382003374881,0.0379470679457712,-0.01192675208797761,-0.07553318451197187,0.11808271802072036,-0.018925205041484303,0.0021924812374502917
quality_matched,graph_edge_length_median_px,100,0,Batch_3,Batch_1,13,5,215.60638868578707,204.543582350541,-11.06280633524608,-51.307263022419846,22.171084416035477,-11.319840344415638,-4.224131245311298
quality_matched,graph_edge_length_median_px,100,0,Batch_3,Batch_2,13,7,215.60638868578707,217.87962920866127,2.273240522874204,-53.457287521626085,50.687919708286444,-10.028852692607785,8.208954615566881
quality_matched,graph_edge_length_median_px,100,0,Batch_1,Batch_2,5,7,204.543582350541,217.87962920866127,13.336046858120284,-43.757982466011214,53.31812026078728,1.033953642638295,14.36722829363589
quality_matched,graph_edge_length_iqr_ratio,100,0,Batch_3,Batch_1,13,5,0.9317953165581275,1.0592166481914342,0.1274213316333067,-0.12303367439028834,0.21730074802920418,0.06727205590902297,0.14291973096600197
quality_matched,graph_edge_length_iqr_ratio,100,0,Batch_3,Batch_2,13,7,0.9317953165581275,0.991172261814574,0.059376945256446434,-0.24966260564863751,0.21068656750699416,-0.0007723304678373122,0.07487534458914169
quality_matched,graph_edge_length_iqr_ratio,100,0,Batch_1,Batch_2,5,7,1.0592166481914342,0.991172261814574,-0.06804438637686028,-0.23499713974089365,0.13411856340757156,-0.10079600305836578,-0.025420435957207443
quality_matched,graph_edge_axial_strength,100,0,Batch_3,Batch_1,13,5,0.07688396612265207,0.0792202882534468,0.002336322130794738,-0.06481958531543179,0.049911600922795146,-0.004102849261122241,0.015973987656716357
quality_matched,graph_edge_axial_strength,100,0,Batch_3,Batch_2,13,7,0.07688396612265207,0.11845668759122333,0.04157272146857126,-0.024459888180454373,0.07989339772963203,0.03180618613580197,0.04596796733021971
quality_matched,graph_edge_axial_strength,100,0,Batch_1,Batch_2,5,7,0.0792202882534468,0.11845668759122333,0.03923639933777652,-0.0235615475528142,0.10625641860117623,0.0255987338118549,0.0456755707296935
quality_matched,graph_log_area_assortativity,100,0,Batch_3,Batch_1,13,5,0.029358942563462997,0.04987382003374881,0.02051487747028581,-0.08440756191239936,0.07538601886237889,0.006395644144857909,0.02214594190713405
quality_matched,graph_log_area_assortativity,100,0,Batch_3,Batch_2,13,7,0.029358942563462997,0.0379470679457712,0.008588125382308201,-0.047521325708828145,0.1198965704937818,0.0015896724288015085,0.021131640745314602
quality_matched,graph_log_area_assortativity,100,0,Batch_1,Batch_2,5,7,0.04987382003374881,0.0379470679457712,-0.01192675208797761,-0.0618862012526337,0.11808271802072036,-0.018925205041484303,0.0021924812374502917
ordinary_reference,graph_edge_length_median_px,100,0,Batch_3,Batch_1,10,5,209.80186623534777,204.543582350541,-5.2582838848067865,-48.34413015634581,34.26794845449206,-11.325189619752848,1.5803912051279951
ordinary_reference,graph_edge_length_median_px,100,0,Batch_3,Batch_2,10,7,209.80186623534777,217.87962920866127,8.077762973313497,-49.62169134237203,52.93177515792601,-4.224330242168492,14.144668708259559
ordinary_reference,graph_edge_length_median_px,100,0,Batch_1,Batch_2,5,7,204.543582350541,217.87962920866127,13.336046858120284,-43.757982466011214,53.31812026078728,1.033953642638295,14.36722829363589
ordinary_reference,graph_edge_length_iqr_ratio,100,0,Batch_3,Batch_1,10,5,0.9162969172254323,1.0592166481914342,0.14291973096600197,-0.1284139212358456,0.22802009301678372,0.10029578054634913,0.1584181302986971
ordinary_reference,graph_edge_length_iqr_ratio,100,0,Batch_3,Batch_2,10,7,0.9162969172254323,0.991172261814574,0.07487534458914169,-0.19989255659817462,0.23251356467862438,0.04212372790763619,0.09037374392183684
ordinary_reference,graph_edge_length_iqr_ratio,100,0,Batch_1,Batch_2,5,7,1.0592166481914342,0.991172261814574,-0.06804438637686028,-0.23499713974089365,0.13411856340757156,-0.10079600305836578,-0.025420435957207443
ordinary_reference,graph_edge_axial_strength,100,0,Batch_3,Batch_1,10,5,0.08134715607571394,0.0792202882534468,-0.002126867822267134,-0.06481958531543179,0.041450884989957956,-0.008566039214184112,0.011510797703654485
ordinary_reference,graph_edge_axial_strength,100,0,Batch_3,Batch_2,10,7,0.08134715607571394,0.11845668759122333,0.037109531515509386,-0.024459888180454373,0.06915526371083368,0.027342996182740095,0.04157272146857126
ordinary_reference,graph_edge_axial_strength,100,0,Batch_1,Batch_2,5,7,0.0792202882534468,0.11845668759122333,0.03923639933777652,-0.0235615475528142,0.10625641860117623,0.0255987338118549,0.0456755707296935
ordinary_reference,graph_log_area_assortativity,100,0,Batch_3,Batch_1,10,5,0.028404752400514738,0.04987382003374881,0.02146906763323407,-0.08440756191239936,0.09064209802555222,0.007349834307806169,0.02310013207008231
ordinary_reference,graph_log_area_assortativity,100,0,Batch_3,Batch_2,10,7,0.028404752400514738,0.0379470679457712,0.00954231554525646,-0.05480361162747093,0.12408383080322113,0.002543862591749768,0.02208583090826286
ordinary_reference,graph_log_area_assortativity,100,0,Batch_1,Batch_2,5,7,0.04987382003374881,0.0379470679457712,-0.01192675208797761,-0.07553318451197187,0.11808271802072036,-0.018925205041484303,0.0021924812374502917
bright_usable,graph_edge_length_median_px,100,5,Batch_3,Batch_1,17,5,200.80314022187554,235.95950025018476,35.15636002830922,-50.13444402728297,46.7263292033675,23.001374131607804,36.43188562054215
bright_usable,graph_edge_length_median_px,100,5,Batch_3,Batch_2,17,7,200.80314022187554,196.19792831776104,-4.605211904114498,-49.79126428237705,64.85342758024763,-11.61249687299454,7.374201643422225
bright_usable,graph_edge_length_median_px,100,5,Batch_1,Batch_2,5,7,235.95950025018476,196.19792831776104,-39.76157193242372,-82.57682415477564,49.632697189114964,-46.768856901303764,-27.6065860357223
bright_usable,graph_edge_length_iqr_ratio,100,5,Batch_3,Batch_1,17,5,1.1399423341675683,1.11601843032406,-0.0239239038435084,-0.24470309117708644,0.2352314876537982,-0.041707366045744765,0.006431895841655155
bright_usable,graph_edge_length_iqr_ratio,100,5,Batch_3,Batch_2,17,7,1.1399423341675683,1.0866869208426222,-0.0532554133249461,-0.24977956709080662,0.36455781453084324,-0.07565238156440879,0.03812380990277475
bright_usable,graph_edge_length_iqr_ratio,100,5,Batch_1,Batch_2,5,7,1.11601843032406,1.0866869208426222,-0.0293315094814377,-0.2633252200946349,0.3584924341554998,-0.059687309166601255,0.06204771374628315
bright_usable,graph_edge_axial_strength,100,5,Batch_3,Batch_1,17,5,0.0805645974876627,0.05514660400625703,-0.025417993481405672,-0.05770489293781005,0.05093447907757869,-0.028286147777357655,-0.0010110493406831622
bright_usable,graph_edge_axial_strength,100,5,Batch_3,Batch_2,17,7,0.0805645974876627,0.09789548912244816,0.01733089163478546,-0.026614349424642178,0.06764025162580539,0.010419538209129275,0.030649340781867596
bright_usable,graph_edge_axial_strength,100,5,Batch_1,Batch_2,5,7,0.05514660400625703,0.09789548912244816,0.04274888511619113,-0.044196909664938666,0.10167268286675979,0.018341940975468624,0.05606733426327327
bright_usable,graph_log_area_assortativity,100,5,Batch_3,Batch_1,17,5,0.013868388929812077,0.021614283444747598,0.007745894514935521,-0.07002854709721236,0.12633825748031174,-0.0021604627001321312,0.04180512505151184
bright_usable,graph_log_area_assortativity,100,5,Batch_3,Batch_2,17,7,0.013868388929812077,0.07942654019867892,0.06555815126886685,-0.0962325409880496,0.08316939032028053,0.033833236064001716,0.06974865775200997
bright_usable,graph_log_area_assortativity,100,5,Batch_1,Batch_2,5,7,0.021614283444747598,0.07942654019867892,0.057812256753931326,-0.12480313513637042,0.08626182429907789,0.023753026217355006,0.062002763237074446
quality_matched,graph_edge_length_median_px,100,5,Batch_3,Batch_1,13,5,205.47755345930102,235.95950025018476,30.48194679088374,-54.80885726470845,45.969249278976264,18.32696089418232,32.81915340959648
quality_matched,graph_edge_length_median_px,100,5,Batch_3,Batch_2,13,7,205.47755345930102,196.19792831776104,-9.27962514153998,-67.85103478269184,61.236165348412555,-18.433229443172877,2.699788405996742
quality_matched,graph_edge_length_median_px,100,5,Batch_1,Batch_2,5,7,235.95950025018476,196.19792831776104,-39.76157193242372,-82.57682415477564,49.632697189114964,-46.768856901303764,-27.6065860357223
quality_matched,graph_edge_length_iqr_ratio,100,5,Batch_3,Batch_1,13,5,1.0866736771650085,1.11601843032406,0.029344753159051384,-0.22898940102500398,0.23965717193182223,0.002710424657771604,0.0637460070047906
quality_matched,graph_edge_length_iqr_ratio,100,5,Batch_3,Batch_2,13,7,1.0866736771650085,1.0866869208426222,1.3243677613683502e-05,-0.24225121471989863,0.3915394841601202,-0.026621084823666097,0.09139246690533454
quality_matched,graph_edge_length_iqr_ratio,100,5,Batch_1,Batch_2,5,7,1.11601843032406,1.0866869208426222,-0.0293315094814377,-0.2633252200946349,0.3584924341554998,-0.059687309166601255,0.06204771374628315
quality_matched,graph_edge_axial_strength,100,5,Batch_3,Batch_1,13,5,0.06238688469451084,0.05514660400625703,-0.00724028068825381,-0.05545507653249214,0.051826085133488436,-0.01632913708482974,0.0171666634524687
quality_matched,graph_edge_axial_strength,100,5,Batch_3,Batch_2,13,7,0.06238688469451084,0.09789548912244816,0.035508604427937324,-0.02653732345680329,0.07150637420648909,0.026419748031361392,0.04882705357501946
quality_matched,graph_edge_axial_strength,100,5,Batch_1,Batch_2,5,7,0.05514660400625703,0.09789548912244816,0.04274888511619113,-0.044196909664938666,0.10167268286675979,0.018341940975468624,0.05606733426327327
quality_matched,graph_log_area_assortativity,100,5,Batch_3,Batch_1,13,5,0.03368110335994738,0.021614283444747598,-0.012066819915199783,-0.07788585588801088,0.10652554305017643,-0.03494206061217516,0.021992410621376537
quality_matched,graph_log_area_assortativity,100,5,Batch_3,Batch_2,13,7,0.03368110335994738,0.07942654019867892,0.04574543683873154,-0.11450197537236834,0.09134241465064885,0.014020521633866412,0.055687574940101785
quality_matched,graph_log_area_assortativity,100,5,Batch_1,Batch_2,5,7,0.021614283444747598,0.07942654019867892,0.057812256753931326,-0.12480313513637042,0.08626182429907789,0.023753026217355006,0.062002763237074446
ordinary_reference,graph_edge_length_median_px,100,5,Batch_3,Batch_1,10,5,203.14034684058828,235.95950025018476,32.81915340959648,-52.47165064599571,46.59694950447741,20.664167512895062,35.15636002830922
ordinary_reference,graph_edge_length_median_px,100,5,Batch_3,Batch_2,10,7,203.14034684058828,196.19792831776104,-6.942418522827239,-58.77231948068297,60.85762538621694,-13.949703491707282,5.0369950247094835
ordinary_reference,graph_edge_length_median_px,100,5,Batch_1,Batch_2,5,7,235.95950025018476,196.19792831776104,-39.76157193242372,-82.57682415477564,49.632697189114964,-46.768856901303764,-27.6065860357223
ordinary_reference,graph_edge_length_iqr_ratio,100,5,Batch_3,Batch_1,10,5,1.0522724233192693,1.11601843032406,0.0637460070047906,-0.1757207440224442,0.2476130245303998,0.029344753159051384,0.09814726085053005
ordinary_reference,graph_edge_length_iqr_ratio,100,5,Batch_3,Batch_2,10,7,1.0522724233192693,1.0866869208426222,0.034414497523352905,-0.22506070218029928,0.3932604862795039,1.3243677613683502e-05,0.12579372075107376
ordinary_reference,graph_edge_length_iqr_ratio,100,5,Batch_1,Batch_2,5,7,1.11601843032406,1.0866869208426222,-0.0293315094814377,-0.2633252200946349,0.3584924341554998,-0.059687309166601255,0.06204771374628315
ordinary_reference,graph_edge_axial_strength,100,5,Batch_3,Batch_1,10,5,0.0602764864744013,0.05514660400625703,-0.005129882468144269,-0.04861603654123412,0.051834626746370495,-0.00724028068825381,0.01927706167257824
ordinary_reference,graph_edge_axial_strength,100,5,Batch_3,Batch_2,10,7,0.0602764864744013,0.09789548912244816,0.037619002648046865,-0.02366916916085131,0.07150637420648909,0.03070764922239068,0.050937451795129
ordinary_reference,graph_edge_axial_strength,100,5,Batch_1,Batch_2,5,7,0.05514660400625703,0.09789548912244816,0.04274888511619113,-0.044196909664938666,0.07503578457259552,0.018341940975468624,0.05606733426327327
ordinary_reference,graph_log_area_assortativity,100,5,Batch_3,Batch_1,10,5,0.02373896525857714,0.021614283444747598,-0.0021246818138295417,-0.068040808136926,0.12195664183569713,-0.012066819915199783,0.03193454872274678
ordinary_reference,graph_log_area_assortativity,100,5,Batch_3,Batch_2,10,7,0.02373896525857714,0.07942654019867892,0.055687574940101785,-0.09594979279513056,0.10743755641498229,0.023962659735236654,0.06562971304147203
ordinary_reference,graph_log_area_assortativity,100,5,Batch_1,Batch_2,5,7,0.021614283444747598,0.07942654019867892,0.057812256753931326,-0.12480313513637042,0.08626182429907789,0.023753026217355006,0.062002763237074446
