res,method,summary,subset,covariate,n,rho,p
518,balanced,novelty_median,pooled,bright_sep,30,0.07814294109422995,0.681476987561372
518,balanced,novelty_median,pooled,bse_p1,31,-0.3389403258495905,0.06214906707273037
518,balanced,novelty_median,pooled,bse_std,31,0.4258064516129033,0.01692629232580662
518,balanced,novelty_median,pooled,bse_empty_bin_frac,31,-0.17660723365490968,0.3419099232503692
518,balanced,novelty_median,pooled,etd_boundary_sharpness,31,-0.01088709677419355,0.9536471583154607
518,balanced,novelty_median,pooled,H,31,0.1497531490429291,0.4213532803794683
518,balanced,novelty_median,Batch_3,bright_sep,17,0.07178569686580889,0.784247471701147
518,balanced,novelty_median,Batch_3,bse_p1,17,-0.14955387321318842,0.5667151054437285
518,balanced,novelty_median,Batch_3,bse_std,17,0.17647058823529413,0.49806765732373415
518,balanced,novelty_median,Batch_3,bse_empty_bin_frac,17,-0.38372259204514003,0.1283793190442708
518,balanced,novelty_median,Batch_3,etd_boundary_sharpness,17,-0.4852941176470589,0.04830819428425832
518,balanced,novelty_median,Batch_3,H,17,-0.3605091773430253,0.1551624669784253
518,balanced,novelty_median,Batch_1,bright_sep,6,-0.40583972495671394,0.42466250756136453
518,balanced,novelty_median,Batch_1,bse_p1,7,,
518,balanced,novelty_median,Batch_1,bse_std,7,-0.21428571428571433,0.6445115810207203
518,balanced,novelty_median,Batch_1,bse_empty_bin_frac,7,0.6071428571428572,0.1482311614811614
518,balanced,novelty_median,Batch_1,etd_boundary_sharpness,7,-0.5,0.2531699951003227
518,balanced,novelty_median,Batch_1,H,7,0.9189562119494703,0.003436626156217532
518,balanced,novelty_median,Batch_2,bright_sep,7,-0.03571428571428572,0.9394082054712856
518,balanced,novelty_median,Batch_2,bse_p1,7,,
518,balanced,novelty_median,Batch_2,bse_std,7,0.03571428571428572,0.9394082054712856
518,balanced,novelty_median,Batch_2,bse_empty_bin_frac,7,-0.42857142857142866,0.337368311085824
518,balanced,novelty_median,Batch_2,etd_boundary_sharpness,7,0.6785714285714287,0.0937502539598313
518,balanced,novelty_median,Batch_2,H,7,0.07207499701564472,0.8779592508225129
518,balanced,novelty_median,ordinary_only,bright_sep,22,0.0068261252041586255,0.9759484994527048
518,balanced,novelty_median,ordinary_only,bse_p1,22,-0.0829227406043124,0.7137147701534811
518,balanced,novelty_median,ordinary_only,bse_std,22,0.24562394127611523,0.2705413751806721
518,balanced,novelty_median,ordinary_only,bse_empty_bin_frac,22,-0.5139791224443437,0.014405656493613838
518,balanced,novelty_median,ordinary_only,etd_boundary_sharpness,22,0.07961603613777528,0.7246926801743927
518,balanced,novelty_median,ordinary_only,H,22,0.06244768649288703,0.7824886306103103
518,balanced,novelty_p90,pooled,bright_sep,30,0.10359521333635055,0.5859093712806663
518,balanced,novelty_p90,pooled,bse_p1,31,-0.3640044340704896,0.04410801984834567
518,balanced,novelty_p90,pooled,bse_std,31,0.5379032258064517,0.0018021894430989766
518,balanced,novelty_p90,pooled,bse_empty_bin_frac,31,-0.027651646869397285,0.8826118399365499
518,balanced,novelty_p90,pooled,etd_boundary_sharpness,31,-0.13991935483870968,0.4528159402963061
518,balanced,novelty_p90,pooled,H,31,0.04229514614861106,0.8212690594848098
518,balanced,novelty_p90,Batch_3,bright_sep,17,0.12253075844336346,0.63942857243635
518,balanced,novelty_p90,Batch_3,bse_p1,17,-0.19691259973069805,0.44874228789226833
518,balanced,novelty_p90,Batch_3,bse_std,17,0.232843137254902,0.36845965485437604
518,balanced,novelty_p90,Batch_3,bse_empty_bin_frac,17,-0.19124437867201516,0.4621641148647202
518,balanced,novelty_p90,Batch_3,etd_boundary_sharpness,17,-0.7083333333333334,0.0014610497738465624
518,balanced,novelty_p90,Batch_3,H,17,-0.35802290715445273,0.15823988515616735
518,balanced,novelty_p90,Batch_1,bright_sep,6,0.028988551782622423,0.9565293523898406
518,balanced,novelty_p90,Batch_1,bse_p1,7,,
518,balanced,novelty_p90,Batch_1,bse_std,7,0.28571428571428575,0.5345092286010406
518,balanced,novelty_p90,Batch_1,bse_empty_bin_frac,7,0.8928571428571429,0.006807187408935392
518,balanced,novelty_p90,Batch_1,etd_boundary_sharpness,7,-0.5,0.2531699951003227
518,balanced,novelty_p90,Batch_1,H,7,0.5585812268712466,0.19245253188052203
518,balanced,novelty_p90,Batch_2,bright_sep,7,-0.10714285714285716,0.8191508555699912
518,balanced,novelty_p90,Batch_2,bse_p1,7,,
518,balanced,novelty_p90,Batch_2,bse_std,7,0.642857142857143,0.11939237342741094
518,balanced,novelty_p90,Batch_2,bse_empty_bin_frac,7,-0.07142857142857144,0.8790481931481541
518,balanced,novelty_p90,Batch_2,etd_boundary_sharpness,7,-0.03571428571428572,0.9394082054712856
518,balanced,novelty_p90,Batch_2,H,7,-0.12613124477737828,0.7875721594074739
518,balanced,novelty_p90,ordinary_only,bright_sep,22,0.1001165029943265,0.6575531706749633
518,balanced,novelty_p90,ordinary_only,bse_p1,22,-0.21127272171359593,0.34525840626343174
518,balanced,novelty_p90,ordinary_only,bse_std,22,0.45454545454545453,0.033562881866437355
518,balanced,novelty_p90,ordinary_only,bse_empty_bin_frac,22,-0.24682294121777826,0.2681348262136824
518,balanced,novelty_p90,ordinary_only,etd_boundary_sharpness,22,0.009599096555618296,0.9661826982649286
518,balanced,novelty_p90,ordinary_only,H,22,-0.056202917843598335,0.8038069141512555
518,unbalanced,novelty_median,pooled,bright_sep,30,0.07300783353660913,0.7014223384354299
518,unbalanced,novelty_median,pooled,bse_p1,31,-0.3968867044887335,0.027059749507263708
518,unbalanced,novelty_median,pooled,bse_std,31,0.43830645161290327,0.0136503817978844
518,unbalanced,novelty_median,pooled,bse_empty_bin_frac,31,-0.1213039399161151,0.5156636241841828
518,unbalanced,novelty_median,pooled,etd_boundary_sharpness,31,0.017338709677419357,0.9262392383389881
518,unbalanced,novelty_median,pooled,H,31,0.13740863270290385,0.46104525177657607
518,unbalanced,novelty_median,Batch_3,bright_sep,17,0.11634233629975924,0.656558910226875
518,unbalanced,novelty_median,Batch_3,bse_p1,17,-0.23928619714110144,0.35497074184651267
518,unbalanced,novelty_median,Batch_3,bse_std,17,0.2622549019607843,0.3092086598982379
518,unbalanced,novelty_median,Batch_3,bse_empty_bin_frac,17,-0.28501581595635805,0.2674999520364831
518,unbalanced,novelty_median,Batch_3,etd_boundary_sharpness,17,-0.44852941176470595,0.07094643963763714
518,unbalanced,novelty_median,Batch_3,H,17,-0.2797053962144162,0.27690450477322337
518,unbalanced,novelty_median,Batch_1,bright_sep,6,-0.3188740696088466,0.5379005604702051
518,unbalanced,novelty_median,Batch_1,bse_p1,7,,
518,unbalanced,novelty_median,Batch_1,bse_std,7,-0.14285714285714288,0.7599453002180929
518,unbalanced,novelty_median,Batch_1,bse_empty_bin_frac,7,0.5714285714285715,0.1802019889115274
518,unbalanced,novelty_median,Batch_1,etd_boundary_sharpness,7,-0.42857142857142866,0.337368311085824
518,unbalanced,novelty_median,Batch_1,H,7,0.8108437164260032,0.02691632884316199
518,unbalanced,novelty_median,Batch_2,bright_sep,7,-0.3214285714285715,0.4820720382996776
518,unbalanced,novelty_median,Batch_2,bse_p1,7,,
518,unbalanced,novelty_median,Batch_2,bse_std,7,0.07142857142857144,0.8790481931481541
518,unbalanced,novelty_median,Batch_2,bse_empty_bin_frac,7,-0.03571428571428572,0.9394082054712856
518,unbalanced,novelty_median,Batch_2,etd_boundary_sharpness,7,0.3214285714285715,0.4820720382996776
518,unbalanced,novelty_median,Batch_2,H,7,-0.01801874925391118,0.9694153868031987
518,unbalanced,novelty_median,ordinary_only,bright_sep,22,-0.05574668916729544,0.805369865369178
518,unbalanced,novelty_median,ordinary_only,bse_p1,22,-0.1478187984685569,0.5115141279545692
518,unbalanced,novelty_median,ordinary_only,bse_std,22,0.2241671372106155,0.3159085603715587
518,unbalanced,novelty_median,ordinary_only,bse_empty_bin_frac,22,-0.45523865130784735,0.03325969851258058
518,unbalanced,novelty_median,ordinary_only,etd_boundary_sharpness,22,0.05702992659514399,0.8009755903446723
518,unbalanced,novelty_median,ordinary_only,H,22,0.026114487078843666,0.9081620551897425
518,unbalanced,novelty_p90,pooled,bright_sep,30,0.1138654284515922,0.5490929349368533
518,unbalanced,novelty_p90,pooled,bse_p1,31,-0.3226141636139589,0.07671068317997524
518,unbalanced,novelty_p90,pooled,bse_std,31,0.5137096774193549,0.0031177435832615576
518,unbalanced,novelty_p90,pooled,bse_empty_bin_frac,31,0.04601879916950789,0.8058195171283214
518,unbalanced,novelty_p90,pooled,etd_boundary_sharpness,31,-0.22016129032258067,0.23400574887892492
518,unbalanced,novelty_p90,pooled,H,31,0.015177684024621194,0.9354120732929984
518,unbalanced,novelty_p90,Batch_3,bright_sep,17,0.18070192659324308,0.48765097411570046
518,unbalanced,novelty_p90,Batch_3,bse_p1,17,-0.26795068950696255,0.2984292285436877
518,unbalanced,novelty_p90,Batch_3,bse_std,17,0.29901960784313725,0.24365533759455602
518,unbalanced,novelty_p90,Batch_3,bse_empty_bin_frac,17,-0.11474662720320908,0.6610028151638241
518,unbalanced,novelty_p90,Batch_3,etd_boundary_sharpness,17,-0.6813725490196079,0.002596603135725265
518,unbalanced,novelty_p90,Batch_3,H,17,-0.3219719894201502,0.20756209483537522
518,unbalanced,novelty_p90,Batch_1,bright_sep,6,0.028988551782622423,0.9565293523898406
518,unbalanced,novelty_p90,Batch_1,bse_p1,7,,
518,unbalanced,novelty_p90,Batch_1,bse_std,7,0.42857142857142866,0.337368311085824
518,unbalanced,novelty_p90,Batch_1,bse_empty_bin_frac,7,0.9285714285714288,0.0025194724037946874
518,unbalanced,novelty_p90,Batch_1,etd_boundary_sharpness,7,-0.5357142857142858,0.21521745567801273
518,unbalanced,novelty_p90,Batch_1,H,7,0.5585812268712466,0.19245253188052203
518,unbalanced,novelty_p90,Batch_2,bright_sep,7,-0.28571428571428575,0.5345092286010406
518,unbalanced,novelty_p90,Batch_2,bse_p1,7,,
518,unbalanced,novelty_p90,Batch_2,bse_std,7,0.6071428571428572,0.1482311614811614
518,unbalanced,novelty_p90,Batch_2,bse_empty_bin_frac,7,0.0,1.0
518,unbalanced,novelty_p90,Batch_2,etd_boundary_sharpness,7,-0.10714285714285716,0.8191508555699912
518,unbalanced,novelty_p90,Batch_2,H,7,-0.09009374626955591,0.8476720796198265
518,unbalanced,novelty_p90,ordinary_only,bright_sep,22,0.11263106586861733,0.617749587637753
518,unbalanced,novelty_p90,ordinary_only,bse_p1,22,-0.12402357725166725,0.5823904361710555
518,unbalanced,novelty_p90,ordinary_only,bse_std,22,0.4116318464144552,0.056988955031243044
518,unbalanced,novelty_p90,ordinary_only,bse_empty_bin_frac,22,-0.2033324000878723,0.3641023968726481
518,unbalanced,novelty_p90,ordinary_only,etd_boundary_sharpness,22,-0.1101072840203275,0.6256982903977764
518,unbalanced,novelty_p90,ordinary_only,H,22,-0.1317078478759072,0.5590459818089071
224,balanced,novelty_median,pooled,bright_sep,30,-0.27417009046775537,0.14260857654422085
224,balanced,novelty_median,pooled,bse_p1,31,0.1611921088334891,0.3863347220990736
224,balanced,novelty_median,pooled,bse_std,31,-0.049193548387096775,0.7927036191007251
224,balanced,novelty_median,pooled,bse_empty_bin_frac,31,-0.21051582251665235,0.255650565206564
224,balanced,novelty_median,pooled,etd_boundary_sharpness,31,-0.14919354838709678,0.4231103795680946
224,balanced,novelty_median,pooled,H,31,0.17383507436199472,0.3496613972530346
224,balanced,novelty_median,Batch_3,bright_sep,17,-0.1522351847326637,0.5596992547078623
224,balanced,novelty_median,Batch_3,bse_p1,17,0.24427132624820772,0.34472865748064063
224,balanced,novelty_median,Batch_3,bse_std,17,-0.27450980392156865,0.28629837865879204
224,balanced,novelty_median,Batch_3,bse_empty_bin_frac,17,-0.30722484057633404,0.23032727151985888
224,balanced,novelty_median,Batch_3,etd_boundary_sharpness,17,-0.42156862745098045,0.09191262861281846
224,balanced,novelty_median,Batch_3,H,17,-0.16160756225721826,0.5354775469625883
224,balanced,novelty_median,Batch_1,bright_sep,6,-0.23190841426097938,0.658373571260927
224,balanced,novelty_median,Batch_1,bse_p1,7,,
224,balanced,novelty_median,Batch_1,bse_std,7,0.21428571428571433,0.6445115810207203
224,balanced,novelty_median,Batch_1,bse_empty_bin_frac,7,0.7500000000000002,0.05218140045705776
224,balanced,novelty_median,Batch_1,etd_boundary_sharpness,7,-0.5357142857142858,0.21521745567801273
224,balanced,novelty_median,Batch_1,H,7,0.7387687194103585,0.05785849689569273
224,balanced,novelty_median,Batch_2,bright_sep,7,-0.3214285714285715,0.4820720382996776
224,balanced,novelty_median,Batch_2,bse_p1,7,,
224,balanced,novelty_median,Batch_2,bse_std,7,0.0,1.0
224,balanced,novelty_median,Batch_2,bse_empty_bin_frac,7,-0.07142857142857144,0.8790481931481541
224,balanced,novelty_median,Batch_2,etd_boundary_sharpness,7,0.5714285714285715,0.1802019889115274
224,balanced,novelty_median,Batch_2,H,7,0.6486749731408026,0.11499598135612574
224,balanced,novelty_median,ordinary_only,bright_sep,22,0.02787334458364772,0.9020044883773756
224,balanced,novelty_median,ordinary_only,bse_p1,22,0.05696431745861461,0.8012001203368501
224,balanced,novelty_median,ordinary_only,bse_std,22,0.02089215132693394,0.9264735945676482
224,balanced,novelty_median,ordinary_only,bse_empty_bin_frac,22,-0.2835357356780886,0.20100027944110077
224,balanced,novelty_median,ordinary_only,etd_boundary_sharpness,22,0.18125352907961606,0.4195232910334422
224,balanced,novelty_median,ordinary_only,H,22,0.07266639882808673,0.7479334304208911
224,balanced,novelty_p90,pooled,bright_sep,30,-0.24090352411621171,0.19970193242448508
224,balanced,novelty_p90,pooled,bse_p1,31,0.0022994594698072623,0.9902048450824985
224,balanced,novelty_p90,pooled,bse_std,31,0.12217741935483874,0.5126220106327443
224,balanced,novelty_p90,pooled,bse_empty_bin_frac,31,-0.3195077152865395,0.07975748422627318
224,balanced,novelty_p90,pooled,etd_boundary_sharpness,31,-0.035483870967741936,0.8496959023092027
224,balanced,novelty_p90,pooled,H,31,0.014570576663636344,0.9379905542960347
224,balanced,novelty_p90,Batch_3,bright_sep,17,-0.17080045116347634,0.5121905276310077
224,balanced,novelty_p90,Batch_3,bse_p1,17,0.32901852106901447,0.19722037263854578
224,balanced,novelty_p90,Batch_3,bse_std,17,-0.35294117647058826,0.16465797331641727
224,balanced,novelty_p90,Batch_3,bse_empty_bin_frac,17,-0.6058128382448995,0.009952171335511966
224,balanced,novelty_p90,Batch_3,etd_boundary_sharpness,17,-0.2916666666666667,0.2560026072263
224,balanced,novelty_p90,Batch_3,H,17,-0.37542679847446087,0.13755107567999428
224,balanced,novelty_p90,Batch_1,bright_sep,6,-0.2608969660436018,0.6175338174259972
224,balanced,novelty_p90,Batch_1,bse_p1,7,,
224,balanced,novelty_p90,Batch_1,bse_std,7,0.3571428571428572,0.4316113520383278
224,balanced,novelty_p90,Batch_1,bse_empty_bin_frac,7,0.7500000000000002,0.05218140045705776
224,balanced,novelty_p90,Batch_1,etd_boundary_sharpness,7,-0.642857142857143,0.11939237342741094
224,balanced,novelty_p90,Batch_1,H,7,0.41443123283995714,0.3552689437660521
224,balanced,novelty_p90,Batch_2,bright_sep,7,-0.14285714285714288,0.7599453002180929
224,balanced,novelty_p90,Batch_2,bse_p1,7,,
224,balanced,novelty_p90,Batch_2,bse_std,7,0.07142857142857144,0.8790481931481541
224,balanced,novelty_p90,Batch_2,bse_empty_bin_frac,7,-0.1785714285714286,0.7016579425162729
224,balanced,novelty_p90,Batch_2,etd_boundary_sharpness,7,0.5714285714285715,0.1802019889115274
224,balanced,novelty_p90,Batch_2,H,7,0.5225437283634242,0.22887787757609496
224,balanced,novelty_p90,ordinary_only,bright_sep,22,-0.0574532204683351,0.7995273439437451
224,balanced,novelty_p90,ordinary_only,bse_p1,22,-0.08364380791391514,0.7113280635992287
224,balanced,novelty_p90,ordinary_only,bse_std,22,0.2636928289102203,0.23571564222959407
224,balanced,novelty_p90,ordinary_only,bse_empty_bin_frac,22,-0.4670997079796399,0.028398742487432665
224,balanced,novelty_p90,ordinary_only,etd_boundary_sharpness,22,0.2252964426877471,0.3134123757420365
224,balanced,novelty_p90,ordinary_only,H,22,-0.1152443668914188,0.6095622494927901
224,unbalanced,novelty_median,pooled,bright_sep,30,-0.2382243375644096,0.20490139171148428
224,unbalanced,novelty_median,pooled,bse_p1,31,0.24834162273918434,0.17794748863241505
224,unbalanced,novelty_median,pooled,bse_std,31,-0.2080645161290323,0.26135466802539553
224,unbalanced,novelty_median,pooled,bse_empty_bin_frac,31,-0.2660209530939096,0.14804015702083517
224,unbalanced,novelty_median,pooled,etd_boundary_sharpness,31,-0.044758064516129036,0.8110426130801657
224,unbalanced,novelty_median,pooled,H,31,0.014165838422979781,0.9397098854558922
224,unbalanced,novelty_median,Batch_3,bright_sep,17,-0.2512499390303311,0.3306783395543007
224,unbalanced,novelty_median,Batch_3,bse_p1,17,0.38011609441685384,0.13231275962308173
224,unbalanced,novelty_median,Batch_3,bse_std,17,-0.4338235294117647,0.08189345203365929
224,unbalanced,novelty_median,Batch_3,bse_empty_bin_frac,17,-0.45405117000839723,0.06712720291064432
224,unbalanced,novelty_median,Batch_3,etd_boundary_sharpness,17,-0.27696078431372556,0.28184316251407693
224,unbalanced,novelty_median,Batch_3,H,17,-0.23246626263153702,0.3692573913159414
224,unbalanced,novelty_median,Batch_1,bright_sep,6,-0.057977103565244846,0.9131317851623264
224,unbalanced,novelty_median,Batch_1,bse_p1,7,,
224,unbalanced,novelty_median,Batch_1,bse_std,7,0.07142857142857144,0.8790481931481541
224,unbalanced,novelty_median,Batch_1,bse_empty_bin_frac,7,0.6071428571428572,0.1482311614811614
224,unbalanced,novelty_median,Batch_1,etd_boundary_sharpness,7,-0.3214285714285715,0.4820720382996776
224,unbalanced,novelty_median,Batch_1,H,7,0.594618725379069,0.15908999370118462
224,unbalanced,novelty_median,Batch_2,bright_sep,7,-0.03571428571428572,0.9394082054712856
224,unbalanced,novelty_median,Batch_2,bse_p1,7,,
224,unbalanced,novelty_median,Batch_2,bse_std,7,-0.21428571428571433,0.6445115810207203
224,unbalanced,novelty_median,Batch_2,bse_empty_bin_frac,7,-0.28571428571428575,0.5345092286010406
224,unbalanced,novelty_median,Batch_2,etd_boundary_sharpness,7,0.7857142857142859,0.03623846267982714
224,unbalanced,novelty_median,Batch_2,H,7,0.198206241793023,0.6700850339168266
224,unbalanced,novelty_median,ordinary_only,bright_sep,22,0.19283803701748117,0.3898961856135794
224,unbalanced,novelty_median,ordinary_only,bse_p1,22,0.21559912557121227,0.3352373665835441
224,unbalanced,novelty_median,ordinary_only,bse_std,22,-0.22642574816487862,0.3109282051884679
224,unbalanced,novelty_median,ordinary_only,bse_empty_bin_frac,22,-0.23100819898872152,0.3009714853209346
224,unbalanced,novelty_median,ordinary_only,etd_boundary_sharpness,22,0.2648221343873518,0.23364124157867966
224,unbalanced,novelty_median,ordinary_only,H,22,-0.20040030301808295,0.37120785714988536
224,unbalanced,novelty_p90,pooled,bright_sep,30,-0.07970579991611455,0.6754474658144274
224,unbalanced,novelty_p90,pooled,bse_p1,31,-0.029203135266552237,0.8760744652185086
224,unbalanced,novelty_p90,pooled,bse_std,31,0.17701612903225808,0.3407754575801707
224,unbalanced,novelty_p90,pooled,bse_empty_bin_frac,31,-0.1782219283626117,0.33744332712101754
224,unbalanced,novelty_p90,pooled,etd_boundary_sharpness,31,0.054838709677419356,0.7695204467568884
224,unbalanced,novelty_p90,pooled,H,31,0.04391409911123732,0.8145435482873219
224,unbalanced,novelty_p90,Batch_3,bright_sep,17,0.15347286916138453,0.5564735533720342
224,unbalanced,novelty_p90,Batch_3,bse_p1,17,0.12712079223121014,0.6268325604505651
224,unbalanced,novelty_p90,Batch_3,bse_std,17,-0.20098039215686278,0.43923387618886767
224,unbalanced,novelty_p90,Batch_3,bse_empty_bin_frac,17,-0.32326469169076105,0.20563903299555875
224,unbalanced,novelty_p90,Batch_3,etd_boundary_sharpness,17,-0.2573529411764706,0.3186676476453986
224,unbalanced,novelty_p90,Batch_3,H,17,-0.43634041809448926,0.07993810611526452
224,unbalanced,novelty_p90,Batch_1,bright_sep,6,-0.2608969660436018,0.6175338174259972
224,unbalanced,novelty_p90,Batch_1,bse_p1,7,,
224,unbalanced,novelty_p90,Batch_1,bse_std,7,0.3571428571428572,0.4316113520383278
224,unbalanced,novelty_p90,Batch_1,bse_empty_bin_frac,7,0.7500000000000002,0.05218140045705776
224,unbalanced,novelty_p90,Batch_1,etd_boundary_sharpness,7,-0.642857142857143,0.11939237342741094
224,unbalanced,novelty_p90,Batch_1,H,7,0.41443123283995714,0.3552689437660521
224,unbalanced,novelty_p90,Batch_2,bright_sep,7,-0.3214285714285715,0.4820720382996776
224,unbalanced,novelty_p90,Batch_2,bse_p1,7,,
224,unbalanced,novelty_p90,Batch_2,bse_std,7,0.3214285714285715,0.4820720382996776
224,unbalanced,novelty_p90,Batch_2,bse_empty_bin_frac,7,-0.03571428571428572,0.9394082054712856
224,unbalanced,novelty_p90,Batch_2,etd_boundary_sharpness,7,0.5,0.2531699951003227
224,unbalanced,novelty_p90,Batch_2,H,7,0.7567874686642696,0.04890509913472633
224,unbalanced,novelty_p90,ordinary_only,bright_sep,22,0.07508737724574488,0.7398121078142141
224,unbalanced,novelty_p90,ordinary_only,bse_p1,22,0.05480111552980645,0.8086114973375638
224,unbalanced,novelty_p90,ordinary_only,bse_std,22,0.1643139469226426,0.4649608938522396
224,unbalanced,novelty_p90,ordinary_only,bse_empty_bin_frac,22,-0.43716466018892536,0.04190345581813792
224,unbalanced,novelty_p90,ordinary_only,etd_boundary_sharpness,22,0.2614342179559571,0.23990040725366885
224,unbalanced,novelty_p90,ordinary_only,H,22,-0.15214527254630658,0.4990909918871774
