view,res,method,site,n_tiles_in_fit,share_of_memory
all_sites,518,balanced,0grcilhi,32,0.058823529411764705
all_sites,518,balanced,71vgq3fw,32,0.058823529411764705
all_sites,518,balanced,9luzk4jm,32,0.058823529411764705
all_sites,518,balanced,cfe5vt7s,32,0.058823529411764705
all_sites,518,balanced,hawkfj64,32,0.058823529411764705
all_sites,518,balanced,hzumfsms,32,0.058823529411764705
all_sites,518,balanced,kbdh4tri,32,0.058823529411764705
all_sites,518,balanced,mgxahqnk,32,0.058823529411764705
all_sites,518,balanced,pl8uabbv,32,0.058823529411764705
all_sites,518,balanced,ptg8lmto,32,0.058823529411764705
all_sites,518,balanced,tuy3zymq,32,0.058823529411764705
all_sites,518,balanced,ufdvpb81,32,0.058823529411764705
all_sites,518,balanced,utfgcjfa,32,0.058823529411764705
all_sites,518,balanced,vc2whyaq,32,0.058823529411764705
all_sites,518,balanced,x77cy643,32,0.058823529411764705
all_sites,518,balanced,x7u69zsw,32,0.058823529411764705
all_sites,518,balanced,xgj4xftb,32,0.058823529411764705
all_sites,518,unbalanced,0grcilhi,39,0.047619047619047616
all_sites,518,unbalanced,71vgq3fw,52,0.06349206349206349
all_sites,518,unbalanced,9luzk4jm,52,0.06349206349206349
all_sites,518,unbalanced,cfe5vt7s,52,0.06349206349206349
all_sites,518,unbalanced,hawkfj64,39,0.047619047619047616
all_sites,518,unbalanced,hzumfsms,52,0.06349206349206349
all_sites,518,unbalanced,kbdh4tri,52,0.06349206349206349
all_sites,518,unbalanced,mgxahqnk,39,0.047619047619047616
all_sites,518,unbalanced,pl8uabbv,52,0.06349206349206349
all_sites,518,unbalanced,ptg8lmto,39,0.047619047619047616
all_sites,518,unbalanced,tuy3zymq,52,0.06349206349206349
all_sites,518,unbalanced,ufdvpb81,52,0.06349206349206349
all_sites,518,unbalanced,utfgcjfa,52,0.06349206349206349
all_sites,518,unbalanced,vc2whyaq,52,0.06349206349206349
all_sites,518,unbalanced,x77cy643,52,0.06349206349206349
all_sites,518,unbalanced,x7u69zsw,52,0.06349206349206349
all_sites,518,unbalanced,xgj4xftb,39,0.047619047619047616
all_sites,224,balanced,0grcilhi,32,0.058823529411764705
all_sites,224,balanced,71vgq3fw,32,0.058823529411764705
all_sites,224,balanced,9luzk4jm,32,0.058823529411764705
all_sites,224,balanced,cfe5vt7s,32,0.058823529411764705
all_sites,224,balanced,hawkfj64,32,0.058823529411764705
all_sites,224,balanced,hzumfsms,32,0.058823529411764705
all_sites,224,balanced,kbdh4tri,32,0.058823529411764705
all_sites,224,balanced,mgxahqnk,32,0.058823529411764705
all_sites,224,balanced,pl8uabbv,32,0.058823529411764705
all_sites,224,balanced,ptg8lmto,32,0.058823529411764705
all_sites,224,balanced,tuy3zymq,32,0.058823529411764705
all_sites,224,balanced,ufdvpb81,32,0.058823529411764705
all_sites,224,balanced,utfgcjfa,32,0.058823529411764705
all_sites,224,balanced,vc2whyaq,32,0.058823529411764705
all_sites,224,balanced,x77cy643,32,0.058823529411764705
all_sites,224,balanced,x7u69zsw,32,0.058823529411764705
all_sites,224,balanced,xgj4xftb,32,0.058823529411764705
all_sites,224,unbalanced,0grcilhi,39,0.047619047619047616
all_sites,224,unbalanced,71vgq3fw,52,0.06349206349206349
all_sites,224,unbalanced,9luzk4jm,52,0.06349206349206349
all_sites,224,unbalanced,cfe5vt7s,52,0.06349206349206349
all_sites,224,unbalanced,hawkfj64,39,0.047619047619047616
all_sites,224,unbalanced,hzumfsms,52,0.06349206349206349
all_sites,224,unbalanced,kbdh4tri,52,0.06349206349206349
all_sites,224,unbalanced,mgxahqnk,39,0.047619047619047616
all_sites,224,unbalanced,pl8uabbv,52,0.06349206349206349
all_sites,224,unbalanced,ptg8lmto,39,0.047619047619047616
all_sites,224,unbalanced,tuy3zymq,52,0.06349206349206349
all_sites,224,unbalanced,ufdvpb81,52,0.06349206349206349
all_sites,224,unbalanced,utfgcjfa,52,0.06349206349206349
all_sites,224,unbalanced,vc2whyaq,52,0.06349206349206349
all_sites,224,unbalanced,x77cy643,52,0.06349206349206349
all_sites,224,unbalanced,x7u69zsw,52,0.06349206349206349
all_sites,224,unbalanced,xgj4xftb,39,0.047619047619047616
quality_matched,518,balanced,9luzk4jm,32,0.1
quality_matched,518,balanced,cfe5vt7s,32,0.1
quality_matched,518,balanced,hawkfj64,32,0.1
quality_matched,518,balanced,mgxahqnk,32,0.1
quality_matched,518,balanced,pl8uabbv,32,0.1
quality_matched,518,balanced,ptg8lmto,32,0.1
quality_matched,518,balanced,utfgcjfa,32,0.1
quality_matched,518,balanced,vc2whyaq,32,0.1
quality_matched,518,balanced,x77cy643,32,0.1
quality_matched,518,balanced,xgj4xftb,32,0.1
quality_matched,518,unbalanced,9luzk4jm,52,0.1111111111111111
quality_matched,518,unbalanced,cfe5vt7s,52,0.1111111111111111
quality_matched,518,unbalanced,hawkfj64,39,0.08333333333333333
quality_matched,518,unbalanced,mgxahqnk,39,0.08333333333333333
quality_matched,518,unbalanced,pl8uabbv,52,0.1111111111111111
quality_matched,518,unbalanced,ptg8lmto,39,0.08333333333333333
quality_matched,518,unbalanced,utfgcjfa,52,0.1111111111111111
quality_matched,518,unbalanced,vc2whyaq,52,0.1111111111111111
quality_matched,518,unbalanced,x77cy643,52,0.1111111111111111
quality_matched,518,unbalanced,xgj4xftb,39,0.08333333333333333
quality_matched,224,balanced,9luzk4jm,32,0.1
quality_matched,224,balanced,cfe5vt7s,32,0.1
quality_matched,224,balanced,hawkfj64,32,0.1
quality_matched,224,balanced,mgxahqnk,32,0.1
quality_matched,224,balanced,pl8uabbv,32,0.1
quality_matched,224,balanced,ptg8lmto,32,0.1
quality_matched,224,balanced,utfgcjfa,32,0.1
quality_matched,224,balanced,vc2whyaq,32,0.1
quality_matched,224,balanced,x77cy643,32,0.1
quality_matched,224,balanced,xgj4xftb,32,0.1
quality_matched,224,unbalanced,9luzk4jm,52,0.1111111111111111
quality_matched,224,unbalanced,cfe5vt7s,52,0.1111111111111111
quality_matched,224,unbalanced,hawkfj64,39,0.08333333333333333
quality_matched,224,unbalanced,mgxahqnk,39,0.08333333333333333
quality_matched,224,unbalanced,pl8uabbv,52,0.1111111111111111
quality_matched,224,unbalanced,ptg8lmto,39,0.08333333333333333
quality_matched,224,unbalanced,utfgcjfa,52,0.1111111111111111
quality_matched,224,unbalanced,vc2whyaq,52,0.1111111111111111
quality_matched,224,unbalanced,x77cy643,52,0.1111111111111111
quality_matched,224,unbalanced,xgj4xftb,39,0.08333333333333333
ordinary_reference,518,balanced,9luzk4jm,32,0.1
ordinary_reference,518,balanced,cfe5vt7s,32,0.1
ordinary_reference,518,balanced,hawkfj64,32,0.1
ordinary_reference,518,balanced,mgxahqnk,32,0.1
ordinary_reference,518,balanced,pl8uabbv,32,0.1
ordinary_reference,518,balanced,ptg8lmto,32,0.1
ordinary_reference,518,balanced,utfgcjfa,32,0.1
ordinary_reference,518,balanced,vc2whyaq,32,0.1
ordinary_reference,518,balanced,x77cy643,32,0.1
ordinary_reference,518,balanced,xgj4xftb,32,0.1
ordinary_reference,518,unbalanced,9luzk4jm,52,0.1111111111111111
ordinary_reference,518,unbalanced,cfe5vt7s,52,0.1111111111111111
ordinary_reference,518,unbalanced,hawkfj64,39,0.08333333333333333
ordinary_reference,518,unbalanced,mgxahqnk,39,0.08333333333333333
ordinary_reference,518,unbalanced,pl8uabbv,52,0.1111111111111111
ordinary_reference,518,unbalanced,ptg8lmto,39,0.08333333333333333
ordinary_reference,518,unbalanced,utfgcjfa,52,0.1111111111111111
ordinary_reference,518,unbalanced,vc2whyaq,52,0.1111111111111111
ordinary_reference,518,unbalanced,x77cy643,52,0.1111111111111111
ordinary_reference,518,unbalanced,xgj4xftb,39,0.08333333333333333
ordinary_reference,224,balanced,9luzk4jm,32,0.1
ordinary_reference,224,balanced,cfe5vt7s,32,0.1
ordinary_reference,224,balanced,hawkfj64,32,0.1
ordinary_reference,224,balanced,mgxahqnk,32,0.1
ordinary_reference,224,balanced,pl8uabbv,32,0.1
ordinary_reference,224,balanced,ptg8lmto,32,0.1
ordinary_reference,224,balanced,utfgcjfa,32,0.1
ordinary_reference,224,balanced,vc2whyaq,32,0.1
ordinary_reference,224,balanced,x77cy643,32,0.1
ordinary_reference,224,balanced,xgj4xftb,32,0.1
ordinary_reference,224,unbalanced,9luzk4jm,52,0.1111111111111111
ordinary_reference,224,unbalanced,cfe5vt7s,52,0.1111111111111111
ordinary_reference,224,unbalanced,hawkfj64,39,0.08333333333333333
ordinary_reference,224,unbalanced,mgxahqnk,39,0.08333333333333333
ordinary_reference,224,unbalanced,pl8uabbv,52,0.1111111111111111
ordinary_reference,224,unbalanced,ptg8lmto,39,0.08333333333333333
ordinary_reference,224,unbalanced,utfgcjfa,52,0.1111111111111111
ordinary_reference,224,unbalanced,vc2whyaq,52,0.1111111111111111
ordinary_reference,224,unbalanced,x77cy643,52,0.1111111111111111
ordinary_reference,224,unbalanced,xgj4xftb,39,0.08333333333333333
