res,batch,site,patch_id,y0,x0,novelty,nn_sites,nn_groups,nn_distances
518,Batch_2,3806gxp0,20,512,3584,22.27490344019932,vc2whyaq;vc2whyaq;ufdvpb81,ordinary;ordinary;cracked,20.61;22.18;22.24
518,Batch_1,4ih2ggld,42,1536,1536,22.04573778556587,pl8uabbv;xgj4xftb;utfgcjfa,ordinary;ordinary;ordinary,15.84;22.51;22.97
518,Batch_1,5n1q8atc,33,1024,3584,23.957968840895298,xgj4xftb;hzumfsms;utfgcjfa,ordinary;cracked;ordinary,23.32;23.95;24.09
518,Batch_2,avn74qx1,20,512,3584,23.36112725350431,utfgcjfa;vc2whyaq;kbdh4tri,ordinary;ordinary;grey_pore,22.70;23.11;23.30
518,Batch_2,b3esycq1,18,512,2560,20.41527603147687,cfe5vt7s;cfe5vt7s;x77cy643,ordinary;ordinary;ordinary,17.62;20.64;21.18
518,Batch_2,epqdaau9,33,1024,3584,24.199768228289074,hzumfsms;ufdvpb81;utfgcjfa,cracked;cracked;ordinary,23.79;23.96;24.25
518,Batch_1,f1vzngrs,0,0,0,21.50840974492139,utfgcjfa;vc2whyaq;hawkfj64,ordinary;ordinary;ordinary,20.52;20.56;21.26
518,Batch_1,ffwubibz,49,1536,5120,20.369210011633008,cfe5vt7s;pl8uabbv;9luzk4jm,ordinary;ordinary;ordinary,19.29;20.23;20.64
518,Batch_1,fzrt2k6r,27,1024,512,21.42456872184787,vc2whyaq;vc2whyaq;hzumfsms,ordinary;ordinary;cracked,20.45;21.09;21.43
518,Batch_2,i9jiqjwl,11,0,5632,21.05410280532747,pl8uabbv;cfe5vt7s;pl8uabbv,ordinary;ordinary;ordinary,20.19;20.41;21.21
518,Batch_1,iv6g2oq0,19,512,3072,19.60378551869606,pl8uabbv;cfe5vt7s;x77cy643,ordinary;ordinary;ordinary,18.71;19.31;19.77
518,Batch_2,r17byphk,36,1024,5120,20.77725802726666,cfe5vt7s;utfgcjfa;vc2whyaq,ordinary;ordinary;ordinary,20.56;20.66;20.79
518,Batch_2,rxax5ozo,35,1024,4608,21.000512064099308,pl8uabbv;0grcilhi;pl8uabbv,ordinary;cracked;ordinary,20.33;20.61;20.98
518,Batch_1,uhdslk0o,16,512,1536,20.537180440942098,pl8uabbv;ptg8lmto;x77cy643,ordinary;ordinary;ordinary,18.31;20.33;21.14
224,Batch_2,3806gxp0,20,512,3584,21.72001636822489,pl8uabbv;vc2whyaq;vc2whyaq,ordinary;ordinary;ordinary,18.95;21.01;22.29
224,Batch_1,4ih2ggld,43,1536,2048,24.750577739728943,tuy3zymq;tuy3zymq;x7u69zsw,grey_pore;grey_pore;grey_pore,22.11;23.31;25.39
224,Batch_1,5n1q8atc,7,0,3584,23.03763345837711,71vgq3fw;mgxahqnk;x7u69zsw,grey_pore;ordinary;grey_pore,22.53;22.83;22.84
224,Batch_2,avn74qx1,16,512,1536,21.044446193631686,ufdvpb81;9luzk4jm;vc2whyaq,cracked;ordinary;ordinary,20.33;20.93;21.27
224,Batch_2,b3esycq1,25,512,6144,22.11682643897276,hawkfj64;pl8uabbv;ufdvpb81,ordinary;ordinary;cracked,21.40;21.56;22.17
224,Batch_2,epqdaau9,33,1024,3584,23.469526693532988,hzumfsms;hzumfsms;0grcilhi,cracked;cracked;cracked,21.49;22.77;23.46
224,Batch_1,f1vzngrs,0,0,0,24.95402102494399,0grcilhi;vc2whyaq;utfgcjfa,cracked;ordinary;ordinary,23.71;23.75;24.35
224,Batch_1,ffwubibz,23,512,5120,20.0560830379188,pl8uabbv;9luzk4jm;kbdh4tri,ordinary;ordinary;grey_pore,17.93;20.25;20.59
224,Batch_1,fzrt2k6r,50,1536,5632,21.675861501672795,mgxahqnk;cfe5vt7s;x7u69zsw,ordinary;ordinary;grey_pore,21.40;21.43;21.70
224,Batch_2,i9jiqjwl,14,512,512,21.7272019718465,0grcilhi;vc2whyaq;ufdvpb81,cracked;ordinary;cracked,20.31;21.82;22.03
224,Batch_1,iv6g2oq0,38,1024,6144,21.53704951872472,ufdvpb81;pl8uabbv;9luzk4jm,cracked;ordinary;ordinary,18.76;21.70;22.32
224,Batch_2,r17byphk,14,512,512,24.095685671669457,ufdvpb81;0grcilhi;cfe5vt7s,cracked;cracked;ordinary,21.66;23.08;25.17
224,Batch_2,rxax5ozo,48,1536,4608,20.9074282549878,vc2whyaq;x7u69zsw;x77cy643,ordinary;grey_pore;ordinary,18.54;21.08;21.46
224,Batch_1,uhdslk0o,16,512,1536,22.67592600356106,pl8uabbv;71vgq3fw;tuy3zymq,ordinary;grey_pore;grey_pore,20.91;22.68;22.85
