batch,site,patch_id,y0,x0,novelty,role
Batch_1,4ih2ggld,0,0,0,19.64431399684813,query
Batch_1,4ih2ggld,1,0,512,18.73303009776991,query
Batch_1,4ih2ggld,2,0,1024,20.698120512923758,query
Batch_1,4ih2ggld,3,0,1536,18.573128746362705,query
Batch_1,4ih2ggld,4,0,2048,18.151031791048432,query
Batch_1,4ih2ggld,5,0,2560,17.68584298358087,query
Batch_1,4ih2ggld,6,0,3072,18.962614940663194,query
Batch_1,4ih2ggld,7,0,3584,17.875459022331626,query
Batch_1,4ih2ggld,8,0,4096,16.655829170423925,query
Batch_1,4ih2ggld,9,0,4608,19.475683918284403,query
Batch_1,4ih2ggld,10,0,5120,16.426500328421785,query
Batch_1,4ih2ggld,11,0,5632,19.128969392139236,query
Batch_1,4ih2ggld,12,0,6144,19.440265549767382,query
Batch_1,4ih2ggld,13,512,0,21.33715355754871,query
Batch_1,4ih2ggld,14,512,512,18.755897177779342,query
Batch_1,4ih2ggld,15,512,1024,18.97958117734914,query
Batch_1,4ih2ggld,16,512,1536,17.719523237141274,query
Batch_1,4ih2ggld,17,512,2048,16.705133324954126,query
Batch_1,4ih2ggld,18,512,2560,17.441720877937925,query
Batch_1,4ih2ggld,19,512,3072,19.797132574841875,query
Batch_1,4ih2ggld,20,512,3584,19.194388268076132,query
Batch_1,4ih2ggld,21,512,4096,19.186697561205456,query
Batch_1,4ih2ggld,22,512,4608,15.36777482269861,query
Batch_1,4ih2ggld,23,512,5120,16.906527650172222,query
Batch_1,4ih2ggld,24,512,5632,16.122946638842837,query
Batch_1,4ih2ggld,25,512,6144,16.025312074030968,query
Batch_1,4ih2ggld,26,1024,0,15.436732126832936,query
Batch_1,4ih2ggld,27,1024,512,16.581114354933014,query
Batch_1,4ih2ggld,28,1024,1024,18.864137827198817,query
Batch_1,4ih2ggld,29,1024,1536,19.669161356437417,query
Batch_1,4ih2ggld,30,1024,2048,17.490733639509607,query
Batch_1,4ih2ggld,31,1024,2560,20.89267265287263,query
Batch_1,4ih2ggld,32,1024,3072,17.454886004816096,query
Batch_1,4ih2ggld,33,1024,3584,22.043878640505238,query
Batch_1,4ih2ggld,34,1024,4096,19.29633778887461,query
Batch_1,4ih2ggld,35,1024,4608,17.932937506255136,query
Batch_1,4ih2ggld,36,1024,5120,19.553980706895892,query
Batch_1,4ih2ggld,37,1024,5632,19.5694598568255,query
Batch_1,4ih2ggld,38,1024,6144,18.076152041444278,query
Batch_1,4ih2ggld,39,1536,0,21.4988440252166,query
Batch_1,4ih2ggld,40,1536,512,18.80126958821392,query
Batch_1,4ih2ggld,41,1536,1024,23.029418249271007,query
Batch_1,4ih2ggld,42,1536,1536,23.20613421715491,query
Batch_1,4ih2ggld,43,1536,2048,24.750577739728943,query
Batch_1,4ih2ggld,44,1536,2560,24.300589924905893,query
Batch_1,4ih2ggld,45,1536,3072,18.797633542873918,query
Batch_1,4ih2ggld,46,1536,3584,20.30013710960731,query
Batch_1,4ih2ggld,47,1536,4096,18.18365605477003,query
Batch_1,4ih2ggld,48,1536,4608,17.937658924165042,query
Batch_1,4ih2ggld,49,1536,5120,16.50682389694119,query
Batch_1,4ih2ggld,50,1536,5632,20.90731525708903,query
Batch_1,4ih2ggld,51,1536,6144,18.318156736386022,query
Batch_1,5n1q8atc,0,0,0,22.389306110615784,query
Batch_1,5n1q8atc,1,0,512,20.684170960868432,query
Batch_1,5n1q8atc,2,0,1024,17.54487061808237,query
Batch_1,5n1q8atc,3,0,1536,17.59424626401603,query
Batch_1,5n1q8atc,4,0,2048,17.266774647351003,query
Batch_1,5n1q8atc,5,0,2560,22.339625681427698,query
Batch_1,5n1q8atc,6,0,3072,18.215654435083973,query
Batch_1,5n1q8atc,7,0,3584,23.03763345837711,query
Batch_1,5n1q8atc,8,0,4096,17.141574438420882,query
Batch_1,5n1q8atc,9,0,4608,21.232735833831338,query
Batch_1,5n1q8atc,10,0,5120,21.677482116414367,query
Batch_1,5n1q8atc,11,0,5632,17.930459471179827,query
Batch_1,5n1q8atc,12,0,6144,18.841291505896624,query
Batch_1,5n1q8atc,13,512,0,18.928173050346846,query
Batch_1,5n1q8atc,14,512,512,17.832002513823948,query
Batch_1,5n1q8atc,15,512,1024,19.35260693027075,query
Batch_1,5n1q8atc,16,512,1536,15.711280400823654,query
Batch_1,5n1q8atc,17,512,2048,18.41460804716666,query
Batch_1,5n1q8atc,18,512,2560,18.669530815141403,query
Batch_1,5n1q8atc,19,512,3072,18.293187480902866,query
Batch_1,5n1q8atc,20,512,3584,17.594964867922005,query
Batch_1,5n1q8atc,21,512,4096,18.05134831500999,query
Batch_1,5n1q8atc,22,512,4608,19.560887779363956,query
Batch_1,5n1q8atc,23,512,5120,20.58457353692873,query
Batch_1,5n1q8atc,24,512,5632,18.626357666907793,query
Batch_1,5n1q8atc,25,512,6144,17.820867629593515,query
Batch_1,5n1q8atc,26,1024,0,15.867624049500552,query
Batch_1,5n1q8atc,27,1024,512,16.490484786804767,query
Batch_1,5n1q8atc,28,1024,1024,18.209138839426423,query
Batch_1,5n1q8atc,29,1024,1536,18.097309566739682,query
Batch_1,5n1q8atc,30,1024,2048,17.5902052403751,query
Batch_1,5n1q8atc,31,1024,2560,15.572511032090608,query
Batch_1,5n1q8atc,32,1024,3072,18.802341091945205,query
Batch_1,5n1q8atc,33,1024,3584,21.680495034566594,query
Batch_1,5n1q8atc,34,1024,4096,18.258464481464436,query
Batch_1,5n1q8atc,35,1024,4608,18.595007229942716,query
Batch_1,5n1q8atc,36,1024,5120,20.983459765807154,query
Batch_1,5n1q8atc,37,1024,5632,16.39208449655863,query
Batch_1,5n1q8atc,38,1024,6144,16.52424951387737,query
Batch_1,5n1q8atc,39,1536,0,19.323838011056502,query
Batch_1,5n1q8atc,40,1536,512,18.527728907246296,query
Batch_1,5n1q8atc,41,1536,1024,14.767859691626063,query
Batch_1,5n1q8atc,42,1536,1536,19.14722563330413,query
Batch_1,5n1q8atc,43,1536,2048,22.27668429613555,query
Batch_1,5n1q8atc,44,1536,2560,16.797798942372903,query
Batch_1,5n1q8atc,45,1536,3072,18.651037403468692,query
Batch_1,5n1q8atc,46,1536,3584,20.887749368980185,query
Batch_1,5n1q8atc,47,1536,4096,18.031720209232237,query
Batch_1,5n1q8atc,48,1536,4608,16.45468636673815,query
Batch_1,5n1q8atc,49,1536,5120,15.81632152254225,query
Batch_1,5n1q8atc,50,1536,5632,16.88927699437276,query
Batch_1,5n1q8atc,51,1536,6144,19.721909803299134,query
Batch_1,f1vzngrs,0,0,0,24.95402102494399,query
Batch_1,f1vzngrs,1,0,512,16.36018954567675,query
Batch_1,f1vzngrs,2,0,1024,19.28499896557495,query
Batch_1,f1vzngrs,3,0,1536,16.783044592617397,query
Batch_1,f1vzngrs,4,0,2048,15.690983226464832,query
Batch_1,f1vzngrs,5,0,2560,16.04650909184773,query
Batch_1,f1vzngrs,6,0,3072,19.914877130207753,query
Batch_1,f1vzngrs,7,0,3584,18.61372773693791,query
Batch_1,f1vzngrs,8,0,4096,17.014222624708275,query
Batch_1,f1vzngrs,9,0,4608,17.357234549368638,query
Batch_1,f1vzngrs,10,0,5120,17.30475239100111,query
Batch_1,f1vzngrs,11,0,5632,20.99954494545031,query
Batch_1,f1vzngrs,12,0,6144,16.988279235567052,query
Batch_1,f1vzngrs,13,512,0,19.171691189179995,query
Batch_1,f1vzngrs,14,512,512,16.19559137143079,query
Batch_1,f1vzngrs,15,512,1024,15.711492016298859,query
Batch_1,f1vzngrs,16,512,1536,19.06429977272438,query
Batch_1,f1vzngrs,17,512,2048,16.826486121327257,query
Batch_1,f1vzngrs,18,512,2560,17.837669935677855,query
Batch_1,f1vzngrs,19,512,3072,18.89601844454682,query
Batch_1,f1vzngrs,20,512,3584,18.601763613017212,query
Batch_1,f1vzngrs,21,512,4096,16.262772722857783,query
Batch_1,f1vzngrs,22,512,4608,16.762166001164204,query
Batch_1,f1vzngrs,23,512,5120,15.904894240342355,query
Batch_1,f1vzngrs,24,512,5632,14.453630223246686,query
Batch_1,f1vzngrs,25,512,6144,19.87565234358042,query
Batch_1,f1vzngrs,26,1024,0,16.99001486328375,query
Batch_1,f1vzngrs,27,1024,512,18.904365276429864,query
Batch_1,f1vzngrs,28,1024,1024,18.628598436612332,query
Batch_1,f1vzngrs,29,1024,1536,15.423140887454533,query
Batch_1,f1vzngrs,30,1024,2048,17.913826823891725,query
Batch_1,f1vzngrs,31,1024,2560,17.3992847911317,query
Batch_1,f1vzngrs,32,1024,3072,14.922640614665886,query
Batch_1,f1vzngrs,33,1024,3584,18.10241067074302,query
Batch_1,f1vzngrs,34,1024,4096,17.432272040784834,query
Batch_1,f1vzngrs,35,1024,4608,18.00520180158744,query
Batch_1,f1vzngrs,36,1024,5120,14.655218246467735,query
Batch_1,f1vzngrs,37,1024,5632,19.50097563975284,query
Batch_1,f1vzngrs,38,1024,6144,15.593770274718645,query
Batch_1,f1vzngrs,39,1536,0,17.43893673754639,query
Batch_1,f1vzngrs,40,1536,512,16.364678960134842,query
Batch_1,f1vzngrs,41,1536,1024,15.363627761501016,query
Batch_1,f1vzngrs,42,1536,1536,16.331950884287018,query
Batch_1,f1vzngrs,43,1536,2048,18.243674455666564,query
Batch_1,f1vzngrs,44,1536,2560,14.00486861619097,query
Batch_1,f1vzngrs,45,1536,3072,15.475763353385389,query
Batch_1,f1vzngrs,46,1536,3584,14.848794842104372,query
Batch_1,f1vzngrs,47,1536,4096,15.96003479013425,query
Batch_1,f1vzngrs,48,1536,4608,18.074665449159177,query
Batch_1,f1vzngrs,49,1536,5120,17.52503922955264,query
Batch_1,f1vzngrs,50,1536,5632,19.05052025778363,query
Batch_1,f1vzngrs,51,1536,6144,18.15256823717853,query
Batch_1,ffwubibz,0,0,0,19.036847168100405,query
Batch_1,ffwubibz,1,0,512,16.802890193932804,query
Batch_1,ffwubibz,2,0,1024,16.66866866531279,query
Batch_1,ffwubibz,3,0,1536,16.95400838252497,query
Batch_1,ffwubibz,4,0,2048,18.965865434382646,query
Batch_1,ffwubibz,5,0,2560,16.547748002103948,query
Batch_1,ffwubibz,6,0,3072,15.87240657218743,query
Batch_1,ffwubibz,7,0,3584,15.583168510207475,query
Batch_1,ffwubibz,8,0,4096,17.856489365761227,query
Batch_1,ffwubibz,9,0,4608,16.21737818065286,query
Batch_1,ffwubibz,10,0,5120,19.109174198996406,query
Batch_1,ffwubibz,11,0,5632,15.234497698363985,query
Batch_1,ffwubibz,12,0,6144,16.68823928982227,query
Batch_1,ffwubibz,13,512,0,16.296410653229863,query
Batch_1,ffwubibz,14,512,512,18.392016369984468,query
Batch_1,ffwubibz,15,512,1024,17.097966490503175,query
Batch_1,ffwubibz,16,512,1536,14.956323568463208,query
Batch_1,ffwubibz,17,512,2048,15.10218629288048,query
Batch_1,ffwubibz,18,512,2560,15.24547372697867,query
Batch_1,ffwubibz,19,512,3072,14.60472091539755,query
Batch_1,ffwubibz,20,512,3584,17.5062525313569,query
Batch_1,ffwubibz,21,512,4096,16.91061940825685,query
Batch_1,ffwubibz,22,512,4608,15.576760776024486,query
Batch_1,ffwubibz,23,512,5120,20.0560830379188,query
Batch_1,ffwubibz,24,512,5632,14.261154946382263,query
Batch_1,ffwubibz,25,512,6144,15.38726629591451,query
Batch_1,ffwubibz,26,1024,0,16.363880647287367,query
Batch_1,ffwubibz,27,1024,512,17.343374842332015,query
Batch_1,ffwubibz,28,1024,1024,20.034683760281325,query
Batch_1,ffwubibz,29,1024,1536,18.95461396650112,query
Batch_1,ffwubibz,30,1024,2048,17.579278830570022,query
Batch_1,ffwubibz,31,1024,2560,16.89982098865349,query
Batch_1,ffwubibz,32,1024,3072,17.455447709766045,query
Batch_1,ffwubibz,33,1024,3584,13.761367630568884,query
Batch_1,ffwubibz,34,1024,4096,16.845906058556544,query
Batch_1,ffwubibz,35,1024,4608,16.43203563723405,query
Batch_1,ffwubibz,36,1024,5120,16.164859072135947,query
Batch_1,ffwubibz,37,1024,5632,17.29891218521276,query
Batch_1,ffwubibz,38,1024,6144,16.389168301516143,query
Batch_1,ffwubibz,39,1536,0,14.764696763931763,query
Batch_1,ffwubibz,40,1536,512,16.071035857140835,query
Batch_1,ffwubibz,41,1536,1024,18.239485956399754,query
Batch_1,ffwubibz,42,1536,1536,17.88316030163636,query
Batch_1,ffwubibz,43,1536,2048,18.56726887268679,query
Batch_1,ffwubibz,44,1536,2560,16.47466029034568,query
Batch_1,ffwubibz,45,1536,3072,14.483581202693225,query
Batch_1,ffwubibz,46,1536,3584,15.43640043288163,query
Batch_1,ffwubibz,47,1536,4096,20.0479777488218,query
Batch_1,ffwubibz,48,1536,4608,17.028481442859828,query
Batch_1,ffwubibz,49,1536,5120,18.91060526476526,query
Batch_1,ffwubibz,50,1536,5632,17.59592815186371,query
Batch_1,ffwubibz,51,1536,6144,16.51869964444561,query
Batch_1,fzrt2k6r,0,0,0,15.453029273313817,query
Batch_1,fzrt2k6r,1,0,512,16.41493112897155,query
Batch_1,fzrt2k6r,2,0,1024,17.143771639050446,query
Batch_1,fzrt2k6r,3,0,1536,15.160201466474883,query
Batch_1,fzrt2k6r,4,0,2048,16.19783435363673,query
Batch_1,fzrt2k6r,5,0,2560,16.31192542272297,query
Batch_1,fzrt2k6r,6,0,3072,16.958184677580682,query
Batch_1,fzrt2k6r,7,0,3584,15.369542460972259,query
Batch_1,fzrt2k6r,8,0,4096,16.96576218323647,query
Batch_1,fzrt2k6r,9,0,4608,17.178064035923136,query
Batch_1,fzrt2k6r,10,0,5120,17.613231572363496,query
Batch_1,fzrt2k6r,11,0,5632,17.171883554041525,query
Batch_1,fzrt2k6r,12,0,6144,16.69720192074186,query
Batch_1,fzrt2k6r,13,512,0,16.460634644772,query
Batch_1,fzrt2k6r,14,512,512,17.00649872489125,query
Batch_1,fzrt2k6r,15,512,1024,16.370053642482343,query
Batch_1,fzrt2k6r,16,512,1536,17.236999606439017,query
Batch_1,fzrt2k6r,17,512,2048,16.29453068109866,query
Batch_1,fzrt2k6r,18,512,2560,18.901466663320477,query
Batch_1,fzrt2k6r,19,512,3072,19.418464926511106,query
Batch_1,fzrt2k6r,20,512,3584,15.92404109502271,query
Batch_1,fzrt2k6r,21,512,4096,14.8196680918911,query
Batch_1,fzrt2k6r,22,512,4608,16.870599760950704,query
Batch_1,fzrt2k6r,23,512,5120,14.686968864495162,query
Batch_1,fzrt2k6r,24,512,5632,15.610678118255496,query
Batch_1,fzrt2k6r,25,512,6144,18.815632574497023,query
Batch_1,fzrt2k6r,26,1024,0,17.549015924046504,query
Batch_1,fzrt2k6r,27,1024,512,21.19417352342957,query
Batch_1,fzrt2k6r,28,1024,1024,14.577495388139928,query
Batch_1,fzrt2k6r,29,1024,1536,16.353869752919117,query
Batch_1,fzrt2k6r,30,1024,2048,19.255007511934007,query
Batch_1,fzrt2k6r,31,1024,2560,15.509169336307641,query
Batch_1,fzrt2k6r,32,1024,3072,18.063805583079358,query
Batch_1,fzrt2k6r,33,1024,3584,17.495064040613403,query
Batch_1,fzrt2k6r,34,1024,4096,15.448258746745031,query
Batch_1,fzrt2k6r,35,1024,4608,16.824917712693964,query
Batch_1,fzrt2k6r,36,1024,5120,16.738186560795963,query
Batch_1,fzrt2k6r,37,1024,5632,14.431721848119702,query
Batch_1,fzrt2k6r,38,1024,6144,17.57822486596288,query
Batch_1,fzrt2k6r,39,1536,0,19.2109081653876,query
Batch_1,fzrt2k6r,40,1536,512,20.373696406764346,query
Batch_1,fzrt2k6r,41,1536,1024,17.204522521905744,query
Batch_1,fzrt2k6r,42,1536,1536,16.175923488345877,query
Batch_1,fzrt2k6r,43,1536,2048,18.028261463689482,query
Batch_1,fzrt2k6r,44,1536,2560,18.179590330429846,query
Batch_1,fzrt2k6r,45,1536,3072,20.356155309714758,query
Batch_1,fzrt2k6r,46,1536,3584,15.668881229130392,query
Batch_1,fzrt2k6r,47,1536,4096,15.678939255945561,query
Batch_1,fzrt2k6r,48,1536,4608,17.11529544275311,query
Batch_1,fzrt2k6r,49,1536,5120,13.996140526392981,query
Batch_1,fzrt2k6r,50,1536,5632,21.675861501672795,query
Batch_1,fzrt2k6r,51,1536,6144,17.94318378314058,query
Batch_1,iv6g2oq0,0,0,0,14.721755441581788,query
Batch_1,iv6g2oq0,1,0,512,16.314365180516386,query
Batch_1,iv6g2oq0,2,0,1024,17.137417972401416,query
Batch_1,iv6g2oq0,3,0,1536,16.59652161029523,query
Batch_1,iv6g2oq0,4,0,2048,15.132315331559202,query
Batch_1,iv6g2oq0,5,0,2560,18.621371443781264,query
Batch_1,iv6g2oq0,6,0,3072,15.794157903134973,query
Batch_1,iv6g2oq0,7,0,3584,14.954696333583916,query
Batch_1,iv6g2oq0,8,0,4096,15.819394067894276,query
Batch_1,iv6g2oq0,9,0,4608,18.521662035833973,query
Batch_1,iv6g2oq0,10,0,5120,16.399592666076153,query
Batch_1,iv6g2oq0,11,0,5632,15.504630371305893,query
Batch_1,iv6g2oq0,12,0,6144,14.206150081228923,query
Batch_1,iv6g2oq0,13,512,0,14.775642765146202,query
Batch_1,iv6g2oq0,14,512,512,19.679971676662838,query
Batch_1,iv6g2oq0,15,512,1024,15.47407166792642,query
Batch_1,iv6g2oq0,16,512,1536,14.576236687975008,query
Batch_1,iv6g2oq0,17,512,2048,18.071850853999667,query
Batch_1,iv6g2oq0,18,512,2560,15.039218843335624,query
Batch_1,iv6g2oq0,19,512,3072,20.185696321786384,query
Batch_1,iv6g2oq0,20,512,3584,15.061419504283384,query
Batch_1,iv6g2oq0,21,512,4096,13.821733836591818,query
Batch_1,iv6g2oq0,22,512,4608,16.82837290793983,query
Batch_1,iv6g2oq0,23,512,5120,17.34608306108194,query
Batch_1,iv6g2oq0,24,512,5632,16.92912801818616,query
Batch_1,iv6g2oq0,25,512,6144,17.033034009426196,query
Batch_1,iv6g2oq0,26,1024,0,14.467758929060683,query
Batch_1,iv6g2oq0,27,1024,512,19.702670146622154,query
Batch_1,iv6g2oq0,28,1024,1024,18.031070124455766,query
Batch_1,iv6g2oq0,29,1024,1536,18.537061037038363,query
Batch_1,iv6g2oq0,30,1024,2048,17.25426716196091,query
Batch_1,iv6g2oq0,31,1024,2560,17.41296603304888,query
Batch_1,iv6g2oq0,32,1024,3072,15.696569119062607,query
Batch_1,iv6g2oq0,33,1024,3584,18.35963929781277,query
Batch_1,iv6g2oq0,34,1024,4096,16.896795987483753,query
Batch_1,iv6g2oq0,35,1024,4608,15.961921436143182,query
Batch_1,iv6g2oq0,36,1024,5120,19.357711142214306,query
Batch_1,iv6g2oq0,37,1024,5632,21.0407642346867,query
Batch_1,iv6g2oq0,38,1024,6144,21.53704951872472,query
Batch_1,uhdslk0o,0,0,0,18.969252586565357,query
Batch_1,uhdslk0o,1,0,512,15.610884535529767,query
Batch_1,uhdslk0o,2,0,1024,21.38497453305193,query
Batch_1,uhdslk0o,3,0,1536,20.290495153849083,query
Batch_1,uhdslk0o,4,0,2048,14.656411350956011,query
Batch_1,uhdslk0o,5,0,2560,16.719955120306995,query
Batch_1,uhdslk0o,6,0,3072,18.257416424463987,query
Batch_1,uhdslk0o,7,0,3584,15.759096594891503,query
Batch_1,uhdslk0o,8,0,4096,16.366990774968862,query
Batch_1,uhdslk0o,9,0,4608,17.17699342386852,query
Batch_1,uhdslk0o,10,0,5120,14.40362238508088,query
Batch_1,uhdslk0o,11,0,5632,15.385675100724935,query
Batch_1,uhdslk0o,12,0,6144,15.199032446655792,query
Batch_1,uhdslk0o,13,512,0,14.631293797526116,query
Batch_1,uhdslk0o,14,512,512,16.85561662605441,query
Batch_1,uhdslk0o,15,512,1024,20.014048409876075,query
Batch_1,uhdslk0o,16,512,1536,22.67592600356106,query
Batch_1,uhdslk0o,17,512,2048,19.440647270282955,query
Batch_1,uhdslk0o,18,512,2560,16.169595101620054,query
Batch_1,uhdslk0o,19,512,3072,17.554501944596065,query
Batch_1,uhdslk0o,20,512,3584,15.688410744052263,query
Batch_1,uhdslk0o,21,512,4096,17.328331360613543,query
Batch_1,uhdslk0o,22,512,4608,17.280977438787588,query
Batch_1,uhdslk0o,23,512,5120,17.225679778872696,query
Batch_1,uhdslk0o,24,512,5632,16.377733367539097,query
Batch_1,uhdslk0o,25,512,6144,18.467075511189257,query
Batch_1,uhdslk0o,26,1024,0,15.907552927633123,query
Batch_1,uhdslk0o,27,1024,512,17.387922564891777,query
Batch_1,uhdslk0o,28,1024,1024,16.808067799914355,query
Batch_1,uhdslk0o,29,1024,1536,17.783921507975077,query
Batch_1,uhdslk0o,30,1024,2048,20.18011386607126,query
Batch_1,uhdslk0o,31,1024,2560,14.3685310253587,query
Batch_1,uhdslk0o,32,1024,3072,16.50717491681335,query
Batch_1,uhdslk0o,33,1024,3584,17.87128074617481,query
Batch_1,uhdslk0o,34,1024,4096,16.683510426373186,query
Batch_1,uhdslk0o,35,1024,4608,17.57979615871513,query
Batch_1,uhdslk0o,36,1024,5120,14.432220635237936,query
Batch_1,uhdslk0o,37,1024,5632,20.801592340389377,query
Batch_1,uhdslk0o,38,1024,6144,19.506084773797603,query
Batch_2,3806gxp0,0,0,0,15.339315101585925,query
Batch_2,3806gxp0,1,0,512,15.27159731046775,query
Batch_2,3806gxp0,2,0,1024,16.395849474300782,query
Batch_2,3806gxp0,3,0,1536,16.950645742334967,query
Batch_2,3806gxp0,4,0,2048,16.697897503723613,query
Batch_2,3806gxp0,5,0,2560,14.785612619052646,query
Batch_2,3806gxp0,6,0,3072,16.396824186220037,query
Batch_2,3806gxp0,7,0,3584,16.70659845450556,query
Batch_2,3806gxp0,8,0,4096,17.007974646285355,query
Batch_2,3806gxp0,9,0,4608,17.749943305511955,query
Batch_2,3806gxp0,10,0,5120,15.143946342321655,query
Batch_2,3806gxp0,11,0,5632,18.567102087824342,query
Batch_2,3806gxp0,12,0,6144,17.301514753006867,query
Batch_2,3806gxp0,13,512,0,14.461307174550166,query
Batch_2,3806gxp0,14,512,512,18.20753888519795,query
Batch_2,3806gxp0,15,512,1024,18.691898467710914,query
Batch_2,3806gxp0,16,512,1536,16.20375213105459,query
Batch_2,3806gxp0,17,512,2048,14.814336982446482,query
Batch_2,3806gxp0,18,512,2560,17.683540025886714,query
Batch_2,3806gxp0,19,512,3072,15.55095309653247,query
Batch_2,3806gxp0,20,512,3584,21.72001636822489,query
Batch_2,3806gxp0,21,512,4096,19.53023524760844,query
Batch_2,3806gxp0,22,512,4608,15.557844328179353,query
Batch_2,3806gxp0,23,512,5120,17.031956704863973,query
Batch_2,3806gxp0,24,512,5632,21.14779206832968,query
Batch_2,3806gxp0,25,512,6144,18.685016008923537,query
Batch_2,3806gxp0,26,1024,0,18.5254326392699,query
Batch_2,3806gxp0,27,1024,512,16.946873733468735,query
Batch_2,3806gxp0,28,1024,1024,17.45840132205101,query
Batch_2,3806gxp0,29,1024,1536,16.924076919639226,query
Batch_2,3806gxp0,30,1024,2048,16.037561736842797,query
Batch_2,3806gxp0,31,1024,2560,14.375481489191888,query
Batch_2,3806gxp0,32,1024,3072,21.34465737725136,query
Batch_2,3806gxp0,33,1024,3584,16.406322911934684,query
Batch_2,3806gxp0,34,1024,4096,14.686531692722076,query
Batch_2,3806gxp0,35,1024,4608,16.473581762015222,query
Batch_2,3806gxp0,36,1024,5120,15.153333405324465,query
Batch_2,3806gxp0,37,1024,5632,15.434288388319885,query
Batch_2,3806gxp0,38,1024,6144,15.76650447260547,query
Batch_2,3806gxp0,39,1536,0,14.70787786086775,query
Batch_2,3806gxp0,40,1536,512,17.97283868815995,query
Batch_2,3806gxp0,41,1536,1024,14.631871657267244,query
Batch_2,3806gxp0,42,1536,1536,15.182104703328951,query
Batch_2,3806gxp0,43,1536,2048,16.913255185061505,query
Batch_2,3806gxp0,44,1536,2560,16.03895350982114,query
Batch_2,3806gxp0,45,1536,3072,17.28781788446225,query
Batch_2,3806gxp0,46,1536,3584,15.87944523421977,query
Batch_2,3806gxp0,47,1536,4096,16.87842663837005,query
Batch_2,3806gxp0,48,1536,4608,16.939818678558726,query
Batch_2,3806gxp0,49,1536,5120,15.155470881535663,query
Batch_2,3806gxp0,50,1536,5632,17.249804720693334,query
Batch_2,3806gxp0,51,1536,6144,18.16519242498779,query
Batch_2,avn74qx1,0,0,0,15.339685349118568,query
Batch_2,avn74qx1,1,0,512,19.920834993750088,query
Batch_2,avn74qx1,2,0,1024,16.253982605716626,query
Batch_2,avn74qx1,3,0,1536,16.99531179051705,query
Batch_2,avn74qx1,4,0,2048,18.773344039058536,query
Batch_2,avn74qx1,5,0,2560,16.89710630603428,query
Batch_2,avn74qx1,6,0,3072,18.96114368055007,query
Batch_2,avn74qx1,7,0,3584,16.358906587025068,query
Batch_2,avn74qx1,8,0,4096,17.759610989407786,query
Batch_2,avn74qx1,9,0,4608,16.06236042215148,query
Batch_2,avn74qx1,10,0,5120,16.396145183211566,query
Batch_2,avn74qx1,11,0,5632,15.340135827354151,query
Batch_2,avn74qx1,12,0,6144,16.969928857593715,query
Batch_2,avn74qx1,13,512,0,20.2810582038275,query
Batch_2,avn74qx1,14,512,512,18.614378893877156,query
Batch_2,avn74qx1,15,512,1024,15.676663448324438,query
Batch_2,avn74qx1,16,512,1536,21.044446193631686,query
Batch_2,avn74qx1,17,512,2048,20.147214654123047,query
Batch_2,avn74qx1,18,512,2560,16.016298307140943,query
Batch_2,avn74qx1,19,512,3072,18.99453413327091,query
Batch_2,avn74qx1,20,512,3584,19.376806798262667,query
Batch_2,avn74qx1,21,512,4096,17.360733859664442,query
Batch_2,avn74qx1,22,512,4608,18.036020924468012,query
Batch_2,avn74qx1,23,512,5120,15.550295054430936,query
Batch_2,avn74qx1,24,512,5632,16.337899130802178,query
Batch_2,avn74qx1,25,512,6144,15.049305182001314,query
Batch_2,avn74qx1,26,1024,0,16.615092255526587,query
Batch_2,avn74qx1,27,1024,512,16.530255428216783,query
Batch_2,avn74qx1,28,1024,1024,19.804417013296533,query
Batch_2,avn74qx1,29,1024,1536,15.996554120544351,query
Batch_2,avn74qx1,30,1024,2048,15.755934574218088,query
Batch_2,avn74qx1,31,1024,2560,14.954984803807267,query
Batch_2,avn74qx1,32,1024,3072,16.868945685981622,query
Batch_2,avn74qx1,33,1024,3584,17.543994887987903,query
Batch_2,avn74qx1,34,1024,4096,18.342935052444634,query
Batch_2,avn74qx1,35,1024,4608,18.150020065340428,query
Batch_2,avn74qx1,36,1024,5120,18.635388744854833,query
Batch_2,avn74qx1,37,1024,5632,15.910146196629281,query
Batch_2,avn74qx1,38,1024,6144,19.389678931654295,query
Batch_2,avn74qx1,39,1536,0,17.531638912926105,query
Batch_2,avn74qx1,40,1536,512,16.142009664488043,query
Batch_2,avn74qx1,41,1536,1024,19.02743996346797,query
Batch_2,avn74qx1,42,1536,1536,18.88562450258063,query
Batch_2,avn74qx1,43,1536,2048,15.731660652424612,query
Batch_2,avn74qx1,44,1536,2560,19.237660293451974,query
Batch_2,avn74qx1,45,1536,3072,18.065773591261582,query
Batch_2,avn74qx1,46,1536,3584,14.78862331200879,query
Batch_2,avn74qx1,47,1536,4096,17.121398257211307,query
Batch_2,avn74qx1,48,1536,4608,15.71891170783291,query
Batch_2,avn74qx1,49,1536,5120,17.904016874977593,query
Batch_2,avn74qx1,50,1536,5632,15.73627732209042,query
Batch_2,avn74qx1,51,1536,6144,19.190045406850327,query
Batch_2,b3esycq1,0,0,0,18.156295442229187,query
Batch_2,b3esycq1,1,0,512,16.86864651610285,query
Batch_2,b3esycq1,2,0,1024,15.969634144926435,query
Batch_2,b3esycq1,3,0,1536,18.35415442345704,query
Batch_2,b3esycq1,4,0,2048,15.529338018866591,query
Batch_2,b3esycq1,5,0,2560,16.22088416565302,query
Batch_2,b3esycq1,6,0,3072,15.676713607507404,query
Batch_2,b3esycq1,7,0,3584,15.731691767870014,query
Batch_2,b3esycq1,8,0,4096,18.224257668685233,query
Batch_2,b3esycq1,9,0,4608,19.74519181523167,query
Batch_2,b3esycq1,10,0,5120,18.533614397315652,query
Batch_2,b3esycq1,11,0,5632,17.61023123652972,query
Batch_2,b3esycq1,12,0,6144,19.236810074505062,query
Batch_2,b3esycq1,13,512,0,17.962507404444786,query
Batch_2,b3esycq1,14,512,512,15.684329985237625,query
Batch_2,b3esycq1,15,512,1024,16.74569152205125,query
Batch_2,b3esycq1,16,512,1536,21.7468765134818,query
Batch_2,b3esycq1,17,512,2048,17.59960858012353,query
Batch_2,b3esycq1,18,512,2560,17.964245201865577,query
Batch_2,b3esycq1,19,512,3072,16.96052829639601,query
Batch_2,b3esycq1,20,512,3584,16.02990114017473,query
Batch_2,b3esycq1,21,512,4096,17.868659004928283,query
Batch_2,b3esycq1,22,512,4608,15.487531038277641,query
Batch_2,b3esycq1,23,512,5120,15.519388337560997,query
Batch_2,b3esycq1,24,512,5632,15.695022193163988,query
Batch_2,b3esycq1,25,512,6144,22.11682643897276,query
Batch_2,b3esycq1,26,1024,0,18.717059324504604,query
Batch_2,b3esycq1,27,1024,512,18.0749477005765,query
Batch_2,b3esycq1,28,1024,1024,21.73142096612647,query
Batch_2,b3esycq1,29,1024,1536,13.744595367369874,query
Batch_2,b3esycq1,30,1024,2048,17.51333690207033,query
Batch_2,b3esycq1,31,1024,2560,17.475889176348026,query
Batch_2,b3esycq1,32,1024,3072,15.08086350499897,query
Batch_2,b3esycq1,33,1024,3584,19.260120885643133,query
Batch_2,b3esycq1,34,1024,4096,17.488582643593624,query
Batch_2,b3esycq1,35,1024,4608,17.681507133245564,query
Batch_2,b3esycq1,36,1024,5120,18.852563748907443,query
Batch_2,b3esycq1,37,1024,5632,17.382896821384648,query
Batch_2,b3esycq1,38,1024,6144,18.600175165018378,query
Batch_2,b3esycq1,39,1536,0,17.245163330298254,query
Batch_2,b3esycq1,40,1536,512,15.259524811449499,query
Batch_2,b3esycq1,41,1536,1024,16.68018510255896,query
Batch_2,b3esycq1,42,1536,1536,16.227337890355432,query
Batch_2,b3esycq1,43,1536,2048,15.344961390031164,query
Batch_2,b3esycq1,44,1536,2560,14.832382444769484,query
Batch_2,b3esycq1,45,1536,3072,16.452798453768857,query
Batch_2,b3esycq1,46,1536,3584,16.2670420854836,query
Batch_2,b3esycq1,47,1536,4096,15.63520949063368,query
Batch_2,b3esycq1,48,1536,4608,20.567935638375026,query
Batch_2,b3esycq1,49,1536,5120,18.848974813186132,query
Batch_2,b3esycq1,50,1536,5632,16.719338051141445,query
Batch_2,b3esycq1,51,1536,6144,15.429756829513895,query
Batch_2,epqdaau9,0,0,0,17.284865801875107,query
Batch_2,epqdaau9,1,0,512,18.31141817342738,query
Batch_2,epqdaau9,2,0,1024,15.013660869528966,query
Batch_2,epqdaau9,3,0,1536,21.214737978045367,query
Batch_2,epqdaau9,4,0,2048,16.571269346194544,query
Batch_2,epqdaau9,5,0,2560,16.861317750217545,query
Batch_2,epqdaau9,6,0,3072,15.827708046895475,query
Batch_2,epqdaau9,7,0,3584,17.860370716364496,query
Batch_2,epqdaau9,8,0,4096,16.713484782914218,query
Batch_2,epqdaau9,9,0,4608,18.912681391278703,query
Batch_2,epqdaau9,10,0,5120,17.594672973525274,query
Batch_2,epqdaau9,11,0,5632,17.275596743073464,query
Batch_2,epqdaau9,12,0,6144,20.4418677424163,query
Batch_2,epqdaau9,13,512,0,18.891780823613594,query
Batch_2,epqdaau9,14,512,512,14.727882443961267,query
Batch_2,epqdaau9,15,512,1024,18.942895607185,query
Batch_2,epqdaau9,16,512,1536,17.43141496907981,query
Batch_2,epqdaau9,17,512,2048,17.06707119853251,query
Batch_2,epqdaau9,18,512,2560,14.961021918051722,query
Batch_2,epqdaau9,19,512,3072,16.71010961689653,query
Batch_2,epqdaau9,20,512,3584,15.885710535946867,query
Batch_2,epqdaau9,21,512,4096,17.846045088729696,query
Batch_2,epqdaau9,22,512,4608,16.63270425195287,query
Batch_2,epqdaau9,23,512,5120,17.910675028928523,query
Batch_2,epqdaau9,24,512,5632,18.094397501879065,query
Batch_2,epqdaau9,25,512,6144,15.588749534314402,query
Batch_2,epqdaau9,26,1024,0,18.232444551518704,query
Batch_2,epqdaau9,27,1024,512,16.231318876359268,query
Batch_2,epqdaau9,28,1024,1024,15.721297161259097,query
Batch_2,epqdaau9,29,1024,1536,16.549178350377005,query
Batch_2,epqdaau9,30,1024,2048,13.690951051901328,query
Batch_2,epqdaau9,31,1024,2560,17.369229135120065,query
Batch_2,epqdaau9,32,1024,3072,15.854711429882357,query
Batch_2,epqdaau9,33,1024,3584,23.469526693532988,query
Batch_2,epqdaau9,34,1024,4096,14.799265901589624,query
Batch_2,epqdaau9,35,1024,4608,16.685072008435846,query
Batch_2,epqdaau9,36,1024,5120,17.039187839765614,query
Batch_2,epqdaau9,37,1024,5632,15.174609694776928,query
Batch_2,epqdaau9,38,1024,6144,15.1325446562011,query
Batch_2,epqdaau9,39,1536,0,16.581456064536752,query
Batch_2,epqdaau9,40,1536,512,15.946977248846915,query
Batch_2,epqdaau9,41,1536,1024,19.08537757327966,query
Batch_2,epqdaau9,42,1536,1536,19.74806774375601,query
Batch_2,epqdaau9,43,1536,2048,17.594737722582074,query
Batch_2,epqdaau9,44,1536,2560,17.538622090978524,query
Batch_2,epqdaau9,45,1536,3072,18.283986125509337,query
Batch_2,epqdaau9,46,1536,3584,18.246808035021058,query
Batch_2,epqdaau9,47,1536,4096,19.753336994759287,query
Batch_2,epqdaau9,48,1536,4608,19.788037039008167,query
Batch_2,epqdaau9,49,1536,5120,15.057917210739632,query
Batch_2,epqdaau9,50,1536,5632,16.253264393621834,query
Batch_2,epqdaau9,51,1536,6144,15.635942859700311,query
Batch_2,i9jiqjwl,0,0,0,16.850777702258682,query
Batch_2,i9jiqjwl,1,0,512,16.335208993689367,query
Batch_2,i9jiqjwl,2,0,1024,19.88265023002537,query
Batch_2,i9jiqjwl,3,0,1536,18.979400175804976,query
Batch_2,i9jiqjwl,4,0,2048,17.20401417549906,query
Batch_2,i9jiqjwl,5,0,2560,17.15400058937966,query
Batch_2,i9jiqjwl,6,0,3072,16.366361505827104,query
Batch_2,i9jiqjwl,7,0,3584,21.507241260371767,query
Batch_2,i9jiqjwl,8,0,4096,21.705273969238753,query
Batch_2,i9jiqjwl,9,0,4608,19.423532085873735,query
Batch_2,i9jiqjwl,10,0,5120,20.15273573672066,query
Batch_2,i9jiqjwl,11,0,5632,21.535375381404545,query
Batch_2,i9jiqjwl,12,0,6144,18.22841471587713,query
Batch_2,i9jiqjwl,13,512,0,15.975006144844732,query
Batch_2,i9jiqjwl,14,512,512,21.7272019718465,query
Batch_2,i9jiqjwl,15,512,1024,20.359604554116906,query
Batch_2,i9jiqjwl,16,512,1536,14.10812758495853,query
Batch_2,i9jiqjwl,17,512,2048,17.249369018640447,query
Batch_2,i9jiqjwl,18,512,2560,18.589911499313292,query
Batch_2,i9jiqjwl,19,512,3072,15.30882992706106,query
Batch_2,i9jiqjwl,20,512,3584,18.795061219347446,query
Batch_2,i9jiqjwl,21,512,4096,14.720314543966404,query
Batch_2,i9jiqjwl,22,512,4608,17.896540862197437,query
Batch_2,i9jiqjwl,23,512,5120,15.949306044750122,query
Batch_2,i9jiqjwl,24,512,5632,18.796535461729352,query
Batch_2,i9jiqjwl,25,512,6144,16.342449869001424,query
Batch_2,i9jiqjwl,26,1024,0,16.07217931933174,query
Batch_2,i9jiqjwl,27,1024,512,16.673401116081106,query
Batch_2,i9jiqjwl,28,1024,1024,16.93546269590131,query
Batch_2,i9jiqjwl,29,1024,1536,16.67565093015836,query
Batch_2,i9jiqjwl,30,1024,2048,15.524803172805159,query
Batch_2,i9jiqjwl,31,1024,2560,18.341009676121434,query
Batch_2,i9jiqjwl,32,1024,3072,17.715031847668097,query
Batch_2,i9jiqjwl,33,1024,3584,15.757443903497052,query
Batch_2,i9jiqjwl,34,1024,4096,15.505015291897132,query
Batch_2,i9jiqjwl,35,1024,4608,13.686913936489251,query
Batch_2,i9jiqjwl,36,1024,5120,15.443976290992941,query
Batch_2,i9jiqjwl,37,1024,5632,17.053394459143806,query
Batch_2,i9jiqjwl,38,1024,6144,16.146691690316153,query
Batch_2,i9jiqjwl,39,1536,0,17.217502984423817,query
Batch_2,i9jiqjwl,40,1536,512,18.91677073462896,query
Batch_2,i9jiqjwl,41,1536,1024,19.58523342129743,query
Batch_2,i9jiqjwl,42,1536,1536,16.040923921271492,query
Batch_2,i9jiqjwl,43,1536,2048,15.207005487446272,query
Batch_2,i9jiqjwl,44,1536,2560,17.182750974490318,query
Batch_2,i9jiqjwl,45,1536,3072,19.103038186699475,query
Batch_2,i9jiqjwl,46,1536,3584,15.60614484735417,query
Batch_2,i9jiqjwl,47,1536,4096,18.069258431533882,query
Batch_2,i9jiqjwl,48,1536,4608,17.296747028726365,query
Batch_2,i9jiqjwl,49,1536,5120,16.76486176672213,query
Batch_2,i9jiqjwl,50,1536,5632,18.355980373992402,query
Batch_2,i9jiqjwl,51,1536,6144,15.379091102460047,query
Batch_2,r17byphk,0,0,0,17.04929419813883,query
Batch_2,r17byphk,1,0,512,17.826906988492844,query
Batch_2,r17byphk,2,0,1024,16.025672413050245,query
Batch_2,r17byphk,3,0,1536,15.646368453382863,query
Batch_2,r17byphk,4,0,2048,17.363612326825557,query
Batch_2,r17byphk,5,0,2560,16.167486184308093,query
Batch_2,r17byphk,6,0,3072,16.725487770718455,query
Batch_2,r17byphk,7,0,3584,14.233897907152578,query
Batch_2,r17byphk,8,0,4096,16.149076693447856,query
Batch_2,r17byphk,9,0,4608,14.806009570741614,query
Batch_2,r17byphk,10,0,5120,16.19118070814786,query
Batch_2,r17byphk,11,0,5632,17.218600236389936,query
Batch_2,r17byphk,12,0,6144,13.574343140704832,query
Batch_2,r17byphk,13,512,0,19.822224487810704,query
Batch_2,r17byphk,14,512,512,24.095685671669457,query
Batch_2,r17byphk,15,512,1024,20.006035548588066,query
Batch_2,r17byphk,16,512,1536,16.356816089896355,query
Batch_2,r17byphk,17,512,2048,17.91503097702299,query
Batch_2,r17byphk,18,512,2560,17.598313970188023,query
Batch_2,r17byphk,19,512,3072,16.83277067788977,query
Batch_2,r17byphk,20,512,3584,15.276319676618868,query
Batch_2,r17byphk,21,512,4096,16.83814768346696,query
Batch_2,r17byphk,22,512,4608,17.803578570433302,query
Batch_2,r17byphk,23,512,5120,16.732580809397298,query
Batch_2,r17byphk,24,512,5632,19.04336951845503,query
Batch_2,r17byphk,25,512,6144,15.87916234593271,query
Batch_2,r17byphk,26,1024,0,17.1911226785544,query
Batch_2,r17byphk,27,1024,512,21.376238221558147,query
Batch_2,r17byphk,28,1024,1024,18.201724044664196,query
Batch_2,r17byphk,29,1024,1536,17.569106846179327,query
Batch_2,r17byphk,30,1024,2048,15.917606603289196,query
Batch_2,r17byphk,31,1024,2560,15.469007353173044,query
Batch_2,r17byphk,32,1024,3072,16.27419915072017,query
Batch_2,r17byphk,33,1024,3584,14.576221333515424,query
Batch_2,r17byphk,34,1024,4096,15.70391639891107,query
Batch_2,r17byphk,35,1024,4608,14.548391386949998,query
Batch_2,r17byphk,36,1024,5120,23.530548581854948,query
Batch_2,r17byphk,37,1024,5632,18.414534485333352,query
Batch_2,r17byphk,38,1024,6144,15.31924702807116,query
Batch_2,r17byphk,39,1536,0,16.81983459762062,query
Batch_2,r17byphk,40,1536,512,15.28526431489939,query
Batch_2,r17byphk,41,1536,1024,14.554200255462803,query
Batch_2,r17byphk,42,1536,1536,17.524027726741462,query
Batch_2,r17byphk,43,1536,2048,16.512168425912705,query
Batch_2,r17byphk,44,1536,2560,19.423090159460525,query
Batch_2,r17byphk,45,1536,3072,15.92769371606201,query
Batch_2,r17byphk,46,1536,3584,17.667108731101028,query
Batch_2,r17byphk,47,1536,4096,17.885676644862208,query
Batch_2,r17byphk,48,1536,4608,14.892109943664499,query
Batch_2,r17byphk,49,1536,5120,17.323497337691396,query
Batch_2,r17byphk,50,1536,5632,16.700038352622617,query
Batch_2,r17byphk,51,1536,6144,15.313076159290812,query
Batch_2,rxax5ozo,0,0,0,16.73771519056512,query
Batch_2,rxax5ozo,1,0,512,18.65139969404587,query
Batch_2,rxax5ozo,2,0,1024,17.832807958709378,query
Batch_2,rxax5ozo,3,0,1536,16.37108459783564,query
Batch_2,rxax5ozo,4,0,2048,15.116563087548926,query
Batch_2,rxax5ozo,5,0,2560,15.774677047449345,query
Batch_2,rxax5ozo,6,0,3072,15.70419408209479,query
Batch_2,rxax5ozo,7,0,3584,14.60651243699904,query
Batch_2,rxax5ozo,8,0,4096,16.91752598057861,query
Batch_2,rxax5ozo,9,0,4608,17.271932550892963,query
Batch_2,rxax5ozo,10,0,5120,15.218004313827828,query
Batch_2,rxax5ozo,11,0,5632,17.001167242628288,query
Batch_2,rxax5ozo,12,0,6144,17.09081100933185,query
Batch_2,rxax5ozo,13,512,0,13.606025637949603,query
Batch_2,rxax5ozo,14,512,512,17.305651417198256,query
Batch_2,rxax5ozo,15,512,1024,17.662380893685032,query
Batch_2,rxax5ozo,16,512,1536,15.512447861239462,query
Batch_2,rxax5ozo,17,512,2048,13.642723263560171,query
Batch_2,rxax5ozo,18,512,2560,17.28199822390177,query
Batch_2,rxax5ozo,19,512,3072,15.44295577976074,query
Batch_2,rxax5ozo,20,512,3584,17.616784417196737,query
Batch_2,rxax5ozo,21,512,4096,18.155545228774557,query
Batch_2,rxax5ozo,22,512,4608,17.912930938999718,query
Batch_2,rxax5ozo,23,512,5120,15.842646848858596,query
Batch_2,rxax5ozo,24,512,5632,15.69362152149668,query
Batch_2,rxax5ozo,25,512,6144,16.60880282183079,query
Batch_2,rxax5ozo,26,1024,0,20.143942005064066,query
Batch_2,rxax5ozo,27,1024,512,16.752782012637127,query
Batch_2,rxax5ozo,28,1024,1024,15.280728351831197,query
Batch_2,rxax5ozo,29,1024,1536,16.65939270204238,query
Batch_2,rxax5ozo,30,1024,2048,17.118428629197044,query
Batch_2,rxax5ozo,31,1024,2560,15.356731827757425,query
Batch_2,rxax5ozo,32,1024,3072,18.916010598085908,query
Batch_2,rxax5ozo,33,1024,3584,17.56920037072069,query
Batch_2,rxax5ozo,34,1024,4096,16.25630398101369,query
Batch_2,rxax5ozo,35,1024,4608,19.97756384580959,query
Batch_2,rxax5ozo,36,1024,5120,15.595375172117604,query
Batch_2,rxax5ozo,37,1024,5632,15.605869298138511,query
Batch_2,rxax5ozo,38,1024,6144,16.58366911545575,query
Batch_2,rxax5ozo,39,1536,0,15.691446747781702,query
Batch_2,rxax5ozo,40,1536,512,17.686848888938975,query
Batch_2,rxax5ozo,41,1536,1024,17.475701840503532,query
Batch_2,rxax5ozo,42,1536,1536,18.051158232814817,query
Batch_2,rxax5ozo,43,1536,2048,19.84913678659142,query
Batch_2,rxax5ozo,44,1536,2560,15.78310369821354,query
Batch_2,rxax5ozo,45,1536,3072,14.929406475085463,query
Batch_2,rxax5ozo,46,1536,3584,15.854741631784236,query
Batch_2,rxax5ozo,47,1536,4096,17.126633283490598,query
Batch_2,rxax5ozo,48,1536,4608,20.9074282549878,query
Batch_2,rxax5ozo,49,1536,5120,16.480685149910528,query
Batch_2,rxax5ozo,50,1536,5632,16.79739613500712,query
Batch_2,rxax5ozo,51,1536,6144,17.542782793801987,query
Batch_3,0grcilhi,0,0,0,16.100371158888066,reference_loo
Batch_3,0grcilhi,1,0,512,16.163663276102263,reference_loo
Batch_3,0grcilhi,2,0,1024,16.73572483901817,reference_loo
Batch_3,0grcilhi,3,0,1536,17.522343658005337,reference_loo
Batch_3,0grcilhi,4,0,2048,17.642498220530296,reference_loo
Batch_3,0grcilhi,5,0,2560,17.08048761720567,reference_loo
Batch_3,0grcilhi,6,0,3072,21.816553073740778,reference_loo
Batch_3,0grcilhi,7,0,3584,21.111221366253606,reference_loo
Batch_3,0grcilhi,8,0,4096,17.50852481671607,reference_loo
Batch_3,0grcilhi,9,0,4608,17.449102668922553,reference_loo
Batch_3,0grcilhi,10,0,5120,16.457753567654628,reference_loo
Batch_3,0grcilhi,11,0,5632,16.267641826009644,reference_loo
Batch_3,0grcilhi,12,0,6144,17.80693600279731,reference_loo
Batch_3,0grcilhi,13,512,0,14.250995598894189,reference_loo
Batch_3,0grcilhi,14,512,512,16.602317662337576,reference_loo
Batch_3,0grcilhi,15,512,1024,19.785958480098245,reference_loo
Batch_3,0grcilhi,16,512,1536,17.544022802615764,reference_loo
Batch_3,0grcilhi,17,512,2048,17.68566665486789,reference_loo
Batch_3,0grcilhi,18,512,2560,17.49159938399331,reference_loo
Batch_3,0grcilhi,19,512,3072,18.23330119723355,reference_loo
Batch_3,0grcilhi,20,512,3584,17.43672384989936,reference_loo
Batch_3,0grcilhi,21,512,4096,17.55784468054548,reference_loo
Batch_3,0grcilhi,22,512,4608,17.06128876906082,reference_loo
Batch_3,0grcilhi,23,512,5120,17.341811827946618,reference_loo
Batch_3,0grcilhi,24,512,5632,17.6750237628588,reference_loo
Batch_3,0grcilhi,25,512,6144,18.978837302203175,reference_loo
Batch_3,0grcilhi,26,1024,0,16.996360358331785,reference_loo
Batch_3,0grcilhi,27,1024,512,17.171805486563386,reference_loo
Batch_3,0grcilhi,28,1024,1024,15.55596225793974,reference_loo
Batch_3,0grcilhi,29,1024,1536,14.743149959859357,reference_loo
Batch_3,0grcilhi,30,1024,2048,17.555594467547174,reference_loo
Batch_3,0grcilhi,31,1024,2560,18.57916391685733,reference_loo
Batch_3,0grcilhi,32,1024,3072,23.0316037464764,reference_loo
Batch_3,0grcilhi,33,1024,3584,26.215619294070017,reference_loo
Batch_3,0grcilhi,34,1024,4096,17.488332784774627,reference_loo
Batch_3,0grcilhi,35,1024,4608,18.228615679620177,reference_loo
Batch_3,0grcilhi,36,1024,5120,16.82692487754168,reference_loo
Batch_3,0grcilhi,37,1024,5632,16.021333488326416,reference_loo
Batch_3,0grcilhi,38,1024,6144,17.418390213724305,reference_loo
Batch_3,71vgq3fw,0,0,0,18.35838207167849,reference_loo
Batch_3,71vgq3fw,1,0,512,14.465062170088668,reference_loo
Batch_3,71vgq3fw,2,0,1024,15.637411319986319,reference_loo
Batch_3,71vgq3fw,3,0,1536,15.898405188289127,reference_loo
Batch_3,71vgq3fw,4,0,2048,18.313468444030313,reference_loo
Batch_3,71vgq3fw,5,0,2560,16.43471105190691,reference_loo
Batch_3,71vgq3fw,6,0,3072,19.375699125598743,reference_loo
Batch_3,71vgq3fw,7,0,3584,18.994791463797952,reference_loo
Batch_3,71vgq3fw,8,0,4096,16.423572436253274,reference_loo
Batch_3,71vgq3fw,9,0,4608,18.906506864681603,reference_loo
Batch_3,71vgq3fw,10,0,5120,14.836882291388429,reference_loo
Batch_3,71vgq3fw,11,0,5632,18.739841608553057,reference_loo
Batch_3,71vgq3fw,12,0,6144,15.176600555460022,reference_loo
Batch_3,71vgq3fw,13,512,0,17.683309092121682,reference_loo
Batch_3,71vgq3fw,14,512,512,16.93745641594086,reference_loo
Batch_3,71vgq3fw,15,512,1024,18.286957570287854,reference_loo
Batch_3,71vgq3fw,16,512,1536,20.116121985813535,reference_loo
Batch_3,71vgq3fw,17,512,2048,14.059095443466413,reference_loo
Batch_3,71vgq3fw,18,512,2560,15.033335821869054,reference_loo
Batch_3,71vgq3fw,19,512,3072,17.734165524599412,reference_loo
Batch_3,71vgq3fw,20,512,3584,16.40469333578164,reference_loo
Batch_3,71vgq3fw,21,512,4096,16.227390271559184,reference_loo
Batch_3,71vgq3fw,22,512,4608,16.606984241339912,reference_loo
Batch_3,71vgq3fw,23,512,5120,19.05353931726004,reference_loo
Batch_3,71vgq3fw,24,512,5632,19.110204945722835,reference_loo
Batch_3,71vgq3fw,25,512,6144,16.24966862771403,reference_loo
Batch_3,71vgq3fw,26,1024,0,19.92610475043242,reference_loo
Batch_3,71vgq3fw,27,1024,512,19.549752869196595,reference_loo
Batch_3,71vgq3fw,28,1024,1024,16.77747796954582,reference_loo
Batch_3,71vgq3fw,29,1024,1536,21.157019553618976,reference_loo
Batch_3,71vgq3fw,30,1024,2048,15.560195888178736,reference_loo
Batch_3,71vgq3fw,31,1024,2560,17.580583071007908,reference_loo
Batch_3,71vgq3fw,32,1024,3072,17.38177228589063,reference_loo
Batch_3,71vgq3fw,33,1024,3584,17.05019779491615,reference_loo
Batch_3,71vgq3fw,34,1024,4096,18.958055054665724,reference_loo
Batch_3,71vgq3fw,35,1024,4608,17.434887565580823,reference_loo
Batch_3,71vgq3fw,36,1024,5120,17.001341586688675,reference_loo
Batch_3,71vgq3fw,37,1024,5632,18.899108050705642,reference_loo
Batch_3,71vgq3fw,38,1024,6144,15.716220286092176,reference_loo
Batch_3,71vgq3fw,39,1536,0,16.880894735964148,reference_loo
Batch_3,71vgq3fw,40,1536,512,20.367969715527853,reference_loo
Batch_3,71vgq3fw,41,1536,1024,18.238400345112034,reference_loo
Batch_3,71vgq3fw,42,1536,1536,14.719362744850935,reference_loo
Batch_3,71vgq3fw,43,1536,2048,14.251380829620803,reference_loo
Batch_3,71vgq3fw,44,1536,2560,16.619110224299135,reference_loo
Batch_3,71vgq3fw,45,1536,3072,14.248009857375479,reference_loo
Batch_3,71vgq3fw,46,1536,3584,17.24396023572653,reference_loo
Batch_3,71vgq3fw,47,1536,4096,17.151208447278545,reference_loo
Batch_3,71vgq3fw,48,1536,4608,17.598415480649667,reference_loo
Batch_3,71vgq3fw,49,1536,5120,18.099229215203405,reference_loo
Batch_3,71vgq3fw,50,1536,5632,18.794461164831244,reference_loo
Batch_3,71vgq3fw,51,1536,6144,16.5496757623282,reference_loo
Batch_3,9luzk4jm,0,0,0,16.778358210102734,reference_loo
Batch_3,9luzk4jm,1,0,512,14.926943477867795,reference_loo
Batch_3,9luzk4jm,2,0,1024,17.78713542178952,reference_loo
Batch_3,9luzk4jm,3,0,1536,18.928137945906418,reference_loo
Batch_3,9luzk4jm,4,0,2048,16.049972705782928,reference_loo
Batch_3,9luzk4jm,5,0,2560,17.511019511877528,reference_loo
Batch_3,9luzk4jm,6,0,3072,16.88533647859819,reference_loo
Batch_3,9luzk4jm,7,0,3584,14.605029046929147,reference_loo
Batch_3,9luzk4jm,8,0,4096,16.231899233890484,reference_loo
Batch_3,9luzk4jm,9,0,4608,15.101977201904873,reference_loo
Batch_3,9luzk4jm,10,0,5120,16.601205388971003,reference_loo
Batch_3,9luzk4jm,11,0,5632,16.675619856846673,reference_loo
Batch_3,9luzk4jm,12,0,6144,16.67695843724669,reference_loo
Batch_3,9luzk4jm,13,512,0,18.32029826323873,reference_loo
Batch_3,9luzk4jm,14,512,512,15.786213937743216,reference_loo
Batch_3,9luzk4jm,15,512,1024,17.247400371381655,reference_loo
Batch_3,9luzk4jm,16,512,1536,15.810088851013157,reference_loo
Batch_3,9luzk4jm,17,512,2048,17.829069533506754,reference_loo
Batch_3,9luzk4jm,18,512,2560,16.07320692071689,reference_loo
Batch_3,9luzk4jm,19,512,3072,16.151216479614305,reference_loo
Batch_3,9luzk4jm,20,512,3584,15.306030119482742,reference_loo
Batch_3,9luzk4jm,21,512,4096,15.525265131284687,reference_loo
Batch_3,9luzk4jm,22,512,4608,16.60425561836663,reference_loo
Batch_3,9luzk4jm,23,512,5120,17.27613107977013,reference_loo
Batch_3,9luzk4jm,24,512,5632,17.266120760645826,reference_loo
Batch_3,9luzk4jm,25,512,6144,16.990202836771818,reference_loo
Batch_3,9luzk4jm,26,1024,0,16.096039863254294,reference_loo
Batch_3,9luzk4jm,27,1024,512,17.558849217406184,reference_loo
Batch_3,9luzk4jm,28,1024,1024,16.9161324197066,reference_loo
Batch_3,9luzk4jm,29,1024,1536,16.167747730428008,reference_loo
Batch_3,9luzk4jm,30,1024,2048,17.039743525180505,reference_loo
Batch_3,9luzk4jm,31,1024,2560,16.785779190887418,reference_loo
Batch_3,9luzk4jm,32,1024,3072,17.99679621256513,reference_loo
Batch_3,9luzk4jm,33,1024,3584,16.173289319031593,reference_loo
Batch_3,9luzk4jm,34,1024,4096,18.458371151747176,reference_loo
Batch_3,9luzk4jm,35,1024,4608,16.325630044226045,reference_loo
Batch_3,9luzk4jm,36,1024,5120,16.201307354174695,reference_loo
Batch_3,9luzk4jm,37,1024,5632,17.80053890301611,reference_loo
Batch_3,9luzk4jm,38,1024,6144,18.328380207341286,reference_loo
Batch_3,9luzk4jm,39,1536,0,16.45016590563126,reference_loo
Batch_3,9luzk4jm,40,1536,512,17.184240641458384,reference_loo
Batch_3,9luzk4jm,41,1536,1024,16.771828523844853,reference_loo
Batch_3,9luzk4jm,42,1536,1536,17.187236389271895,reference_loo
Batch_3,9luzk4jm,43,1536,2048,18.493256024254077,reference_loo
Batch_3,9luzk4jm,44,1536,2560,17.208598777906364,reference_loo
Batch_3,9luzk4jm,45,1536,3072,17.54263863792022,reference_loo
Batch_3,9luzk4jm,46,1536,3584,15.802216620010224,reference_loo
Batch_3,9luzk4jm,47,1536,4096,16.129169072457074,reference_loo
Batch_3,9luzk4jm,48,1536,4608,17.456738671840988,reference_loo
Batch_3,9luzk4jm,49,1536,5120,17.12651205696617,reference_loo
Batch_3,9luzk4jm,50,1536,5632,18.46307269478474,reference_loo
Batch_3,9luzk4jm,51,1536,6144,17.81886284241894,reference_loo
Batch_3,cfe5vt7s,0,0,0,17.417815880086305,reference_loo
Batch_3,cfe5vt7s,1,0,512,15.243848835525995,reference_loo
Batch_3,cfe5vt7s,2,0,1024,15.831380499766638,reference_loo
Batch_3,cfe5vt7s,3,0,1536,16.109157754735364,reference_loo
Batch_3,cfe5vt7s,4,0,2048,18.765724001949916,reference_loo
Batch_3,cfe5vt7s,5,0,2560,18.376936008150643,reference_loo
Batch_3,cfe5vt7s,6,0,3072,19.172979716425303,reference_loo
Batch_3,cfe5vt7s,7,0,3584,19.211788766748416,reference_loo
Batch_3,cfe5vt7s,8,0,4096,16.86389247448024,reference_loo
Batch_3,cfe5vt7s,9,0,4608,16.434437697279826,reference_loo
Batch_3,cfe5vt7s,10,0,5120,18.377253387645858,reference_loo
Batch_3,cfe5vt7s,11,0,5632,23.232129204955285,reference_loo
Batch_3,cfe5vt7s,12,0,6144,20.621303662873352,reference_loo
Batch_3,cfe5vt7s,13,512,0,15.494295438852433,reference_loo
Batch_3,cfe5vt7s,14,512,512,14.954909275855158,reference_loo
Batch_3,cfe5vt7s,15,512,1024,16.585209594021006,reference_loo
Batch_3,cfe5vt7s,16,512,1536,15.085921836095128,reference_loo
Batch_3,cfe5vt7s,17,512,2048,15.960721546095016,reference_loo
Batch_3,cfe5vt7s,18,512,2560,19.912952681423857,reference_loo
Batch_3,cfe5vt7s,19,512,3072,16.746883859204157,reference_loo
Batch_3,cfe5vt7s,20,512,3584,17.110670407003063,reference_loo
Batch_3,cfe5vt7s,21,512,4096,17.622719222708163,reference_loo
Batch_3,cfe5vt7s,22,512,4608,14.367551362995126,reference_loo
Batch_3,cfe5vt7s,23,512,5120,15.351886253816991,reference_loo
Batch_3,cfe5vt7s,24,512,5632,14.686598688068253,reference_loo
Batch_3,cfe5vt7s,25,512,6144,15.72526808574053,reference_loo
Batch_3,cfe5vt7s,26,1024,0,17.24771992721522,reference_loo
Batch_3,cfe5vt7s,27,1024,512,16.29179973576415,reference_loo
Batch_3,cfe5vt7s,28,1024,1024,16.204092440861594,reference_loo
Batch_3,cfe5vt7s,29,1024,1536,17.440844715834768,reference_loo
Batch_3,cfe5vt7s,30,1024,2048,16.140138864106856,reference_loo
Batch_3,cfe5vt7s,31,1024,2560,18.227714904504367,reference_loo
Batch_3,cfe5vt7s,32,1024,3072,16.311556348550848,reference_loo
Batch_3,cfe5vt7s,33,1024,3584,17.218752963237478,reference_loo
Batch_3,cfe5vt7s,34,1024,4096,17.506537642778888,reference_loo
Batch_3,cfe5vt7s,35,1024,4608,15.658750768580793,reference_loo
Batch_3,cfe5vt7s,36,1024,5120,15.845603843506614,reference_loo
Batch_3,cfe5vt7s,37,1024,5632,15.875990198536218,reference_loo
Batch_3,cfe5vt7s,38,1024,6144,16.408239098676944,reference_loo
Batch_3,cfe5vt7s,39,1536,0,16.415229397326673,reference_loo
Batch_3,cfe5vt7s,40,1536,512,16.998611529949923,reference_loo
Batch_3,cfe5vt7s,41,1536,1024,15.76171625146103,reference_loo
Batch_3,cfe5vt7s,42,1536,1536,14.037644625376718,reference_loo
Batch_3,cfe5vt7s,43,1536,2048,16.87652919289709,reference_loo
Batch_3,cfe5vt7s,44,1536,2560,18.12330680069658,reference_loo
Batch_3,cfe5vt7s,45,1536,3072,17.05802828945023,reference_loo
Batch_3,cfe5vt7s,46,1536,3584,19.54971654229838,reference_loo
Batch_3,cfe5vt7s,47,1536,4096,13.439411604240997,reference_loo
Batch_3,cfe5vt7s,48,1536,4608,17.52454205561872,reference_loo
Batch_3,cfe5vt7s,49,1536,5120,16.01332969137704,reference_loo
Batch_3,cfe5vt7s,50,1536,5632,16.08840521200083,reference_loo
Batch_3,cfe5vt7s,51,1536,6144,16.579561460389943,reference_loo
Batch_3,hawkfj64,0,0,0,16.66903910986336,reference_loo
Batch_3,hawkfj64,1,0,512,16.27548160326294,reference_loo
Batch_3,hawkfj64,2,0,1024,16.78792075647418,reference_loo
Batch_3,hawkfj64,3,0,1536,19.69450472426836,reference_loo
Batch_3,hawkfj64,4,0,2048,21.491030519228804,reference_loo
Batch_3,hawkfj64,5,0,2560,16.026697068501154,reference_loo
Batch_3,hawkfj64,6,0,3072,13.889382202429411,reference_loo
Batch_3,hawkfj64,7,0,3584,17.293894745550073,reference_loo
Batch_3,hawkfj64,8,0,4096,19.145508610205074,reference_loo
Batch_3,hawkfj64,9,0,4608,17.41811380899967,reference_loo
Batch_3,hawkfj64,10,0,5120,17.898118006012496,reference_loo
Batch_3,hawkfj64,11,0,5632,18.742245090286914,reference_loo
Batch_3,hawkfj64,12,0,6144,16.843291869846738,reference_loo
Batch_3,hawkfj64,13,512,0,16.009130514268357,reference_loo
Batch_3,hawkfj64,14,512,512,16.668932188934072,reference_loo
Batch_3,hawkfj64,15,512,1024,16.79255693965581,reference_loo
Batch_3,hawkfj64,16,512,1536,17.583506513983636,reference_loo
Batch_3,hawkfj64,17,512,2048,17.387635640880355,reference_loo
Batch_3,hawkfj64,18,512,2560,17.844101389738245,reference_loo
Batch_3,hawkfj64,19,512,3072,20.472940737996463,reference_loo
Batch_3,hawkfj64,20,512,3584,15.910639266328554,reference_loo
Batch_3,hawkfj64,21,512,4096,17.038265703282462,reference_loo
Batch_3,hawkfj64,22,512,4608,14.997071312784664,reference_loo
Batch_3,hawkfj64,23,512,5120,18.10444491623833,reference_loo
Batch_3,hawkfj64,24,512,5632,18.212165038511234,reference_loo
Batch_3,hawkfj64,25,512,6144,16.330161505428727,reference_loo
Batch_3,hawkfj64,26,1024,0,16.473681490012204,reference_loo
Batch_3,hawkfj64,27,1024,512,17.92869573545415,reference_loo
Batch_3,hawkfj64,28,1024,1024,17.751829141209253,reference_loo
Batch_3,hawkfj64,29,1024,1536,17.88786765851359,reference_loo
Batch_3,hawkfj64,30,1024,2048,18.73111106878433,reference_loo
Batch_3,hawkfj64,31,1024,2560,18.159474925874555,reference_loo
Batch_3,hawkfj64,32,1024,3072,20.97035769052237,reference_loo
Batch_3,hawkfj64,33,1024,3584,17.542331185846393,reference_loo
Batch_3,hawkfj64,34,1024,4096,17.80708507451936,reference_loo
Batch_3,hawkfj64,35,1024,4608,15.927916303646395,reference_loo
Batch_3,hawkfj64,36,1024,5120,15.099016278199008,reference_loo
Batch_3,hawkfj64,37,1024,5632,16.497379226794415,reference_loo
Batch_3,hawkfj64,38,1024,6144,19.58003285146185,reference_loo
Batch_3,hzumfsms,0,0,0,15.62029567048159,reference_loo
Batch_3,hzumfsms,1,0,512,18.027924523137838,reference_loo
Batch_3,hzumfsms,2,0,1024,15.056626275388718,reference_loo
Batch_3,hzumfsms,3,0,1536,18.34548296473968,reference_loo
Batch_3,hzumfsms,4,0,2048,15.333352801258451,reference_loo
Batch_3,hzumfsms,5,0,2560,15.669666426508394,reference_loo
Batch_3,hzumfsms,6,0,3072,16.481232916775202,reference_loo
Batch_3,hzumfsms,7,0,3584,15.729605470075347,reference_loo
Batch_3,hzumfsms,8,0,4096,19.331801218964223,reference_loo
Batch_3,hzumfsms,9,0,4608,20.749040664397814,reference_loo
Batch_3,hzumfsms,10,0,5120,17.992936608341353,reference_loo
Batch_3,hzumfsms,11,0,5632,18.915418787120245,reference_loo
Batch_3,hzumfsms,12,0,6144,19.829905215045123,reference_loo
Batch_3,hzumfsms,13,512,0,14.782458986152756,reference_loo
Batch_3,hzumfsms,14,512,512,14.012273401599828,reference_loo
Batch_3,hzumfsms,15,512,1024,18.546624692411548,reference_loo
Batch_3,hzumfsms,16,512,1536,15.64288391510507,reference_loo
Batch_3,hzumfsms,17,512,2048,15.67319385636126,reference_loo
Batch_3,hzumfsms,18,512,2560,13.927705598332974,reference_loo
Batch_3,hzumfsms,19,512,3072,18.933635978953774,reference_loo
Batch_3,hzumfsms,20,512,3584,20.279992738657164,reference_loo
Batch_3,hzumfsms,21,512,4096,19.186048579361795,reference_loo
Batch_3,hzumfsms,22,512,4608,17.75897203817923,reference_loo
Batch_3,hzumfsms,23,512,5120,20.298798025642462,reference_loo
Batch_3,hzumfsms,24,512,5632,17.575369274494847,reference_loo
Batch_3,hzumfsms,25,512,6144,18.72247873696678,reference_loo
Batch_3,hzumfsms,26,1024,0,17.727416846188497,reference_loo
Batch_3,hzumfsms,27,1024,512,16.50687139244379,reference_loo
Batch_3,hzumfsms,28,1024,1024,17.145100036331122,reference_loo
Batch_3,hzumfsms,29,1024,1536,17.798124787865905,reference_loo
Batch_3,hzumfsms,30,1024,2048,18.68406710578025,reference_loo
Batch_3,hzumfsms,31,1024,2560,19.64068490392013,reference_loo
Batch_3,hzumfsms,32,1024,3072,16.960337933732074,reference_loo
Batch_3,hzumfsms,33,1024,3584,16.168190296747806,reference_loo
Batch_3,hzumfsms,34,1024,4096,15.816688593496233,reference_loo
Batch_3,hzumfsms,35,1024,4608,16.29967695662328,reference_loo
Batch_3,hzumfsms,36,1024,5120,16.474962610106918,reference_loo
Batch_3,hzumfsms,37,1024,5632,17.30941912043479,reference_loo
Batch_3,hzumfsms,38,1024,6144,17.917756857625687,reference_loo
Batch_3,hzumfsms,39,1536,0,17.94884885701975,reference_loo
Batch_3,hzumfsms,40,1536,512,18.690211951734764,reference_loo
Batch_3,hzumfsms,41,1536,1024,17.293671346745548,reference_loo
Batch_3,hzumfsms,42,1536,1536,15.62090076298828,reference_loo
Batch_3,hzumfsms,43,1536,2048,17.86954846289297,reference_loo
Batch_3,hzumfsms,44,1536,2560,17.840171441391163,reference_loo
Batch_3,hzumfsms,45,1536,3072,14.441362618674233,reference_loo
Batch_3,hzumfsms,46,1536,3584,16.947716600606448,reference_loo
Batch_3,hzumfsms,47,1536,4096,18.311425244992208,reference_loo
Batch_3,hzumfsms,48,1536,4608,18.97966795661365,reference_loo
Batch_3,hzumfsms,49,1536,5120,15.310598070974383,reference_loo
Batch_3,hzumfsms,50,1536,5632,15.56030433172793,reference_loo
Batch_3,hzumfsms,51,1536,6144,16.31451520651038,reference_loo
Batch_3,kbdh4tri,0,0,0,18.674109403162866,reference_loo
Batch_3,kbdh4tri,1,0,512,17.098364679191377,reference_loo
Batch_3,kbdh4tri,2,0,1024,17.329016675488628,reference_loo
Batch_3,kbdh4tri,3,0,1536,13.994839465032749,reference_loo
Batch_3,kbdh4tri,4,0,2048,16.08591173554362,reference_loo
Batch_3,kbdh4tri,5,0,2560,19.39368246212794,reference_loo
Batch_3,kbdh4tri,6,0,3072,18.46371560327275,reference_loo
Batch_3,kbdh4tri,7,0,3584,18.19934299808369,reference_loo
Batch_3,kbdh4tri,8,0,4096,17.036680078215856,reference_loo
Batch_3,kbdh4tri,9,0,4608,17.48220805922582,reference_loo
Batch_3,kbdh4tri,10,0,5120,19.539054281670072,reference_loo
Batch_3,kbdh4tri,11,0,5632,15.665100331924759,reference_loo
Batch_3,kbdh4tri,12,0,6144,16.715519440650425,reference_loo
Batch_3,kbdh4tri,13,512,0,14.466525815487874,reference_loo
Batch_3,kbdh4tri,14,512,512,19.561235544081065,reference_loo
Batch_3,kbdh4tri,15,512,1024,15.261351891022088,reference_loo
Batch_3,kbdh4tri,16,512,1536,19.218960199595,reference_loo
Batch_3,kbdh4tri,17,512,2048,16.858883271218993,reference_loo
Batch_3,kbdh4tri,18,512,2560,15.12724002788438,reference_loo
Batch_3,kbdh4tri,19,512,3072,15.116518110087,reference_loo
Batch_3,kbdh4tri,20,512,3584,19.95257133997236,reference_loo
Batch_3,kbdh4tri,21,512,4096,16.37963406560554,reference_loo
Batch_3,kbdh4tri,22,512,4608,17.467397225604056,reference_loo
Batch_3,kbdh4tri,23,512,5120,20.2585144113113,reference_loo
Batch_3,kbdh4tri,24,512,5632,16.46248850004207,reference_loo
Batch_3,kbdh4tri,25,512,6144,16.744514312167123,reference_loo
Batch_3,kbdh4tri,26,1024,0,16.84584706737269,reference_loo
Batch_3,kbdh4tri,27,1024,512,15.406996871801235,reference_loo
Batch_3,kbdh4tri,28,1024,1024,18.78215570816726,reference_loo
Batch_3,kbdh4tri,29,1024,1536,16.321578250300362,reference_loo
Batch_3,kbdh4tri,30,1024,2048,14.811741022645851,reference_loo
Batch_3,kbdh4tri,31,1024,2560,17.869591742682882,reference_loo
Batch_3,kbdh4tri,32,1024,3072,15.411267855487775,reference_loo
Batch_3,kbdh4tri,33,1024,3584,17.129404640833663,reference_loo
Batch_3,kbdh4tri,34,1024,4096,16.629851677151624,reference_loo
Batch_3,kbdh4tri,35,1024,4608,18.630912299624157,reference_loo
Batch_3,kbdh4tri,36,1024,5120,20.058563712425116,reference_loo
Batch_3,kbdh4tri,37,1024,5632,15.857733960270178,reference_loo
Batch_3,kbdh4tri,38,1024,6144,16.31021114349246,reference_loo
Batch_3,kbdh4tri,39,1536,0,16.835306298368703,reference_loo
Batch_3,kbdh4tri,40,1536,512,14.234748812578266,reference_loo
Batch_3,kbdh4tri,41,1536,1024,15.82611060146831,reference_loo
Batch_3,kbdh4tri,42,1536,1536,16.98185304112444,reference_loo
Batch_3,kbdh4tri,43,1536,2048,16.75223975205742,reference_loo
Batch_3,kbdh4tri,44,1536,2560,17.4144143492662,reference_loo
Batch_3,kbdh4tri,45,1536,3072,16.11742263641134,reference_loo
Batch_3,kbdh4tri,46,1536,3584,19.898377538373214,reference_loo
Batch_3,kbdh4tri,47,1536,4096,20.222674310253176,reference_loo
Batch_3,kbdh4tri,48,1536,4608,16.019274184050623,reference_loo
Batch_3,kbdh4tri,49,1536,5120,16.103452998304356,reference_loo
Batch_3,kbdh4tri,50,1536,5632,15.772173071881383,reference_loo
Batch_3,kbdh4tri,51,1536,6144,14.69435073428553,reference_loo
Batch_3,mgxahqnk,0,0,0,16.229562356381177,reference_loo
Batch_3,mgxahqnk,1,0,512,18.48700260722763,reference_loo
Batch_3,mgxahqnk,2,0,1024,17.49868033892895,reference_loo
Batch_3,mgxahqnk,3,0,1536,16.949440299014462,reference_loo
Batch_3,mgxahqnk,4,0,2048,15.154890429873712,reference_loo
Batch_3,mgxahqnk,5,0,2560,14.310029027327866,reference_loo
Batch_3,mgxahqnk,6,0,3072,18.079133313734268,reference_loo
Batch_3,mgxahqnk,7,0,3584,21.391708483153582,reference_loo
Batch_3,mgxahqnk,8,0,4096,16.447975830225253,reference_loo
Batch_3,mgxahqnk,9,0,4608,17.428123001047126,reference_loo
Batch_3,mgxahqnk,10,0,5120,17.874621486803658,reference_loo
Batch_3,mgxahqnk,11,0,5632,18.564149901955183,reference_loo
Batch_3,mgxahqnk,12,0,6144,16.60314816191301,reference_loo
Batch_3,mgxahqnk,13,512,0,17.690235098543667,reference_loo
Batch_3,mgxahqnk,14,512,512,16.75024948697196,reference_loo
Batch_3,mgxahqnk,15,512,1024,17.395524630901832,reference_loo
Batch_3,mgxahqnk,16,512,1536,15.341210755991247,reference_loo
Batch_3,mgxahqnk,17,512,2048,20.033085974907113,reference_loo
Batch_3,mgxahqnk,18,512,2560,19.832243324027978,reference_loo
Batch_3,mgxahqnk,19,512,3072,17.52612516763413,reference_loo
Batch_3,mgxahqnk,20,512,3584,13.522013766709364,reference_loo
Batch_3,mgxahqnk,21,512,4096,16.108026068214322,reference_loo
Batch_3,mgxahqnk,22,512,4608,16.357485322199178,reference_loo
Batch_3,mgxahqnk,23,512,5120,15.880058456122189,reference_loo
Batch_3,mgxahqnk,24,512,5632,19.826192814945664,reference_loo
Batch_3,mgxahqnk,25,512,6144,16.559424592131627,reference_loo
Batch_3,mgxahqnk,26,1024,0,16.171271603718946,reference_loo
Batch_3,mgxahqnk,27,1024,512,15.711281078204147,reference_loo
Batch_3,mgxahqnk,28,1024,1024,18.01291640335536,reference_loo
Batch_3,mgxahqnk,29,1024,1536,18.58615994903247,reference_loo
Batch_3,mgxahqnk,30,1024,2048,15.54650342939837,reference_loo
Batch_3,mgxahqnk,31,1024,2560,13.942265439956298,reference_loo
Batch_3,mgxahqnk,32,1024,3072,16.64566558155236,reference_loo
Batch_3,mgxahqnk,33,1024,3584,16.877833084132163,reference_loo
Batch_3,mgxahqnk,34,1024,4096,16.65914963781708,reference_loo
Batch_3,mgxahqnk,35,1024,4608,14.286191960013479,reference_loo
Batch_3,mgxahqnk,36,1024,5120,15.451514083544897,reference_loo
Batch_3,mgxahqnk,37,1024,5632,15.592553575149031,reference_loo
Batch_3,mgxahqnk,38,1024,6144,16.580114383425283,reference_loo
Batch_3,pl8uabbv,0,0,0,15.094539173395862,reference_loo
Batch_3,pl8uabbv,1,0,512,19.16902509772955,reference_loo
Batch_3,pl8uabbv,2,0,1024,19.448815636941053,reference_loo
Batch_3,pl8uabbv,3,0,1536,20.156253102758473,reference_loo
Batch_3,pl8uabbv,4,0,2048,16.886092149133734,reference_loo
Batch_3,pl8uabbv,5,0,2560,19.585538453934536,reference_loo
Batch_3,pl8uabbv,6,0,3072,15.32144565796072,reference_loo
Batch_3,pl8uabbv,7,0,3584,18.95323172443145,reference_loo
Batch_3,pl8uabbv,8,0,4096,17.655578003492305,reference_loo
Batch_3,pl8uabbv,9,0,4608,17.46262228725274,reference_loo
Batch_3,pl8uabbv,10,0,5120,16.908916019883783,reference_loo
Batch_3,pl8uabbv,11,0,5632,18.999982711941506,reference_loo
Batch_3,pl8uabbv,12,0,6144,16.9206863798165,reference_loo
Batch_3,pl8uabbv,13,512,0,19.36202458420375,reference_loo
Batch_3,pl8uabbv,14,512,512,19.734093434780952,reference_loo
Batch_3,pl8uabbv,15,512,1024,16.350538915134706,reference_loo
Batch_3,pl8uabbv,16,512,1536,13.875330776118393,reference_loo
Batch_3,pl8uabbv,17,512,2048,16.19897259297573,reference_loo
Batch_3,pl8uabbv,18,512,2560,17.457502494544734,reference_loo
Batch_3,pl8uabbv,19,512,3072,14.127762783636987,reference_loo
Batch_3,pl8uabbv,20,512,3584,17.9131302647233,reference_loo
Batch_3,pl8uabbv,21,512,4096,16.329535395674526,reference_loo
Batch_3,pl8uabbv,22,512,4608,15.677936565316381,reference_loo
Batch_3,pl8uabbv,23,512,5120,15.428934647813364,reference_loo
Batch_3,pl8uabbv,24,512,5632,17.461885966529017,reference_loo
Batch_3,pl8uabbv,25,512,6144,17.295950328205553,reference_loo
Batch_3,pl8uabbv,26,1024,0,15.907505670646813,reference_loo
Batch_3,pl8uabbv,27,1024,512,16.041626745205093,reference_loo
Batch_3,pl8uabbv,28,1024,1024,17.261410744924916,reference_loo
Batch_3,pl8uabbv,29,1024,1536,15.846177257813787,reference_loo
Batch_3,pl8uabbv,30,1024,2048,17.2378667526146,reference_loo
Batch_3,pl8uabbv,31,1024,2560,17.35800964692465,reference_loo
Batch_3,pl8uabbv,32,1024,3072,19.103432662456708,reference_loo
Batch_3,pl8uabbv,33,1024,3584,15.491045604415064,reference_loo
Batch_3,pl8uabbv,34,1024,4096,14.827175245511029,reference_loo
Batch_3,pl8uabbv,35,1024,4608,17.293524182699183,reference_loo
Batch_3,pl8uabbv,36,1024,5120,17.05321735912053,reference_loo
Batch_3,pl8uabbv,37,1024,5632,19.005881620529813,reference_loo
Batch_3,pl8uabbv,38,1024,6144,15.880709931221258,reference_loo
Batch_3,pl8uabbv,39,1536,0,18.215058644894306,reference_loo
Batch_3,pl8uabbv,40,1536,512,15.636508727222253,reference_loo
Batch_3,pl8uabbv,41,1536,1024,14.024806775481375,reference_loo
Batch_3,pl8uabbv,42,1536,1536,16.1647104344297,reference_loo
Batch_3,pl8uabbv,43,1536,2048,16.164743960784204,reference_loo
Batch_3,pl8uabbv,44,1536,2560,18.25640617872927,reference_loo
Batch_3,pl8uabbv,45,1536,3072,16.171275248093345,reference_loo
Batch_3,pl8uabbv,46,1536,3584,14.475733347995819,reference_loo
Batch_3,pl8uabbv,47,1536,4096,13.942237223056026,reference_loo
Batch_3,pl8uabbv,48,1536,4608,17.046114684000266,reference_loo
Batch_3,pl8uabbv,49,1536,5120,16.874955152650095,reference_loo
Batch_3,pl8uabbv,50,1536,5632,15.177795694918293,reference_loo
Batch_3,pl8uabbv,51,1536,6144,16.910820858867876,reference_loo
Batch_3,ptg8lmto,0,0,0,19.39568969496944,reference_loo
Batch_3,ptg8lmto,1,0,512,17.917931929413445,reference_loo
Batch_3,ptg8lmto,2,0,1024,17.19766964964418,reference_loo
Batch_3,ptg8lmto,3,0,1536,15.481395179027093,reference_loo
Batch_3,ptg8lmto,4,0,2048,17.69060400368458,reference_loo
Batch_3,ptg8lmto,5,0,2560,19.08821332163614,reference_loo
Batch_3,ptg8lmto,6,0,3072,18.354897971759538,reference_loo
Batch_3,ptg8lmto,7,0,3584,14.725897100257603,reference_loo
Batch_3,ptg8lmto,8,0,4096,17.667614949401898,reference_loo
Batch_3,ptg8lmto,9,0,4608,16.55272860498627,reference_loo
Batch_3,ptg8lmto,10,0,5120,16.78216713888014,reference_loo
Batch_3,ptg8lmto,11,0,5632,16.162313003358058,reference_loo
Batch_3,ptg8lmto,12,0,6144,19.148274810404267,reference_loo
Batch_3,ptg8lmto,13,512,0,19.973265886240302,reference_loo
Batch_3,ptg8lmto,14,512,512,16.58343567168183,reference_loo
Batch_3,ptg8lmto,15,512,1024,17.452170140175845,reference_loo
Batch_3,ptg8lmto,16,512,1536,16.60268265132793,reference_loo
Batch_3,ptg8lmto,17,512,2048,16.19057693286714,reference_loo
Batch_3,ptg8lmto,18,512,2560,23.665823651457973,reference_loo
Batch_3,ptg8lmto,19,512,3072,21.635785235301654,reference_loo
Batch_3,ptg8lmto,20,512,3584,16.732655481799814,reference_loo
Batch_3,ptg8lmto,21,512,4096,17.644696752258508,reference_loo
Batch_3,ptg8lmto,22,512,4608,16.29973742943167,reference_loo
Batch_3,ptg8lmto,23,512,5120,14.21195676090189,reference_loo
Batch_3,ptg8lmto,24,512,5632,16.742071311039258,reference_loo
Batch_3,ptg8lmto,25,512,6144,17.616520094076787,reference_loo
Batch_3,ptg8lmto,26,1024,0,17.201646939738637,reference_loo
Batch_3,ptg8lmto,27,1024,512,16.610498330491055,reference_loo
Batch_3,ptg8lmto,28,1024,1024,16.7018643087848,reference_loo
Batch_3,ptg8lmto,29,1024,1536,16.353202225290204,reference_loo
Batch_3,ptg8lmto,30,1024,2048,15.827734046091631,reference_loo
Batch_3,ptg8lmto,31,1024,2560,16.500763924104568,reference_loo
Batch_3,ptg8lmto,32,1024,3072,18.04551810013761,reference_loo
Batch_3,ptg8lmto,33,1024,3584,12.212261172422146,reference_loo
Batch_3,ptg8lmto,34,1024,4096,15.12900176060044,reference_loo
Batch_3,ptg8lmto,35,1024,4608,17.646540138852522,reference_loo
Batch_3,ptg8lmto,36,1024,5120,16.655948233463693,reference_loo
Batch_3,ptg8lmto,37,1024,5632,17.68637457117351,reference_loo
Batch_3,ptg8lmto,38,1024,6144,18.504061305876814,reference_loo
Batch_3,tuy3zymq,0,0,0,12.182882779628777,reference_loo
Batch_3,tuy3zymq,1,0,512,17.482992406440253,reference_loo
Batch_3,tuy3zymq,2,0,1024,18.733475170683004,reference_loo
Batch_3,tuy3zymq,3,0,1536,22.351655897312423,reference_loo
Batch_3,tuy3zymq,4,0,2048,17.123011547571828,reference_loo
Batch_3,tuy3zymq,5,0,2560,15.532739065300158,reference_loo
Batch_3,tuy3zymq,6,0,3072,18.89044843481657,reference_loo
Batch_3,tuy3zymq,7,0,3584,18.50680469484376,reference_loo
Batch_3,tuy3zymq,8,0,4096,15.950349602809208,reference_loo
Batch_3,tuy3zymq,9,0,4608,21.76003591648594,reference_loo
Batch_3,tuy3zymq,10,0,5120,21.166399688167004,reference_loo
Batch_3,tuy3zymq,11,0,5632,17.002643743651532,reference_loo
Batch_3,tuy3zymq,12,0,6144,16.849446087545765,reference_loo
Batch_3,tuy3zymq,13,512,0,17.67435734731282,reference_loo
Batch_3,tuy3zymq,14,512,512,17.55734425360973,reference_loo
Batch_3,tuy3zymq,15,512,1024,17.33331514888785,reference_loo
Batch_3,tuy3zymq,16,512,1536,14.799218646413852,reference_loo
Batch_3,tuy3zymq,17,512,2048,16.380983707727182,reference_loo
Batch_3,tuy3zymq,18,512,2560,17.178539018496302,reference_loo
Batch_3,tuy3zymq,19,512,3072,14.863579719498471,reference_loo
Batch_3,tuy3zymq,20,512,3584,17.7332778006141,reference_loo
Batch_3,tuy3zymq,21,512,4096,16.657383406699942,reference_loo
Batch_3,tuy3zymq,22,512,4608,16.17025588027741,reference_loo
Batch_3,tuy3zymq,23,512,5120,15.184188117595436,reference_loo
Batch_3,tuy3zymq,24,512,5632,18.39588797370822,reference_loo
Batch_3,tuy3zymq,25,512,6144,18.220817726510923,reference_loo
Batch_3,tuy3zymq,26,1024,0,16.637769693930235,reference_loo
Batch_3,tuy3zymq,27,1024,512,22.767877488369116,reference_loo
Batch_3,tuy3zymq,28,1024,1024,17.654119902589052,reference_loo
Batch_3,tuy3zymq,29,1024,1536,15.791233765810569,reference_loo
Batch_3,tuy3zymq,30,1024,2048,19.35130806868641,reference_loo
Batch_3,tuy3zymq,31,1024,2560,17.06544434399789,reference_loo
Batch_3,tuy3zymq,32,1024,3072,19.203138260185888,reference_loo
Batch_3,tuy3zymq,33,1024,3584,17.452383255150146,reference_loo
Batch_3,tuy3zymq,34,1024,4096,17.525387535881798,reference_loo
Batch_3,tuy3zymq,35,1024,4608,18.776379872618516,reference_loo
Batch_3,tuy3zymq,36,1024,5120,16.67594848414058,reference_loo
Batch_3,tuy3zymq,37,1024,5632,17.341951259347507,reference_loo
Batch_3,tuy3zymq,38,1024,6144,17.47167274811675,reference_loo
Batch_3,tuy3zymq,39,1536,0,17.86230112898574,reference_loo
Batch_3,tuy3zymq,40,1536,512,13.905017385647827,reference_loo
Batch_3,tuy3zymq,41,1536,1024,16.409127941950068,reference_loo
Batch_3,tuy3zymq,42,1536,1536,18.840991325659495,reference_loo
Batch_3,tuy3zymq,43,1536,2048,16.215028116150812,reference_loo
Batch_3,tuy3zymq,44,1536,2560,18.491907331026038,reference_loo
Batch_3,tuy3zymq,45,1536,3072,16.915143899024947,reference_loo
Batch_3,tuy3zymq,46,1536,3584,19.56588916077914,reference_loo
Batch_3,tuy3zymq,47,1536,4096,17.596904777789394,reference_loo
Batch_3,tuy3zymq,48,1536,4608,16.435025098466575,reference_loo
Batch_3,tuy3zymq,49,1536,5120,15.812238238457194,reference_loo
Batch_3,tuy3zymq,50,1536,5632,17.084759462751517,reference_loo
Batch_3,tuy3zymq,51,1536,6144,17.43367534002424,reference_loo
Batch_3,ufdvpb81,0,0,0,15.478384830937983,reference_loo
Batch_3,ufdvpb81,1,0,512,15.598165841813886,reference_loo
Batch_3,ufdvpb81,2,0,1024,17.19000597576146,reference_loo
Batch_3,ufdvpb81,3,0,1536,17.521290825352317,reference_loo
Batch_3,ufdvpb81,4,0,2048,17.756008087501606,reference_loo
Batch_3,ufdvpb81,5,0,2560,17.129863231154705,reference_loo
Batch_3,ufdvpb81,6,0,3072,17.89080506593571,reference_loo
Batch_3,ufdvpb81,7,0,3584,17.135704771072728,reference_loo
Batch_3,ufdvpb81,8,0,4096,17.730990398182353,reference_loo
Batch_3,ufdvpb81,9,0,4608,18.49467537753504,reference_loo
Batch_3,ufdvpb81,10,0,5120,15.40067274922479,reference_loo
Batch_3,ufdvpb81,11,0,5632,19.04033826312935,reference_loo
Batch_3,ufdvpb81,12,0,6144,17.46374097658428,reference_loo
Batch_3,ufdvpb81,13,512,0,17.087230766784575,reference_loo
Batch_3,ufdvpb81,14,512,512,15.217635106367117,reference_loo
Batch_3,ufdvpb81,15,512,1024,14.543041856639041,reference_loo
Batch_3,ufdvpb81,16,512,1536,17.01012195843953,reference_loo
Batch_3,ufdvpb81,17,512,2048,16.765723313464814,reference_loo
Batch_3,ufdvpb81,18,512,2560,17.303049794146254,reference_loo
Batch_3,ufdvpb81,19,512,3072,22.37617145631426,reference_loo
Batch_3,ufdvpb81,20,512,3584,14.54511438537207,reference_loo
Batch_3,ufdvpb81,21,512,4096,15.3150774241861,reference_loo
Batch_3,ufdvpb81,22,512,4608,18.75645848920581,reference_loo
Batch_3,ufdvpb81,23,512,5120,14.667661853187557,reference_loo
Batch_3,ufdvpb81,24,512,5632,17.462293765805235,reference_loo
Batch_3,ufdvpb81,25,512,6144,17.683537944336212,reference_loo
Batch_3,ufdvpb81,26,1024,0,17.495587505877282,reference_loo
Batch_3,ufdvpb81,27,1024,512,17.65259988625095,reference_loo
Batch_3,ufdvpb81,28,1024,1024,21.253190051708803,reference_loo
Batch_3,ufdvpb81,29,1024,1536,19.964842088260568,reference_loo
Batch_3,ufdvpb81,30,1024,2048,17.431604744718832,reference_loo
Batch_3,ufdvpb81,31,1024,2560,16.410798514499458,reference_loo
Batch_3,ufdvpb81,32,1024,3072,16.799005267640503,reference_loo
Batch_3,ufdvpb81,33,1024,3584,15.977197019459657,reference_loo
Batch_3,ufdvpb81,34,1024,4096,14.78902734824147,reference_loo
Batch_3,ufdvpb81,35,1024,4608,16.94985308060176,reference_loo
Batch_3,ufdvpb81,36,1024,5120,17.228931968841756,reference_loo
Batch_3,ufdvpb81,37,1024,5632,16.63251396409234,reference_loo
Batch_3,ufdvpb81,38,1024,6144,18.23753550415045,reference_loo
Batch_3,ufdvpb81,39,1536,0,20.324153810671522,reference_loo
Batch_3,ufdvpb81,40,1536,512,19.44049980668446,reference_loo
Batch_3,ufdvpb81,41,1536,1024,18.465033941486812,reference_loo
Batch_3,ufdvpb81,42,1536,1536,18.72299961973699,reference_loo
Batch_3,ufdvpb81,43,1536,2048,17.558960387616708,reference_loo
Batch_3,ufdvpb81,44,1536,2560,20.128471402854956,reference_loo
Batch_3,ufdvpb81,45,1536,3072,17.89859006352166,reference_loo
Batch_3,ufdvpb81,46,1536,3584,16.663303447120732,reference_loo
Batch_3,ufdvpb81,47,1536,4096,22.906328996789032,reference_loo
Batch_3,ufdvpb81,48,1536,4608,20.316268587931123,reference_loo
Batch_3,ufdvpb81,49,1536,5120,18.302616768244537,reference_loo
Batch_3,ufdvpb81,50,1536,5632,16.147835871224693,reference_loo
Batch_3,ufdvpb81,51,1536,6144,16.790984262638624,reference_loo
Batch_3,utfgcjfa,0,0,0,15.069466951546502,reference_loo
Batch_3,utfgcjfa,1,0,512,15.257746837134377,reference_loo
Batch_3,utfgcjfa,2,0,1024,15.723807648300115,reference_loo
Batch_3,utfgcjfa,3,0,1536,14.547986349351461,reference_loo
Batch_3,utfgcjfa,4,0,2048,18.593175740561463,reference_loo
Batch_3,utfgcjfa,5,0,2560,14.804654397207369,reference_loo
Batch_3,utfgcjfa,6,0,3072,15.123624114013642,reference_loo
Batch_3,utfgcjfa,7,0,3584,18.147684220936522,reference_loo
Batch_3,utfgcjfa,8,0,4096,17.926098117356208,reference_loo
Batch_3,utfgcjfa,9,0,4608,16.267115883779816,reference_loo
Batch_3,utfgcjfa,10,0,5120,15.459550944203102,reference_loo
Batch_3,utfgcjfa,11,0,5632,15.836263533139666,reference_loo
Batch_3,utfgcjfa,12,0,6144,17.16475406011776,reference_loo
Batch_3,utfgcjfa,13,512,0,18.142599005090414,reference_loo
Batch_3,utfgcjfa,14,512,512,19.070748297421673,reference_loo
Batch_3,utfgcjfa,15,512,1024,14.123727721814012,reference_loo
Batch_3,utfgcjfa,16,512,1536,16.38033236990448,reference_loo
Batch_3,utfgcjfa,17,512,2048,16.370112411040754,reference_loo
Batch_3,utfgcjfa,18,512,2560,13.884198839441675,reference_loo
Batch_3,utfgcjfa,19,512,3072,15.391011774194151,reference_loo
Batch_3,utfgcjfa,20,512,3584,16.092249363582976,reference_loo
Batch_3,utfgcjfa,21,512,4096,15.571252643072246,reference_loo
Batch_3,utfgcjfa,22,512,4608,13.83627982002163,reference_loo
Batch_3,utfgcjfa,23,512,5120,15.278005091623005,reference_loo
Batch_3,utfgcjfa,24,512,5632,17.48033231899098,reference_loo
Batch_3,utfgcjfa,25,512,6144,20.128196849509497,reference_loo
Batch_3,utfgcjfa,26,1024,0,18.08136069128212,reference_loo
Batch_3,utfgcjfa,27,1024,512,16.392879296426237,reference_loo
Batch_3,utfgcjfa,28,1024,1024,17.080443624650844,reference_loo
Batch_3,utfgcjfa,29,1024,1536,14.626725546190817,reference_loo
Batch_3,utfgcjfa,30,1024,2048,14.753943152268992,reference_loo
Batch_3,utfgcjfa,31,1024,2560,13.73158520030455,reference_loo
Batch_3,utfgcjfa,32,1024,3072,17.2186463288685,reference_loo
Batch_3,utfgcjfa,33,1024,3584,17.23768764274495,reference_loo
Batch_3,utfgcjfa,34,1024,4096,18.904076511905522,reference_loo
Batch_3,utfgcjfa,35,1024,4608,15.06293903294078,reference_loo
Batch_3,utfgcjfa,36,1024,5120,22.538001217174013,reference_loo
Batch_3,utfgcjfa,37,1024,5632,17.048861473768415,reference_loo
Batch_3,utfgcjfa,38,1024,6144,18.619236740647818,reference_loo
Batch_3,utfgcjfa,39,1536,0,14.951369159859997,reference_loo
Batch_3,utfgcjfa,40,1536,512,18.47143576698131,reference_loo
Batch_3,utfgcjfa,41,1536,1024,21.915245217490902,reference_loo
Batch_3,utfgcjfa,42,1536,1536,18.718332794631706,reference_loo
Batch_3,utfgcjfa,43,1536,2048,18.204231648210172,reference_loo
Batch_3,utfgcjfa,44,1536,2560,17.01772813647029,reference_loo
Batch_3,utfgcjfa,45,1536,3072,14.831184288462486,reference_loo
Batch_3,utfgcjfa,46,1536,3584,15.240300000670828,reference_loo
Batch_3,utfgcjfa,47,1536,4096,16.207671558128904,reference_loo
Batch_3,utfgcjfa,48,1536,4608,17.303656284671455,reference_loo
Batch_3,utfgcjfa,49,1536,5120,15.264115955553129,reference_loo
Batch_3,utfgcjfa,50,1536,5632,16.151798269086747,reference_loo
Batch_3,utfgcjfa,51,1536,6144,18.05631504671471,reference_loo
Batch_3,vc2whyaq,0,0,0,15.990781574135497,reference_loo
Batch_3,vc2whyaq,1,0,512,18.114315644240964,reference_loo
Batch_3,vc2whyaq,2,0,1024,15.627157238746694,reference_loo
Batch_3,vc2whyaq,3,0,1536,14.966355563719219,reference_loo
Batch_3,vc2whyaq,4,0,2048,17.128969947950672,reference_loo
Batch_3,vc2whyaq,5,0,2560,17.39584564170542,reference_loo
Batch_3,vc2whyaq,6,0,3072,15.405540893187032,reference_loo
Batch_3,vc2whyaq,7,0,3584,17.379510342047688,reference_loo
Batch_3,vc2whyaq,8,0,4096,22.992991375397654,reference_loo
Batch_3,vc2whyaq,9,0,4608,20.789679225513428,reference_loo
Batch_3,vc2whyaq,10,0,5120,20.049262551272058,reference_loo
Batch_3,vc2whyaq,11,0,5632,18.49219901602305,reference_loo
Batch_3,vc2whyaq,12,0,6144,15.515707337560844,reference_loo
Batch_3,vc2whyaq,13,512,0,16.543160025127072,reference_loo
Batch_3,vc2whyaq,14,512,512,20.018502054274908,reference_loo
Batch_3,vc2whyaq,15,512,1024,18.080011127066616,reference_loo
Batch_3,vc2whyaq,16,512,1536,17.385065359453375,reference_loo
Batch_3,vc2whyaq,17,512,2048,15.373695359516029,reference_loo
Batch_3,vc2whyaq,18,512,2560,17.290879171995233,reference_loo
Batch_3,vc2whyaq,19,512,3072,18.254229312174328,reference_loo
Batch_3,vc2whyaq,20,512,3584,16.397707016067923,reference_loo
Batch_3,vc2whyaq,21,512,4096,14.140105186816134,reference_loo
Batch_3,vc2whyaq,22,512,4608,19.506019857313976,reference_loo
Batch_3,vc2whyaq,23,512,5120,14.890411336800696,reference_loo
Batch_3,vc2whyaq,24,512,5632,16.68653664715354,reference_loo
Batch_3,vc2whyaq,25,512,6144,18.95525908598695,reference_loo
Batch_3,vc2whyaq,26,1024,0,17.396523756866326,reference_loo
Batch_3,vc2whyaq,27,1024,512,15.64343917225941,reference_loo
Batch_3,vc2whyaq,28,1024,1024,14.080671707614167,reference_loo
Batch_3,vc2whyaq,29,1024,1536,16.964995162038413,reference_loo
Batch_3,vc2whyaq,30,1024,2048,16.61389425850272,reference_loo
Batch_3,vc2whyaq,31,1024,2560,16.2285385941069,reference_loo
Batch_3,vc2whyaq,32,1024,3072,16.397633840428732,reference_loo
Batch_3,vc2whyaq,33,1024,3584,16.56646820440264,reference_loo
Batch_3,vc2whyaq,34,1024,4096,15.9959494693252,reference_loo
Batch_3,vc2whyaq,35,1024,4608,18.384335513737675,reference_loo
Batch_3,vc2whyaq,36,1024,5120,16.642310861392197,reference_loo
Batch_3,vc2whyaq,37,1024,5632,18.17054520547258,reference_loo
Batch_3,vc2whyaq,38,1024,6144,17.878402563768958,reference_loo
Batch_3,vc2whyaq,39,1536,0,15.202140760670272,reference_loo
Batch_3,vc2whyaq,40,1536,512,18.747360378842856,reference_loo
Batch_3,vc2whyaq,41,1536,1024,15.164282193066958,reference_loo
Batch_3,vc2whyaq,42,1536,1536,15.442003036998543,reference_loo
Batch_3,vc2whyaq,43,1536,2048,15.695792636025033,reference_loo
Batch_3,vc2whyaq,44,1536,2560,15.316063935041928,reference_loo
Batch_3,vc2whyaq,45,1536,3072,15.35070994839881,reference_loo
Batch_3,vc2whyaq,46,1536,3584,14.440266108056079,reference_loo
Batch_3,vc2whyaq,47,1536,4096,16.34322112204063,reference_loo
Batch_3,vc2whyaq,48,1536,4608,17.877256320374716,reference_loo
Batch_3,vc2whyaq,49,1536,5120,17.096339750728685,reference_loo
Batch_3,vc2whyaq,50,1536,5632,16.748763917672782,reference_loo
Batch_3,vc2whyaq,51,1536,6144,17.172682571266773,reference_loo
Batch_3,x77cy643,0,0,0,16.38691397239304,reference_loo
Batch_3,x77cy643,1,0,512,17.86910227919472,reference_loo
Batch_3,x77cy643,2,0,1024,19.444993896826894,reference_loo
Batch_3,x77cy643,3,0,1536,16.93775008520866,reference_loo
Batch_3,x77cy643,4,0,2048,15.606979966056201,reference_loo
Batch_3,x77cy643,5,0,2560,16.016631703864455,reference_loo
Batch_3,x77cy643,6,0,3072,18.73357212592852,reference_loo
Batch_3,x77cy643,7,0,3584,17.019483219241682,reference_loo
Batch_3,x77cy643,8,0,4096,17.483147948720404,reference_loo
Batch_3,x77cy643,9,0,4608,17.737182393161834,reference_loo
Batch_3,x77cy643,10,0,5120,18.090129725450897,reference_loo
Batch_3,x77cy643,11,0,5632,16.3305495313294,reference_loo
Batch_3,x77cy643,12,0,6144,15.03588941778755,reference_loo
Batch_3,x77cy643,13,512,0,20.87306420492744,reference_loo
Batch_3,x77cy643,14,512,512,18.062154213936378,reference_loo
Batch_3,x77cy643,15,512,1024,15.504838125753391,reference_loo
Batch_3,x77cy643,16,512,1536,13.973612006984443,reference_loo
Batch_3,x77cy643,17,512,2048,16.326109968441003,reference_loo
Batch_3,x77cy643,18,512,2560,18.956334942282204,reference_loo
Batch_3,x77cy643,19,512,3072,14.550975901258207,reference_loo
Batch_3,x77cy643,20,512,3584,14.194149330037243,reference_loo
Batch_3,x77cy643,21,512,4096,15.800373528204783,reference_loo
Batch_3,x77cy643,22,512,4608,15.931176414701287,reference_loo
Batch_3,x77cy643,23,512,5120,18.31029591172051,reference_loo
Batch_3,x77cy643,24,512,5632,15.96272073948441,reference_loo
Batch_3,x77cy643,25,512,6144,17.80674488605401,reference_loo
Batch_3,x77cy643,26,1024,0,17.67382251516693,reference_loo
Batch_3,x77cy643,27,1024,512,15.129159443292206,reference_loo
Batch_3,x77cy643,28,1024,1024,16.99576321511892,reference_loo
Batch_3,x77cy643,29,1024,1536,16.815241247241364,reference_loo
Batch_3,x77cy643,30,1024,2048,20.265089929764088,reference_loo
Batch_3,x77cy643,31,1024,2560,17.1068344935751,reference_loo
Batch_3,x77cy643,32,1024,3072,17.18775576500898,reference_loo
Batch_3,x77cy643,33,1024,3584,16.097700829990707,reference_loo
Batch_3,x77cy643,34,1024,4096,16.89667491727198,reference_loo
Batch_3,x77cy643,35,1024,4608,15.884816871011168,reference_loo
Batch_3,x77cy643,36,1024,5120,16.78394318624219,reference_loo
Batch_3,x77cy643,37,1024,5632,17.371929164849156,reference_loo
Batch_3,x77cy643,38,1024,6144,18.074827712670096,reference_loo
Batch_3,x77cy643,39,1536,0,17.304874003863457,reference_loo
Batch_3,x77cy643,40,1536,512,20.841727005468407,reference_loo
Batch_3,x77cy643,41,1536,1024,17.176870115856232,reference_loo
Batch_3,x77cy643,42,1536,1536,16.877095782135097,reference_loo
Batch_3,x77cy643,43,1536,2048,16.767713638544798,reference_loo
Batch_3,x77cy643,44,1536,2560,21.49410219855546,reference_loo
Batch_3,x77cy643,45,1536,3072,16.289767254727245,reference_loo
Batch_3,x77cy643,46,1536,3584,17.44539409524168,reference_loo
Batch_3,x77cy643,47,1536,4096,14.195654967506087,reference_loo
Batch_3,x77cy643,48,1536,4608,16.964005134206687,reference_loo
Batch_3,x77cy643,49,1536,5120,17.886562534074397,reference_loo
Batch_3,x77cy643,50,1536,5632,17.120949794976944,reference_loo
Batch_3,x77cy643,51,1536,6144,18.32023405166173,reference_loo
Batch_3,x7u69zsw,0,0,0,14.931814501676461,reference_loo
Batch_3,x7u69zsw,1,0,512,18.658281335312036,reference_loo
Batch_3,x7u69zsw,2,0,1024,17.276583394601403,reference_loo
Batch_3,x7u69zsw,3,0,1536,17.545146283770553,reference_loo
Batch_3,x7u69zsw,4,0,2048,17.666717639462103,reference_loo
Batch_3,x7u69zsw,5,0,2560,17.12673883833092,reference_loo
Batch_3,x7u69zsw,6,0,3072,20.544099294822452,reference_loo
Batch_3,x7u69zsw,7,0,3584,18.321005075824633,reference_loo
Batch_3,x7u69zsw,8,0,4096,16.91781194291743,reference_loo
Batch_3,x7u69zsw,9,0,4608,17.36440068752168,reference_loo
Batch_3,x7u69zsw,10,0,5120,17.747222473371615,reference_loo
Batch_3,x7u69zsw,11,0,5632,19.42936579574198,reference_loo
Batch_3,x7u69zsw,12,0,6144,14.194439652136273,reference_loo
Batch_3,x7u69zsw,13,512,0,15.265779856769717,reference_loo
Batch_3,x7u69zsw,14,512,512,16.74488666213444,reference_loo
Batch_3,x7u69zsw,15,512,1024,14.362965419671426,reference_loo
Batch_3,x7u69zsw,16,512,1536,14.93912990576688,reference_loo
Batch_3,x7u69zsw,17,512,2048,15.497995775148468,reference_loo
Batch_3,x7u69zsw,18,512,2560,15.918457614704778,reference_loo
Batch_3,x7u69zsw,19,512,3072,17.490310775096127,reference_loo
Batch_3,x7u69zsw,20,512,3584,17.030900761646972,reference_loo
Batch_3,x7u69zsw,21,512,4096,18.039787456078983,reference_loo
Batch_3,x7u69zsw,22,512,4608,16.162730069157025,reference_loo
Batch_3,x7u69zsw,23,512,5120,21.143533243001833,reference_loo
Batch_3,x7u69zsw,24,512,5632,17.826134285729147,reference_loo
Batch_3,x7u69zsw,25,512,6144,16.749856184667628,reference_loo
Batch_3,x7u69zsw,26,1024,0,13.962975890643312,reference_loo
Batch_3,x7u69zsw,27,1024,512,15.545043780341382,reference_loo
Batch_3,x7u69zsw,28,1024,1024,16.4286551061311,reference_loo
Batch_3,x7u69zsw,29,1024,1536,16.76304461887457,reference_loo
Batch_3,x7u69zsw,30,1024,2048,17.404435149699115,reference_loo
Batch_3,x7u69zsw,31,1024,2560,16.15183169138565,reference_loo
Batch_3,x7u69zsw,32,1024,3072,17.438510739818692,reference_loo
Batch_3,x7u69zsw,33,1024,3584,17.812431923557565,reference_loo
Batch_3,x7u69zsw,34,1024,4096,16.14890220914284,reference_loo
Batch_3,x7u69zsw,35,1024,4608,15.134830648720893,reference_loo
Batch_3,x7u69zsw,36,1024,5120,16.930364859186255,reference_loo
Batch_3,x7u69zsw,37,1024,5632,17.54746173181163,reference_loo
Batch_3,x7u69zsw,38,1024,6144,20.632655619372503,reference_loo
Batch_3,x7u69zsw,39,1536,0,16.320808569981914,reference_loo
Batch_3,x7u69zsw,40,1536,512,19.350294916602646,reference_loo
Batch_3,x7u69zsw,41,1536,1024,15.847979185224096,reference_loo
Batch_3,x7u69zsw,42,1536,1536,18.87556090830912,reference_loo
Batch_3,x7u69zsw,43,1536,2048,18.00810732361755,reference_loo
Batch_3,x7u69zsw,44,1536,2560,16.95825214083065,reference_loo
Batch_3,x7u69zsw,45,1536,3072,19.62170931067784,reference_loo
Batch_3,x7u69zsw,46,1536,3584,17.797345286110005,reference_loo
Batch_3,x7u69zsw,47,1536,4096,15.702063727823969,reference_loo
Batch_3,x7u69zsw,48,1536,4608,17.46808672459205,reference_loo
Batch_3,x7u69zsw,49,1536,5120,16.37412022112944,reference_loo
Batch_3,x7u69zsw,50,1536,5632,18.52159581400747,reference_loo
Batch_3,x7u69zsw,51,1536,6144,17.550143238079894,reference_loo
Batch_3,xgj4xftb,0,0,0,17.487399281332124,reference_loo
Batch_3,xgj4xftb,1,0,512,19.44286629066256,reference_loo
Batch_3,xgj4xftb,2,0,1024,16.31833785909224,reference_loo
Batch_3,xgj4xftb,3,0,1536,17.379373877074002,reference_loo
Batch_3,xgj4xftb,4,0,2048,16.244137691718592,reference_loo
Batch_3,xgj4xftb,5,0,2560,20.830999193714497,reference_loo
Batch_3,xgj4xftb,6,0,3072,18.56337309705217,reference_loo
Batch_3,xgj4xftb,7,0,3584,17.904527822029944,reference_loo
Batch_3,xgj4xftb,8,0,4096,16.212536023155412,reference_loo
Batch_3,xgj4xftb,9,0,4608,17.412051251273144,reference_loo
Batch_3,xgj4xftb,10,0,5120,20.65585884315046,reference_loo
Batch_3,xgj4xftb,11,0,5632,21.761867233772094,reference_loo
Batch_3,xgj4xftb,12,0,6144,19.256402292230185,reference_loo
Batch_3,xgj4xftb,13,512,0,16.821938053289585,reference_loo
Batch_3,xgj4xftb,14,512,512,19.85879320083384,reference_loo
Batch_3,xgj4xftb,15,512,1024,20.024335428250623,reference_loo
Batch_3,xgj4xftb,16,512,1536,16.24421355920557,reference_loo
Batch_3,xgj4xftb,17,512,2048,19.706675659022956,reference_loo
Batch_3,xgj4xftb,18,512,2560,17.82566217757534,reference_loo
Batch_3,xgj4xftb,19,512,3072,15.36487615147027,reference_loo
Batch_3,xgj4xftb,20,512,3584,18.03881501583054,reference_loo
Batch_3,xgj4xftb,21,512,4096,16.704213817913185,reference_loo
Batch_3,xgj4xftb,22,512,4608,16.51144587776151,reference_loo
Batch_3,xgj4xftb,23,512,5120,17.10853176923039,reference_loo
Batch_3,xgj4xftb,24,512,5632,16.409266082934387,reference_loo
Batch_3,xgj4xftb,25,512,6144,20.962030064870028,reference_loo
Batch_3,xgj4xftb,26,1024,0,15.530387809246875,reference_loo
Batch_3,xgj4xftb,27,1024,512,17.532232985651596,reference_loo
Batch_3,xgj4xftb,28,1024,1024,14.467376477441126,reference_loo
Batch_3,xgj4xftb,29,1024,1536,18.477696247593038,reference_loo
Batch_3,xgj4xftb,30,1024,2048,17.450144483456967,reference_loo
Batch_3,xgj4xftb,31,1024,2560,20.659528101686327,reference_loo
Batch_3,xgj4xftb,32,1024,3072,15.962543984867585,reference_loo
Batch_3,xgj4xftb,33,1024,3584,15.771786707495654,reference_loo
Batch_3,xgj4xftb,34,1024,4096,14.958951417757456,reference_loo
Batch_3,xgj4xftb,35,1024,4608,16.538038204989483,reference_loo
Batch_3,xgj4xftb,36,1024,5120,19.290547920068168,reference_loo
Batch_3,xgj4xftb,37,1024,5632,19.639429563123556,reference_loo
Batch_3,xgj4xftb,38,1024,6144,16.676127910048862,reference_loo
