candidate,cohort,bin_low,bin_high,n_sites,n_correct,mean_bet_score,empirical_accuracy,n_Batch_1,n_Batch_2,n_Batch_3
legacy_l1,known_oof,0.3333333333333333,0.5,6,2,0.4119562095645377,0.3333333333333333,3,1,2
legacy_l1,known_oof,0.5,0.6,13,9,0.5491360241716714,0.6923076923076923,0,5,8
legacy_l1,known_oof,0.6,0.7,5,3,0.647892819454337,0.6,1,1,3
legacy_l1,known_oof,0.7,0.8,7,7,0.7366997479922474,1.0,3,0,4
legacy_l1,known_oof,0.8,1.0,0,0,,,0,0,0
base_l1,known_oof,0.3333333333333333,0.5,11,6,0.4169472901059844,0.5454545454545454,6,1,4
base_l1,known_oof,0.5,0.6,12,8,0.5585141992885997,0.6666666666666666,0,4,8
base_l1,known_oof,0.6,0.7,7,4,0.6414849936776067,0.5714285714285714,1,2,4
base_l1,known_oof,0.7,0.8,1,1,0.7736987790660595,1.0,0,0,1
base_l1,known_oof,0.8,1.0,0,0,,,0,0,0
gated_l2,known_oof,0.3333333333333333,0.5,7,3,0.45899401498599446,0.42857142857142855,4,1,2
gated_l2,known_oof,0.5,0.6,5,2,0.5442239700366625,0.4,0,3,2
gated_l2,known_oof,0.6,0.7,12,7,0.6433454773520088,0.5833333333333334,2,2,8
gated_l2,known_oof,0.7,0.8,4,2,0.7552832817959769,0.5,1,1,2
gated_l2,known_oof,0.8,1.0,3,3,0.8737183095637701,1.0,0,0,3
gated_lda,known_oof,0.3333333333333333,0.5,0,0,,,0,0,0
gated_lda,known_oof,0.5,0.6,3,1,0.5366530768623304,0.3333333333333333,2,0,1
gated_lda,known_oof,0.6,0.7,1,1,0.6018783666290988,1.0,0,0,1
gated_lda,known_oof,0.7,0.8,3,1,0.7595347086705188,0.3333333333333333,1,2,0
gated_lda,known_oof,0.8,1.0,24,14,0.9411133241554553,0.5833333333333334,4,5,15
appearance_l2,known_oof,0.3333333333333333,0.5,12,1,0.45074921552461905,0.08333333333333333,3,4,5
appearance_l2,known_oof,0.5,0.6,4,1,0.5334385116686519,0.25,1,0,3
appearance_l2,known_oof,0.6,0.7,8,4,0.6534621583258289,0.5,1,2,5
appearance_l2,known_oof,0.7,0.8,3,2,0.732869303191699,0.6666666666666666,0,1,2
appearance_l2,known_oof,0.8,1.0,4,3,0.8639200315024645,0.75,2,0,2
augmented_l2,known_oof,0.3333333333333333,0.5,8,3,0.4683979498433066,0.375,3,2,3
augmented_l2,known_oof,0.5,0.6,6,2,0.5340644482496667,0.3333333333333333,1,2,3
augmented_l2,known_oof,0.6,0.7,4,3,0.6491548025607268,0.75,0,2,2
augmented_l2,known_oof,0.7,0.8,4,2,0.7335007333075934,0.5,1,1,2
augmented_l2,known_oof,0.8,1.0,9,7,0.8548398022168884,0.7777777777777778,2,0,7
base_rf,known_oof,0.3333333333333333,0.5,13,7,0.436068889013809,0.5384615384615384,5,4,4
base_rf,known_oof,0.5,0.6,9,4,0.5436880223795698,0.4444444444444444,2,2,5
base_rf,known_oof,0.6,0.7,9,7,0.6438893212774823,0.7777777777777778,0,1,8
base_rf,known_oof,0.7,0.8,0,0,,,0,0,0
base_rf,known_oof,0.8,1.0,0,0,,,0,0,0
geometry_l1,known_oof,0.3333333333333333,0.5,11,6,0.37482954650673456,0.5454545454545454,5,2,4
geometry_l1,known_oof,0.5,0.6,13,8,0.5660850137594691,0.6153846153846154,1,4,8
geometry_l1,known_oof,0.6,0.7,6,3,0.6556094420451134,0.5,1,1,4
geometry_l1,known_oof,0.7,0.8,1,1,0.7700190638675553,1.0,0,0,1
geometry_l1,known_oof,0.8,1.0,0,0,,,0,0,0
geometry_rf,known_oof,0.3333333333333333,0.5,14,6,0.43994749752569373,0.42857142857142855,6,4,4
geometry_rf,known_oof,0.5,0.6,9,4,0.5373039479640506,0.4444444444444444,1,2,6
geometry_rf,known_oof,0.6,0.7,8,7,0.6277180531002602,0.875,0,1,7
geometry_rf,known_oof,0.7,0.8,0,0,,,0,0,0
geometry_rf,known_oof,0.8,1.0,0,0,,,0,0,0
geometry_l2,known_oof,0.3333333333333333,0.5,6,2,0.4402330966715291,0.3333333333333333,2,1,3
geometry_l2,known_oof,0.5,0.6,7,3,0.5413526647891624,0.42857142857142855,2,2,3
geometry_l2,known_oof,0.6,0.7,10,5,0.6392249325449548,0.5,2,4,4
geometry_l2,known_oof,0.7,0.8,5,3,0.7168416345105441,0.6,1,0,4
geometry_l2,known_oof,0.8,1.0,3,3,0.8845929118848231,1.0,0,0,3
legacy_l1,feedback_development,0.3333333333333333,0.5,1,0,0.4955662470553378,0.0,1,0,0
legacy_l1,feedback_development,0.5,0.6,0,0,,,0,0,0
legacy_l1,feedback_development,0.6,0.7,1,1,0.6217864109386801,1.0,0,0,1
legacy_l1,feedback_development,0.7,0.8,0,0,,,0,0,0
legacy_l1,feedback_development,0.8,1.0,1,0,0.838211198519166,0.0,0,1,0
base_l1,feedback_development,0.3333333333333333,0.5,0,0,,,0,0,0
base_l1,feedback_development,0.5,0.6,2,0,0.5382288600102599,0.0,1,1,0
base_l1,feedback_development,0.6,0.7,0,0,,,0,0,0
base_l1,feedback_development,0.7,0.8,1,1,0.7091586348280547,1.0,0,0,1
base_l1,feedback_development,0.8,1.0,0,0,,,0,0,0
gated_l2,feedback_development,0.3333333333333333,0.5,1,0,0.483763352131518,0.0,1,0,0
gated_l2,feedback_development,0.5,0.6,1,0,0.5837065480823366,0.0,0,1,0
gated_l2,feedback_development,0.6,0.7,0,0,,,0,0,0
gated_l2,feedback_development,0.7,0.8,1,1,0.7999997543291114,1.0,0,0,1
gated_l2,feedback_development,0.8,1.0,0,0,,,0,0,0
gated_lda,feedback_development,0.3333333333333333,0.5,0,0,,,0,0,0
gated_lda,feedback_development,0.5,0.6,1,0,0.5905976076891202,0.0,1,0,0
gated_lda,feedback_development,0.6,0.7,0,0,,,0,0,0
gated_lda,feedback_development,0.7,0.8,0,0,,,0,0,0
gated_lda,feedback_development,0.8,1.0,2,1,0.9693640206130323,0.5,0,1,1
appearance_l2,feedback_development,0.3333333333333333,0.5,1,0,0.458912110227976,0.0,0,0,1
appearance_l2,feedback_development,0.5,0.6,1,1,0.5244797268315893,1.0,1,0,0
appearance_l2,feedback_development,0.6,0.7,0,0,,,0,0,0
appearance_l2,feedback_development,0.7,0.8,1,0,0.7093825172344371,0.0,0,1,0
appearance_l2,feedback_development,0.8,1.0,0,0,,,0,0,0
augmented_l2,feedback_development,0.3333333333333333,0.5,0,0,,,0,0,0
augmented_l2,feedback_development,0.5,0.6,1,1,0.5443151565623012,1.0,1,0,0
augmented_l2,feedback_development,0.6,0.7,2,1,0.6467210932006606,0.5,0,1,1
augmented_l2,feedback_development,0.7,0.8,0,0,,,0,0,0
augmented_l2,feedback_development,0.8,1.0,0,0,,,0,0,0
base_rf,feedback_development,0.3333333333333333,0.5,2,0,0.48058599741188773,0.0,1,1,0
base_rf,feedback_development,0.5,0.6,1,1,0.5402441130260252,1.0,0,0,1
base_rf,feedback_development,0.6,0.7,0,0,,,0,0,0
base_rf,feedback_development,0.7,0.8,0,0,,,0,0,0
base_rf,feedback_development,0.8,1.0,0,0,,,0,0,0
geometry_l1,feedback_development,0.3333333333333333,0.5,0,0,,,0,0,0
geometry_l1,feedback_development,0.5,0.6,2,0,0.5641989725048142,0.0,1,1,0
geometry_l1,feedback_development,0.6,0.7,1,1,0.6614917523249202,1.0,0,0,1
geometry_l1,feedback_development,0.7,0.8,0,0,,,0,0,0
geometry_l1,feedback_development,0.8,1.0,0,0,,,0,0,0
geometry_rf,feedback_development,0.3333333333333333,0.5,1,0,0.4280615085742429,0.0,1,0,0
geometry_rf,feedback_development,0.5,0.6,2,1,0.5146907474154714,0.5,0,1,1
geometry_rf,feedback_development,0.6,0.7,0,0,,,0,0,0
geometry_rf,feedback_development,0.7,0.8,0,0,,,0,0,0
geometry_rf,feedback_development,0.8,1.0,0,0,,,0,0,0
geometry_l2,feedback_development,0.3333333333333333,0.5,1,1,0.4716560066150586,1.0,1,0,0
geometry_l2,feedback_development,0.5,0.6,1,0,0.5917780861656612,0.0,0,1,0
geometry_l2,feedback_development,0.6,0.7,0,0,,,0,0,0
geometry_l2,feedback_development,0.7,0.8,1,1,0.7780712737291919,1.0,0,0,1
geometry_l2,feedback_development,0.8,1.0,0,0,,,0,0,0
