batch,site,threshold_offset,grey_pore,void_local_width_d50_px,void_local_width_d90_px,crack_local_width_d50_px,n_retained_voids,n_crack_width_voids,n_width_samples,n_crack_width_samples,retained_void_area_frac,excluded_void_area_frac
Batch_1,4ih2ggld,-5,False,10.0,39.293765408777,18.867962264113206,1424,10,106515,23718,0.08252445759777854,0.00659030672350645
Batch_1,4ih2ggld,0,False,10.0,38.8329756778952,18.867962264113206,1903,13,123819,32322,0.09407614862082551,0.008012288788757652
Batch_1,4ih2ggld,5,False,8.0,37.36308338453881,18.439088914585774,2551,15,144674,38625,0.10599919667888189,0.011319137706125682
Batch_1,5n1q8atc,-5,False,8.246211251235321,30.265491900843113,17.08800749063506,1366,3,72690,4364,0.04987157660991858,0.005504626202812731
Batch_1,5n1q8atc,0,False,7.211102550927978,29.5296461204668,16.492422502470642,1906,3,84379,4825,0.054760979521342214,0.010668085368862571
Batch_1,5n1q8atc,5,False,6.324555320336759,28.635642126552707,15.620499351813308,2696,4,108374,7266,0.06605594621268196,0.012310140636565508
Batch_1,f1vzngrs,-5,False,7.211102550927978,22.090722034374522,,1688,0,69517,0,0.045819167331737166,0.006049481245011971
Batch_1,f1vzngrs,0,False,7.211102550927978,22.090722034374522,14.560219778561036,1970,1,83615,1516,0.054755919127427506,0.00704535780792764
Batch_1,f1vzngrs,5,False,7.211102550927978,22.0,15.620499351813308,2400,2,101681,2104,0.06482801276935356,0.009469938813514232
Batch_1,ffwubibz,-5,False,8.246211251235321,28.844410203711913,16.97056274847714,1182,4,79266,5623,0.06021133241758242,0.011016414835164835
Batch_1,ffwubibz,0,False,8.246211251235321,30.0,16.0,1280,5,89983,8335,0.06791016483516484,0.014592445054945054
Batch_1,ffwubibz,5,False,8.246211251235321,29.732137494637012,14.142135623730951,1561,9,105593,19655,0.07866092032967033,0.01718853021978022
Batch_1,fzrt2k6r,-5,False,8.94427190999916,30.066592756745816,14.560219778561036,1283,7,97449,16612,0.07426848661542539,0.008240723562152134
Batch_1,fzrt2k6r,0,False,8.94427190999916,31.304951684997057,16.0,1476,6,113178,18913,0.0850494964219454,0.010971971905645375
Batch_1,fzrt2k6r,5,False,8.246211251235321,31.622776601683793,16.0,2002,7,135373,23097,0.09885542009011397,0.01448992843890803
Batch_1,iv6g2oq0,-5,False,10.0,34.058772731852805,22.360679774997898,1002,8,82886,14699,0.08418652331137802,0.009092971070644454
Batch_1,iv6g2oq0,0,False,10.0,34.23448553724738,20.0,1181,10,94207,19417,0.0938881086142322,0.012446483920960868
Batch_1,iv6g2oq0,5,False,6.324555320336759,30.0,17.88854381999832,2663,11,141126,23328,0.11265352576520729,0.02143209996125533
Batch_1,uhdslk0o,-5,False,8.94427190999916,28.42534080710379,16.492422502470642,1134,8,86550,11415,0.07382462006079027,0.005502279635258359
Batch_1,uhdslk0o,0,False,8.94427190999916,29.120439557122072,14.0,1263,10,99128,20415,0.08316808510638297,0.008900683890577507
Batch_1,uhdslk0o,5,False,8.246211251235321,29.120439557122072,14.142135623730951,1742,10,123152,28728,0.09767537993920973,0.01152598784194529
Batch_2,3806gxp0,-5,False,8.48528137423857,25.298221281347036,17.94427190999916,1077,2,78115,2512,0.0563642578125,0.002129673549107143
Batch_2,3806gxp0,0,False,8.94427190999916,26.832815729997478,12.649110640673518,1134,3,94449,5766,0.07022781808035715,0.002656040736607143
Batch_2,3806gxp0,5,False,10.0,28.844410203711913,14.142135623730951,1234,5,109141,8710,0.08351974051339285,0.004725376674107143
Batch_2,avn74qx1,-5,False,8.94427190999916,29.5296461204668,16.492422502470642,925,3,71464,5850,0.05527643694196428,0.007136439732142857
Batch_2,avn74qx1,0,False,10.0,31.04834939252005,14.422205101855956,988,6,82292,14556,0.06558614676339286,0.00930726841517857
Batch_2,avn74qx1,5,False,10.0,32.55764119219941,14.560219778561036,1096,9,92572,22174,0.07640011160714286,0.011303152901785714
Batch_2,b3esycq1,-5,False,8.94427190999916,28.635642126552707,16.1245154965971,1163,5,93440,10337,0.06853014842300556,0.011687052743175191
Batch_2,b3esycq1,0,False,8.94427190999916,29.5296461204668,15.620499351813308,1380,7,110052,14895,0.08005234561357011,0.014110787172011661
Batch_2,b3esycq1,5,False,8.246211251235321,29.5296461204668,14.142135623730951,1826,9,137524,22175,0.09567896899019349,0.01689060429366552
Batch_2,epqdaau9,-5,False,8.0,26.0,16.97056274847714,1351,3,76862,6293,0.053460183510816425,0.006813542294554953
Batch_2,epqdaau9,0,False,8.0,26.68332812825267,17.08800749063506,1614,4,90837,9654,0.06320849239836582,0.008136360592056795
Batch_2,epqdaau9,5,False,8.0,26.68332812825267,16.0,1966,6,108674,18387,0.07443660839863371,0.009977161610073003
Batch_2,i9jiqjwl,-5,False,8.246211251235321,24.413111231467404,,1278,0,91765,0,0.05840065392354125,0.00507557847082495
Batch_2,i9jiqjwl,0,False,8.246211251235321,26.30589287593181,11.661903789690601,1430,1,106245,3480,0.06856187122736418,0.00687544014084507
Batch_2,i9jiqjwl,5,False,8.246211251235321,28.284271247461902,12.165525060596439,1612,6,121612,13014,0.07997912474849095,0.008717052313883299
Batch_2,r17byphk,-5,False,8.94427190999916,30.528675044947494,17.88854381999832,996,5,73540,10209,0.05809539835164835,0.00986098901098901
Batch_2,r17byphk,0,False,10.0,32.0,16.492422502470642,1159,11,85418,19121,0.06943413461538461,0.011335027472527473
Batch_2,r17byphk,5,False,10.0,32.0,16.0,1304,11,101756,23827,0.08179793956043956,0.013190315934065933
Batch_2,rxax5ozo,-5,False,8.246211251235321,27.85677655436824,16.0,1126,4,84932,7005,0.06305029013539652,0.007612462006079027
Batch_2,rxax5ozo,0,False,8.48528137423857,28.635642126552707,16.0,1191,6,95554,9971,0.07216033434650455,0.012168278529980658
Batch_2,rxax5ozo,5,False,8.48528137423857,29.5296461204668,14.422205101855956,1271,9,105776,18684,0.07996946670350925,0.018832412268582482
Batch_3,0grcilhi,-5,False,10.0,33.52610922848042,14.142135623730951,1002,9,92682,24393,0.07783350840336134,0.03125952881152461
Batch_3,0grcilhi,0,False,10.0,35.608987629529715,15.620499351813308,1100,10,103688,32980,0.09076943277310924,0.0377046818727491
Batch_3,0grcilhi,5,False,10.0,35.4400902933387,15.620499351813308,1210,8,111527,33419,0.09640493697478991,0.052961359543817525
Batch_3,71vgq3fw,-5,True,8.246211251235321,26.076809620810597,20.09975124224178,1151,2,69389,3772,0.05148190013869625,0.007160748959778086
Batch_3,71vgq3fw,0,True,8.246211251235321,26.90724809414742,18.439088914585774,1360,4,88550,7830,0.06639382801664355,0.010245839112343967
Batch_3,71vgq3fw,5,True,8.48528137423857,28.284271247461902,16.1245154965971,1590,4,109696,10742,0.08306331484049931,0.013797434119278779
Batch_3,9luzk4jm,-5,False,10.0,30.066592756745816,16.0,1320,5,106397,12639,0.08478735632183908,0.01483032293377121
Batch_3,9luzk4jm,0,False,10.0,29.732137494637012,15.231546211727817,1406,6,118578,16167,0.09169663382594417,0.028440407772304326
Batch_3,9luzk4jm,5,False,10.0,30.528675044947494,14.560219778561036,1483,10,128667,29716,0.09934872742200328,0.04352811986863711
Batch_3,cfe5vt7s,-5,False,8.48528137423857,27.202941017470888,,1159,0,78904,0,0.059008104395604395,0.008107005494505494
Batch_3,cfe5vt7s,0,False,8.48528137423857,29.120439557122072,17.08800749063506,1322,2,90780,3299,0.06998482142857143,0.009877953296703297
Batch_3,cfe5vt7s,5,False,8.48528137423857,30.0,13.416407864998739,1484,2,105023,3804,0.08146957417582418,0.012372733516483516
Batch_3,hawkfj64,-5,False,10.0,30.0,17.08800749063506,1082,5,83078,8476,0.07274774909963985,0.004893382352941176
Batch_3,hawkfj64,0,False,10.0,31.304951684997057,18.0,1283,9,98505,17179,0.08615426170468188,0.006919792917166867
Batch_3,hawkfj64,5,False,10.0,32.2490309931942,17.08800749063506,1435,10,116352,26587,0.10141281512605042,0.00915576230492197
Batch_3,hzumfsms,-5,False,8.94427190999916,33.1058907144937,18.110770276274835,1309,3,111116,20825,0.08658264915161466,0.032436918445539135
Batch_3,hzumfsms,0,False,10.0,35.77708763999664,16.1245154965971,1401,3,126368,29554,0.10197099069512863,0.039327107279693484
Batch_3,hzumfsms,5,False,10.0,37.73592452822641,15.231546211727817,1395,7,141427,45644,0.11614566228790367,0.04892446633825944
Batch_3,kbdh4tri,-5,True,8.0,22.80350850198276,12.649110640673518,1229,1,68991,785,0.04766622746185853,0.006663245492371706
Batch_3,kbdh4tri,0,True,8.0,24.166091947189145,13.416407864998739,1400,3,86113,4413,0.061009500693481274,0.012132316227461859
Batch_3,kbdh4tri,5,True,8.246211251235321,25.298221281347036,14.0,1704,4,107876,8873,0.07710672676837725,0.01713099861303745
Batch_3,mgxahqnk,-5,False,10.0,29.120439557122072,18.439088914585774,1179,5,83955,6713,0.07269102641056423,0.007561749699879952
Batch_3,mgxahqnk,0,False,10.0,29.732137494637012,16.0,1281,7,100663,11866,0.08644005102040817,0.009838085234093637
Batch_3,mgxahqnk,5,False,10.0,31.04834939252005,14.560219778561036,1368,9,114329,19051,0.09928969087635053,0.014656512605042017
Batch_3,pl8uabbv,-5,False,8.48528137423857,30.066592756745816,14.560219778561036,1527,5,112229,15856,0.07716719064386318,0.012476672535211267
Batch_3,pl8uabbv,0,False,8.48528137423857,30.265491900843113,14.142135623730951,1677,6,130487,20323,0.08889159959758551,0.015514461770623742
Batch_3,pl8uabbv,5,False,8.48528137423857,30.463092423455635,14.142135623730951,1812,7,148015,32996,0.10006124245472837,0.021528609154929577
Batch_3,ptg8lmto,-5,False,8.246211251235321,24.166091947189145,14.422205101855956,956,5,68792,9986,0.060829315845444876,0.007582240340304857
Batch_3,ptg8lmto,0,False,8.246211251235321,26.0,14.422205101855956,1031,6,78155,11466,0.07127764976958526,0.010890907479617157
Batch_3,ptg8lmto,5,False,8.246211251235321,26.832815729997478,14.142135623730951,1159,8,90877,17657,0.08415552995391705,0.012675735554767812
Batch_3,tuy3zymq,-5,True,8.48528137423857,26.076809620810597,13.416407864998739,1145,4,78617,5039,0.05792378640776699,0.004216782246879334
Batch_3,tuy3zymq,0,True,8.94427190999916,28.635642126552707,16.1245154965971,1297,6,96277,9186,0.07514743411927878,0.005576629680998613
Batch_3,tuy3zymq,5,True,8.94427190999916,29.120439557122072,16.0,1537,8,120437,15134,0.09382018030513176,0.007837794729542302
Batch_3,ufdvpb81,-5,False,8.94427190999916,29.5296461204668,17.08800749063506,1299,4,102540,11342,0.08041851395730706,0.020900451559934318
Batch_3,ufdvpb81,0,False,10.0,31.622776601683793,14.422205101855956,1369,11,117514,29501,0.09454016146688561,0.02525348932676519
Batch_3,ufdvpb81,5,False,10.0,33.52610922848042,14.560219778561036,1475,16,132535,45251,0.11015873015873016,0.029356458675424194
Batch_3,utfgcjfa,-5,False,8.48528137423857,28.42534080710379,15.620499351813308,1218,4,93847,14447,0.07008764610448856,0.011958477516303873
Batch_3,utfgcjfa,0,False,8.48528137423857,31.04834939252005,16.492422502470642,1301,6,108382,20216,0.08238342606385743,0.01519789423743659
Batch_3,utfgcjfa,5,False,8.94427190999916,32.802438933713454,16.97056274847714,1421,7,122272,24168,0.0948163388197511,0.01935334974503253
Batch_3,vc2whyaq,-5,False,8.246211251235321,28.284271247461902,17.204650534085253,1080,5,80276,9270,0.05889106106659298,0.009568803536888644
Batch_3,vc2whyaq,0,False,8.94427190999916,29.732137494637012,15.231546211727817,1140,5,94232,16455,0.07088063000828958,0.011915584415584416
Batch_3,vc2whyaq,5,False,8.94427190999916,30.463092423455635,15.620499351813308,1227,7,111528,23706,0.08407647140093949,0.013716427189831445
Batch_3,x77cy643,-5,False,8.246211251235321,29.5296461204668,16.0,1312,6,92521,9787,0.06977045739317189,0.009294686767680454
Batch_3,x77cy643,0,False,8.246211251235321,30.0,16.97056274847714,1432,9,109999,17770,0.08251896911526121,0.012238065299541159
Batch_3,x77cy643,5,False,8.48528137423857,30.59411708155671,14.422205101855956,1534,13,129642,30441,0.0967247241584857,0.01552227136147431
Batch_3,x7u69zsw,-5,True,8.246211251235321,22.80350850198276,16.97056274847714,1062,2,63593,3179,0.04483377253814147,0.0016090846047156727
Batch_3,x7u69zsw,0,True,8.246211251235321,25.059928172283335,16.1245154965971,1305,3,81587,4598,0.05986962552011096,0.0031964632454923717
Batch_3,x7u69zsw,5,True,8.246211251235321,26.30589287593181,16.1245154965971,1493,5,104323,7547,0.077425173370319,0.004488904299583912
Batch_3,xgj4xftb,-5,False,8.0,26.68332812825267,14.0,1014,1,63133,4686,0.058301488833746896,0.01066350584898972
Batch_3,xgj4xftb,0,False,8.0,27.202941017470888,12.806248474865697,1106,2,79100,10893,0.07207851825593761,0.013936458702587735
Batch_3,xgj4xftb,5,False,8.246211251235321,28.42534080710379,12.806248474865697,1217,6,92122,21446,0.0857670152428217,0.019312034739454094
