scope,folder,site,specimen_id,preparation_session_id,imaging_session_id,evidence_source,status
known,Batch_1,4ih2ggld,,,,,unknown
known,Batch_1,5n1q8atc,,,,,unknown
known,Batch_1,f1vzngrs,,,,,unknown
known,Batch_1,ffwubibz,,,,,unknown
known,Batch_1,fzrt2k6r,,,,,unknown
known,Batch_1,iv6g2oq0,,,,,unknown
known,Batch_1,uhdslk0o,,,,,unknown
known,Batch_2,3806gxp0,,,,,unknown
known,Batch_2,avn74qx1,,,,,unknown
known,Batch_2,b3esycq1,,,,,unknown
known,Batch_2,epqdaau9,,,,,unknown
known,Batch_2,i9jiqjwl,,,,,unknown
known,Batch_2,r17byphk,,,,,unknown
known,Batch_2,rxax5ozo,,,,,unknown
known,Batch_3,0grcilhi,,,,,unknown
known,Batch_3,71vgq3fw,,,,,unknown
known,Batch_3,9luzk4jm,,,,,unknown
known,Batch_3,cfe5vt7s,,,,,unknown
known,Batch_3,hawkfj64,,,,,unknown
known,Batch_3,hzumfsms,,,,,unknown
known,Batch_3,kbdh4tri,,,,,unknown
known,Batch_3,mgxahqnk,,,,,unknown
known,Batch_3,pl8uabbv,,,,,unknown
known,Batch_3,ptg8lmto,,,,,unknown
known,Batch_3,tuy3zymq,,,,,unknown
known,Batch_3,ufdvpb81,,,,,unknown
known,Batch_3,utfgcjfa,,,,,unknown
known,Batch_3,vc2whyaq,,,,,unknown
known,Batch_3,x77cy643,,,,,unknown
known,Batch_3,x7u69zsw,,,,,unknown
known,Batch_3,xgj4xftb,,,,,unknown
feedback_development,Hackathon-Polaron-test,3e122cbj,,,,,unknown
feedback_development,Hackathon-Polaron-test,fn0mhxef,,,,,unknown
feedback_development,Hackathon-Polaron-test,xrv9xvzb,,,,,unknown
