rule,design,rate
single@2.0,A_fixed_ref_7v10,0.182395
single@2.0,B_redrawn_ref_7v10,0.183
single@2.0,C_real_splits_5v5,0.5
single@2.5,A_fixed_ref_7v10,0.143
single@2.5,B_redrawn_ref_7v10,0.137665
single@2.5,C_real_splits_5v5,0.45
single@3.0,A_fixed_ref_7v10,0.111985
single@3.0,B_redrawn_ref_7v10,0.104925
single@3.0,C_real_splits_5v5,0.3333333333333333
two_sites@2,A_fixed_ref_7v10,0.01483
two_sites@2,B_redrawn_ref_7v10,0.03384
two_sites@2,C_real_splits_5v5,0.016666666666666666
two_kpis@2,A_fixed_ref_7v10,0.010755
two_kpis@2,B_redrawn_ref_7v10,0.03222
two_kpis@2,C_real_splits_5v5,0.016666666666666666
tiered(2.5),A_fixed_ref_7v10,0.144175
tiered(2.5),B_redrawn_ref_7v10,0.14067
tiered(2.5),C_real_splits_5v5,0.45
review_only(2.5),A_fixed_ref_7v10,0.03822
review_only(2.5),B_redrawn_ref_7v10,0.04233
review_only(2.5),C_real_splits_5v5,0.05
tiered(3.0),A_fixed_ref_7v10,0.1157
tiered(3.0),B_redrawn_ref_7v10,0.114085
tiered(3.0),C_real_splits_5v5,0.3333333333333333
review_only(3.0),A_fixed_ref_7v10,0.066695
review_only(3.0),B_redrawn_ref_7v10,0.068915
review_only(3.0),C_real_splits_5v5,0.16666666666666666
