kpi,batch,site,observed,acquisition_only_prediction,pooled_loo_r2,n_sites,covariates
bright_void_distance_d50_px,Batch_1,f1vzngrs,7.0710678118654755,8.19963454682345,-0.16075263305361354,25,H;bright_sep;bse_p1;bse_p50;bse_std;bse_empty_bin_frac;etd_boundary_sharpness;etd_curtain_frac;inlens_p50
bright_void_distance_d50_px,Batch_1,ffwubibz,6.4031242374328485,7.290443647280831,-0.16075263305361354,25,H;bright_sep;bse_p1;bse_p50;bse_std;bse_empty_bin_frac;etd_boundary_sharpness;etd_curtain_frac;inlens_p50
bright_void_distance_d50_px,Batch_1,fzrt2k6r,7.0710678118654755,6.659912298351748,-0.16075263305361354,25,H;bright_sep;bse_p1;bse_p50;bse_std;bse_empty_bin_frac;etd_boundary_sharpness;etd_curtain_frac;inlens_p50
bright_void_distance_d50_px,Batch_1,iv6g2oq0,6.082762530298219,7.383602150903915,-0.16075263305361354,25,H;bright_sep;bse_p1;bse_p50;bse_std;bse_empty_bin_frac;etd_boundary_sharpness;etd_curtain_frac;inlens_p50
bright_void_distance_d50_px,Batch_1,uhdslk0o,6.555664084966109,6.518103845343916,-0.16075263305361354,25,H;bright_sep;bse_p1;bse_p50;bse_std;bse_empty_bin_frac;etd_boundary_sharpness;etd_curtain_frac;inlens_p50
bright_void_distance_d50_px,Batch_2,3806gxp0,10.816653826391969,9.007264163169602,-0.16075263305361354,25,H;bright_sep;bse_p1;bse_p50;bse_std;bse_empty_bin_frac;etd_boundary_sharpness;etd_curtain_frac;inlens_p50
bright_void_distance_d50_px,Batch_2,avn74qx1,10.44030650891055,8.164706307470171,-0.16075263305361354,25,H;bright_sep;bse_p1;bse_p50;bse_std;bse_empty_bin_frac;etd_boundary_sharpness;etd_curtain_frac;inlens_p50
bright_void_distance_d50_px,Batch_2,b3esycq1,6.4031242374328485,6.777542007179836,-0.16075263305361354,25,H;bright_sep;bse_p1;bse_p50;bse_std;bse_empty_bin_frac;etd_boundary_sharpness;etd_curtain_frac;inlens_p50
bright_void_distance_d50_px,Batch_2,epqdaau9,7.0,9.235707642939024,-0.16075263305361354,25,H;bright_sep;bse_p1;bse_p50;bse_std;bse_empty_bin_frac;etd_boundary_sharpness;etd_curtain_frac;inlens_p50
bright_void_distance_d50_px,Batch_2,i9jiqjwl,11.180339887498949,6.411698641602865,-0.16075263305361354,25,H;bright_sep;bse_p1;bse_p50;bse_std;bse_empty_bin_frac;etd_boundary_sharpness;etd_curtain_frac;inlens_p50
bright_void_distance_d50_px,Batch_2,r17byphk,9.899494936611665,7.939615452271391,-0.16075263305361354,25,H;bright_sep;bse_p1;bse_p50;bse_std;bse_empty_bin_frac;etd_boundary_sharpness;etd_curtain_frac;inlens_p50
bright_void_distance_d50_px,Batch_2,rxax5ozo,8.0,7.3893179664023165,-0.16075263305361354,25,H;bright_sep;bse_p1;bse_p50;bse_std;bse_empty_bin_frac;etd_boundary_sharpness;etd_curtain_frac;inlens_p50
bright_void_distance_d50_px,Batch_3,0grcilhi,9.219544457292887,7.815100564689326,-0.16075263305361354,25,H;bright_sep;bse_p1;bse_p50;bse_std;bse_empty_bin_frac;etd_boundary_sharpness;etd_curtain_frac;inlens_p50
bright_void_distance_d50_px,Batch_3,9luzk4jm,5.0990195135927845,6.282598480080676,-0.16075263305361354,25,H;bright_sep;bse_p1;bse_p50;bse_std;bse_empty_bin_frac;etd_boundary_sharpness;etd_curtain_frac;inlens_p50
bright_void_distance_d50_px,Batch_3,cfe5vt7s,8.06225774829855,7.069840983321795,-0.16075263305361354,25,H;bright_sep;bse_p1;bse_p50;bse_std;bse_empty_bin_frac;etd_boundary_sharpness;etd_curtain_frac;inlens_p50
bright_void_distance_d50_px,Batch_3,hawkfj64,6.0,8.324534448786704,-0.16075263305361354,25,H;bright_sep;bse_p1;bse_p50;bse_std;bse_empty_bin_frac;etd_boundary_sharpness;etd_curtain_frac;inlens_p50
bright_void_distance_d50_px,Batch_3,hzumfsms,6.708203932499369,7.181383545559525,-0.16075263305361354,25,H;bright_sep;bse_p1;bse_p50;bse_std;bse_empty_bin_frac;etd_boundary_sharpness;etd_curtain_frac;inlens_p50
bright_void_distance_d50_px,Batch_3,mgxahqnk,6.0,7.491377182006306,-0.16075263305361354,25,H;bright_sep;bse_p1;bse_p50;bse_std;bse_empty_bin_frac;etd_boundary_sharpness;etd_curtain_frac;inlens_p50
bright_void_distance_d50_px,Batch_3,pl8uabbv,6.4031242374328485,8.99741280230731,-0.16075263305361354,25,H;bright_sep;bse_p1;bse_p50;bse_std;bse_empty_bin_frac;etd_boundary_sharpness;etd_curtain_frac;inlens_p50
bright_void_distance_d50_px,Batch_3,ptg8lmto,6.0,4.015325455092945,-0.16075263305361354,25,H;bright_sep;bse_p1;bse_p50;bse_std;bse_empty_bin_frac;etd_boundary_sharpness;etd_curtain_frac;inlens_p50
bright_void_distance_d50_px,Batch_3,ufdvpb81,6.708203932499369,8.713982637615278,-0.16075263305361354,25,H;bright_sep;bse_p1;bse_p50;bse_std;bse_empty_bin_frac;etd_boundary_sharpness;etd_curtain_frac;inlens_p50
bright_void_distance_d50_px,Batch_3,utfgcjfa,7.0710678118654755,8.235622013189412,-0.16075263305361354,25,H;bright_sep;bse_p1;bse_p50;bse_std;bse_empty_bin_frac;etd_boundary_sharpness;etd_curtain_frac;inlens_p50
bright_void_distance_d50_px,Batch_3,vc2whyaq,7.211102550927978,7.701489954010448,-0.16075263305361354,25,H;bright_sep;bse_p1;bse_p50;bse_std;bse_empty_bin_frac;etd_boundary_sharpness;etd_curtain_frac;inlens_p50
bright_void_distance_d50_px,Batch_3,x77cy643,7.447941497572213,7.947025135299831,-0.16075263305361354,25,H;bright_sep;bse_p1;bse_p50;bse_std;bse_empty_bin_frac;etd_boundary_sharpness;etd_curtain_frac;inlens_p50
bright_void_distance_d50_px,Batch_3,xgj4xftb,5.830951894845301,3.9556937981356417,-0.16075263305361354,25,H;bright_sep;bse_p1;bse_p50;bse_std;bse_empty_bin_frac;etd_boundary_sharpness;etd_curtain_frac;inlens_p50
bright_ring_void_frac_16px,Batch_1,f1vzngrs,0.03938730853391685,0.027401341046360057,-0.25858159204680753,25,H;bright_sep;bse_p1;bse_p50;bse_std;bse_empty_bin_frac;etd_boundary_sharpness;etd_curtain_frac;inlens_p50
bright_ring_void_frac_16px,Batch_1,ffwubibz,0.04289053160721848,0.04040973647128128,-0.25858159204680753,25,H;bright_sep;bse_p1;bse_p50;bse_std;bse_empty_bin_frac;etd_boundary_sharpness;etd_curtain_frac;inlens_p50
bright_ring_void_frac_16px,Batch_1,fzrt2k6r,0.03307760030184882,0.042375421372837646,-0.25858159204680753,25,H;bright_sep;bse_p1;bse_p50;bse_std;bse_empty_bin_frac;etd_boundary_sharpness;etd_curtain_frac;inlens_p50
bright_ring_void_frac_16px,Batch_1,iv6g2oq0,0.04965652600588812,0.03248540831651846,-0.25858159204680753,25,H;bright_sep;bse_p1;bse_p50;bse_std;bse_empty_bin_frac;etd_boundary_sharpness;etd_curtain_frac;inlens_p50
bright_ring_void_frac_16px,Batch_1,uhdslk0o,0.03448484050143801,0.043919959387926234,-0.25858159204680753,25,H;bright_sep;bse_p1;bse_p50;bse_std;bse_empty_bin_frac;etd_boundary_sharpness;etd_curtain_frac;inlens_p50
bright_ring_void_frac_16px,Batch_2,3806gxp0,0.008227127686922046,0.027540706542622927,-0.25858159204680753,25,H;bright_sep;bse_p1;bse_p50;bse_std;bse_empty_bin_frac;etd_boundary_sharpness;etd_curtain_frac;inlens_p50
bright_ring_void_frac_16px,Batch_2,avn74qx1,0.012157466488598704,0.0342237291435835,-0.25858159204680753,25,H;bright_sep;bse_p1;bse_p50;bse_std;bse_empty_bin_frac;etd_boundary_sharpness;etd_curtain_frac;inlens_p50
bright_ring_void_frac_16px,Batch_2,b3esycq1,0.042638051542255945,0.0403428122698195,-0.25858159204680753,25,H;bright_sep;bse_p1;bse_p50;bse_std;bse_empty_bin_frac;etd_boundary_sharpness;etd_curtain_frac;inlens_p50
bright_ring_void_frac_16px,Batch_2,epqdaau9,0.04244541484716157,0.017523749970649302,-0.25858159204680753,25,H;bright_sep;bse_p1;bse_p50;bse_std;bse_empty_bin_frac;etd_boundary_sharpness;etd_curtain_frac;inlens_p50
bright_ring_void_frac_16px,Batch_2,i9jiqjwl,0.017190780491722405,0.03843879906331879,-0.25858159204680753,25,H;bright_sep;bse_p1;bse_p50;bse_std;bse_empty_bin_frac;etd_boundary_sharpness;etd_curtain_frac;inlens_p50
bright_ring_void_frac_16px,Batch_2,r17byphk,0.02350030921459493,0.03390516330132732,-0.25858159204680753,25,H;bright_sep;bse_p1;bse_p50;bse_std;bse_empty_bin_frac;etd_boundary_sharpness;etd_curtain_frac;inlens_p50
bright_ring_void_frac_16px,Batch_2,rxax5ozo,0.021732810954001508,0.03450943117446173,-0.25858159204680753,25,H;bright_sep;bse_p1;bse_p50;bse_std;bse_empty_bin_frac;etd_boundary_sharpness;etd_curtain_frac;inlens_p50
bright_ring_void_frac_16px,Batch_3,0grcilhi,0.026920315865039485,0.029756035154710724,-0.25858159204680753,25,H;bright_sep;bse_p1;bse_p50;bse_std;bse_empty_bin_frac;etd_boundary_sharpness;etd_curtain_frac;inlens_p50
bright_ring_void_frac_16px,Batch_3,9luzk4jm,0.07356798920077376,0.0514597124052139,-0.25858159204680753,25,H;bright_sep;bse_p1;bse_p50;bse_std;bse_empty_bin_frac;etd_boundary_sharpness;etd_curtain_frac;inlens_p50
bright_ring_void_frac_16px,Batch_3,cfe5vt7s,0.031497577060640755,0.041000870088410656,-0.25858159204680753,25,H;bright_sep;bse_p1;bse_p50;bse_std;bse_empty_bin_frac;etd_boundary_sharpness;etd_curtain_frac;inlens_p50
bright_ring_void_frac_16px,Batch_3,hawkfj64,0.05114253997087785,0.026856218732386014,-0.25858159204680753,25,H;bright_sep;bse_p1;bse_p50;bse_std;bse_empty_bin_frac;etd_boundary_sharpness;etd_curtain_frac;inlens_p50
bright_ring_void_frac_16px,Batch_3,hzumfsms,0.046365914786967416,0.05266653572580757,-0.25858159204680753,25,H;bright_sep;bse_p1;bse_p50;bse_std;bse_empty_bin_frac;etd_boundary_sharpness;etd_curtain_frac;inlens_p50
bright_ring_void_frac_16px,Batch_3,mgxahqnk,0.055977229601518026,0.03451785999266443,-0.25858159204680753,25,H;bright_sep;bse_p1;bse_p50;bse_std;bse_empty_bin_frac;etd_boundary_sharpness;etd_curtain_frac;inlens_p50
bright_ring_void_frac_16px,Batch_3,pl8uabbv,0.038502279431482975,0.026524550799717234,-0.25858159204680753,25,H;bright_sep;bse_p1;bse_p50;bse_std;bse_empty_bin_frac;etd_boundary_sharpness;etd_curtain_frac;inlens_p50
bright_ring_void_frac_16px,Batch_3,ptg8lmto,0.05439814814814815,0.061591798737198944,-0.25858159204680753,25,H;bright_sep;bse_p1;bse_p50;bse_std;bse_empty_bin_frac;etd_boundary_sharpness;etd_curtain_frac;inlens_p50
bright_ring_void_frac_16px,Batch_3,ufdvpb81,0.05167173252279635,0.024457952248152788,-0.25858159204680753,25,H;bright_sep;bse_p1;bse_p50;bse_std;bse_empty_bin_frac;etd_boundary_sharpness;etd_curtain_frac;inlens_p50
bright_ring_void_frac_16px,Batch_3,utfgcjfa,0.027899686520376176,0.030239524554952785,-0.25858159204680753,25,H;bright_sep;bse_p1;bse_p50;bse_std;bse_empty_bin_frac;etd_boundary_sharpness;etd_curtain_frac;inlens_p50
bright_ring_void_frac_16px,Batch_3,vc2whyaq,0.03298559364133135,0.0334896327408613,-0.25858159204680753,25,H;bright_sep;bse_p1;bse_p50;bse_std;bse_empty_bin_frac;etd_boundary_sharpness;etd_curtain_frac;inlens_p50
bright_ring_void_frac_16px,Batch_3,x77cy643,0.03352086263478669,0.02776766145880228,-0.25858159204680753,25,H;bright_sep;bse_p1;bse_p50;bse_std;bse_empty_bin_frac;etd_boundary_sharpness;etd_curtain_frac;inlens_p50
bright_ring_void_frac_16px,Batch_3,xgj4xftb,0.044495452545636825,0.0796277881153615,-0.25858159204680753,25,H;bright_sep;bse_p1;bse_p50;bse_std;bse_empty_bin_frac;etd_boundary_sharpness;etd_curtain_frac;inlens_p50
local_bright_std_512px,Batch_1,f1vzngrs,0.06253114441013265,0.05429633354224005,-0.3707642720244875,29,H;bright_sep;bse_p1;bse_p50;bse_std;bse_empty_bin_frac;etd_boundary_sharpness;etd_curtain_frac;inlens_p50
local_bright_std_512px,Batch_1,ffwubibz,0.05046576136977513,0.05193690183921665,-0.3707642720244875,29,H;bright_sep;bse_p1;bse_p50;bse_std;bse_empty_bin_frac;etd_boundary_sharpness;etd_curtain_frac;inlens_p50
local_bright_std_512px,Batch_1,fzrt2k6r,0.058566292157561095,0.06109219460046295,-0.3707642720244875,29,H;bright_sep;bse_p1;bse_p50;bse_std;bse_empty_bin_frac;etd_boundary_sharpness;etd_curtain_frac;inlens_p50
local_bright_std_512px,Batch_1,iv6g2oq0,0.055320117268368885,0.07017802823353853,-0.3707642720244875,29,H;bright_sep;bse_p1;bse_p50;bse_std;bse_empty_bin_frac;etd_boundary_sharpness;etd_curtain_frac;inlens_p50
local_bright_std_512px,Batch_1,uhdslk0o,0.060628685608313714,0.06093800260601048,-0.3707642720244875,29,H;bright_sep;bse_p1;bse_p50;bse_std;bse_empty_bin_frac;etd_boundary_sharpness;etd_curtain_frac;inlens_p50
local_bright_std_512px,Batch_2,3806gxp0,0.065015123287959,0.060991584228871784,-0.3707642720244875,29,H;bright_sep;bse_p1;bse_p50;bse_std;bse_empty_bin_frac;etd_boundary_sharpness;etd_curtain_frac;inlens_p50
local_bright_std_512px,Batch_2,avn74qx1,0.05082022617487577,0.054002661109500465,-0.3707642720244875,29,H;bright_sep;bse_p1;bse_p50;bse_std;bse_empty_bin_frac;etd_boundary_sharpness;etd_curtain_frac;inlens_p50
local_bright_std_512px,Batch_2,b3esycq1,0.06627854893021555,0.06080172796537669,-0.3707642720244875,29,H;bright_sep;bse_p1;bse_p50;bse_std;bse_empty_bin_frac;etd_boundary_sharpness;etd_curtain_frac;inlens_p50
local_bright_std_512px,Batch_2,epqdaau9,0.06351723049894362,0.06847525055751941,-0.3707642720244875,29,H;bright_sep;bse_p1;bse_p50;bse_std;bse_empty_bin_frac;etd_boundary_sharpness;etd_curtain_frac;inlens_p50
local_bright_std_512px,Batch_2,i9jiqjwl,0.05924150859216112,0.05461664647721996,-0.3707642720244875,29,H;bright_sep;bse_p1;bse_p50;bse_std;bse_empty_bin_frac;etd_boundary_sharpness;etd_curtain_frac;inlens_p50
local_bright_std_512px,Batch_2,r17byphk,0.05657887466015614,0.06181389028598185,-0.3707642720244875,29,H;bright_sep;bse_p1;bse_p50;bse_std;bse_empty_bin_frac;etd_boundary_sharpness;etd_curtain_frac;inlens_p50
local_bright_std_512px,Batch_2,rxax5ozo,0.06260668284609312,0.05939336906842509,-0.3707642720244875,29,H;bright_sep;bse_p1;bse_p50;bse_std;bse_empty_bin_frac;etd_boundary_sharpness;etd_curtain_frac;inlens_p50
local_bright_std_512px,Batch_3,0grcilhi,0.06530162896560408,0.06883358029029382,-0.3707642720244875,29,H;bright_sep;bse_p1;bse_p50;bse_std;bse_empty_bin_frac;etd_boundary_sharpness;etd_curtain_frac;inlens_p50
local_bright_std_512px,Batch_3,71vgq3fw,0.06753346964101738,0.05824861577032763,-0.3707642720244875,29,H;bright_sep;bse_p1;bse_p50;bse_std;bse_empty_bin_frac;etd_boundary_sharpness;etd_curtain_frac;inlens_p50
local_bright_std_512px,Batch_3,9luzk4jm,0.06752986475727621,0.05262496876664417,-0.3707642720244875,29,H;bright_sep;bse_p1;bse_p50;bse_std;bse_empty_bin_frac;etd_boundary_sharpness;etd_curtain_frac;inlens_p50
local_bright_std_512px,Batch_3,cfe5vt7s,0.05687636005896169,0.06372160246603407,-0.3707642720244875,29,H;bright_sep;bse_p1;bse_p50;bse_std;bse_empty_bin_frac;etd_boundary_sharpness;etd_curtain_frac;inlens_p50
local_bright_std_512px,Batch_3,hawkfj64,0.04833869252181384,0.06370829515170946,-0.3707642720244875,29,H;bright_sep;bse_p1;bse_p50;bse_std;bse_empty_bin_frac;etd_boundary_sharpness;etd_curtain_frac;inlens_p50
local_bright_std_512px,Batch_3,hzumfsms,0.05059615751410884,0.06079007146122404,-0.3707642720244875,29,H;bright_sep;bse_p1;bse_p50;bse_std;bse_empty_bin_frac;etd_boundary_sharpness;etd_curtain_frac;inlens_p50
local_bright_std_512px,Batch_3,kbdh4tri,0.04484418218959192,0.0653916394665845,-0.3707642720244875,29,H;bright_sep;bse_p1;bse_p50;bse_std;bse_empty_bin_frac;etd_boundary_sharpness;etd_curtain_frac;inlens_p50
local_bright_std_512px,Batch_3,mgxahqnk,0.09107644360823793,0.06051108331575916,-0.3707642720244875,29,H;bright_sep;bse_p1;bse_p50;bse_std;bse_empty_bin_frac;etd_boundary_sharpness;etd_curtain_frac;inlens_p50
local_bright_std_512px,Batch_3,pl8uabbv,0.04598802741626191,0.059747760833646926,-0.3707642720244875,29,H;bright_sep;bse_p1;bse_p50;bse_std;bse_empty_bin_frac;etd_boundary_sharpness;etd_curtain_frac;inlens_p50
local_bright_std_512px,Batch_3,ptg8lmto,0.07003914526545547,0.06132785091269588,-0.3707642720244875,29,H;bright_sep;bse_p1;bse_p50;bse_std;bse_empty_bin_frac;etd_boundary_sharpness;etd_curtain_frac;inlens_p50
local_bright_std_512px,Batch_3,tuy3zymq,0.044345792309491885,0.0653930618746013,-0.3707642720244875,29,H;bright_sep;bse_p1;bse_p50;bse_std;bse_empty_bin_frac;etd_boundary_sharpness;etd_curtain_frac;inlens_p50
local_bright_std_512px,Batch_3,ufdvpb81,0.05746763491761918,0.04705729030114962,-0.3707642720244875,29,H;bright_sep;bse_p1;bse_p50;bse_std;bse_empty_bin_frac;etd_boundary_sharpness;etd_curtain_frac;inlens_p50
local_bright_std_512px,Batch_3,utfgcjfa,0.07178411174292097,0.06082095622233303,-0.3707642720244875,29,H;bright_sep;bse_p1;bse_p50;bse_std;bse_empty_bin_frac;etd_boundary_sharpness;etd_curtain_frac;inlens_p50
local_bright_std_512px,Batch_3,vc2whyaq,0.05619250315848247,0.0602393302051034,-0.3707642720244875,29,H;bright_sep;bse_p1;bse_p50;bse_std;bse_empty_bin_frac;etd_boundary_sharpness;etd_curtain_frac;inlens_p50
local_bright_std_512px,Batch_3,x77cy643,0.059280908103634934,0.06476559696692967,-0.3707642720244875,29,H;bright_sep;bse_p1;bse_p50;bse_std;bse_empty_bin_frac;etd_boundary_sharpness;etd_curtain_frac;inlens_p50
local_bright_std_512px,Batch_3,x7u69zsw,0.08644529669407956,0.053975703911073175,-0.3707642720244875,29,H;bright_sep;bse_p1;bse_p50;bse_std;bse_empty_bin_frac;etd_boundary_sharpness;etd_curtain_frac;inlens_p50
local_bright_std_512px,Batch_3,xgj4xftb,0.0697317313671791,0.07684421646124248,-0.3707642720244875,29,H;bright_sep;bse_p1;bse_p50;bse_std;bse_empty_bin_frac;etd_boundary_sharpness;etd_curtain_frac;inlens_p50
local_bright_pore_spearman_512px,Batch_1,f1vzngrs,0.2178775719286263,0.11056443167024137,-0.6497828306457725,25,H;bright_sep;bse_p1;bse_p50;bse_std;bse_empty_bin_frac;etd_boundary_sharpness;etd_curtain_frac;inlens_p50
local_bright_pore_spearman_512px,Batch_1,ffwubibz,-0.1276359600443951,0.04272434665285385,-0.6497828306457725,25,H;bright_sep;bse_p1;bse_p50;bse_std;bse_empty_bin_frac;etd_boundary_sharpness;etd_curtain_frac;inlens_p50
local_bright_pore_spearman_512px,Batch_1,fzrt2k6r,-0.05259113805173738,-0.011914443195995144,-0.6497828306457725,25,H;bright_sep;bse_p1;bse_p50;bse_std;bse_empty_bin_frac;etd_boundary_sharpness;etd_curtain_frac;inlens_p50
local_bright_pore_spearman_512px,Batch_1,iv6g2oq0,-0.298092009086654,0.33972931893285463,-0.6497828306457725,25,H;bright_sep;bse_p1;bse_p50;bse_std;bse_empty_bin_frac;etd_boundary_sharpness;etd_curtain_frac;inlens_p50
local_bright_pore_spearman_512px,Batch_1,uhdslk0o,0.36639676113360325,-0.07421771946015908,-0.6497828306457725,25,H;bright_sep;bse_p1;bse_p50;bse_std;bse_empty_bin_frac;etd_boundary_sharpness;etd_curtain_frac;inlens_p50
local_bright_pore_spearman_512px,Batch_2,3806gxp0,-0.08418715877681485,-0.17606973593670347,-0.6497828306457725,25,H;bright_sep;bse_p1;bse_p50;bse_std;bse_empty_bin_frac;etd_boundary_sharpness;etd_curtain_frac;inlens_p50
local_bright_pore_spearman_512px,Batch_2,avn74qx1,0.10943404584328686,-0.11695855217294257,-0.6497828306457725,25,H;bright_sep;bse_p1;bse_p50;bse_std;bse_empty_bin_frac;etd_boundary_sharpness;etd_curtain_frac;inlens_p50
local_bright_pore_spearman_512px,Batch_2,b3esycq1,0.15077264577819513,-0.0877638065820804,-0.6497828306457725,25,H;bright_sep;bse_p1;bse_p50;bse_std;bse_empty_bin_frac;etd_boundary_sharpness;etd_curtain_frac;inlens_p50
local_bright_pore_spearman_512px,Batch_2,epqdaau9,-0.04413993298907316,0.22746387528956005,-0.6497828306457725,25,H;bright_sep;bse_p1;bse_p50;bse_std;bse_empty_bin_frac;etd_boundary_sharpness;etd_curtain_frac;inlens_p50
local_bright_pore_spearman_512px,Batch_2,i9jiqjwl,0.03705363813782932,0.018023347758467693,-0.6497828306457725,25,H;bright_sep;bse_p1;bse_p50;bse_std;bse_empty_bin_frac;etd_boundary_sharpness;etd_curtain_frac;inlens_p50
local_bright_pore_spearman_512px,Batch_2,r17byphk,-0.24451464185093486,-0.15465546279136047,-0.6497828306457725,25,H;bright_sep;bse_p1;bse_p50;bse_std;bse_empty_bin_frac;etd_boundary_sharpness;etd_curtain_frac;inlens_p50
local_bright_pore_spearman_512px,Batch_2,rxax5ozo,-0.2175592891945733,0.08438036528006497,-0.6497828306457725,25,H;bright_sep;bse_p1;bse_p50;bse_std;bse_empty_bin_frac;etd_boundary_sharpness;etd_curtain_frac;inlens_p50
local_bright_pore_spearman_512px,Batch_3,0grcilhi,-0.11477732793522268,-0.16573866098424953,-0.6497828306457725,25,H;bright_sep;bse_p1;bse_p50;bse_std;bse_empty_bin_frac;etd_boundary_sharpness;etd_curtain_frac;inlens_p50
local_bright_pore_spearman_512px,Batch_3,9luzk4jm,0.043114488175531464,-0.01469407290632652,-0.6497828306457725,25,H;bright_sep;bse_p1;bse_p50;bse_std;bse_empty_bin_frac;etd_boundary_sharpness;etd_curtain_frac;inlens_p50
local_bright_pore_spearman_512px,Batch_3,cfe5vt7s,-0.0832408435072142,-0.07002587880444541,-0.6497828306457725,25,H;bright_sep;bse_p1;bse_p50;bse_std;bse_empty_bin_frac;etd_boundary_sharpness;etd_curtain_frac;inlens_p50
local_bright_pore_spearman_512px,Batch_3,hawkfj64,-0.20465587044534414,-0.043843293727985906,-0.6497828306457725,25,H;bright_sep;bse_p1;bse_p50;bse_std;bse_empty_bin_frac;etd_boundary_sharpness;etd_curtain_frac;inlens_p50
local_bright_pore_spearman_512px,Batch_3,hzumfsms,-0.2493436640127431,-0.11511996935625043,-0.6497828306457725,25,H;bright_sep;bse_p1;bse_p50;bse_std;bse_empty_bin_frac;etd_boundary_sharpness;etd_curtain_frac;inlens_p50
local_bright_pore_spearman_512px,Batch_3,mgxahqnk,0.057287449392712554,-0.03399361904409911,-0.6497828306457725,25,H;bright_sep;bse_p1;bse_p50;bse_std;bse_empty_bin_frac;etd_boundary_sharpness;etd_curtain_frac;inlens_p50
local_bright_pore_spearman_512px,Batch_3,pl8uabbv,0.025783317681208916,-0.034481150208300865,-0.6497828306457725,25,H;bright_sep;bse_p1;bse_p50;bse_std;bse_empty_bin_frac;etd_boundary_sharpness;etd_curtain_frac;inlens_p50
local_bright_pore_spearman_512px,Batch_3,ptg8lmto,0.3605263157894737,-0.043682476832268474,-0.6497828306457725,25,H;bright_sep;bse_p1;bse_p50;bse_std;bse_empty_bin_frac;etd_boundary_sharpness;etd_curtain_frac;inlens_p50
local_bright_pore_spearman_512px,Batch_3,ufdvpb81,-0.1625544267053701,0.09100014284335445,-0.6497828306457725,25,H;bright_sep;bse_p1;bse_p50;bse_std;bse_empty_bin_frac;etd_boundary_sharpness;etd_curtain_frac;inlens_p50
local_bright_pore_spearman_512px,Batch_3,utfgcjfa,0.10138740670924591,-0.09610061548189495,-0.6497828306457725,25,H;bright_sep;bse_p1;bse_p50;bse_std;bse_empty_bin_frac;etd_boundary_sharpness;etd_curtain_frac;inlens_p50
local_bright_pore_spearman_512px,Batch_3,vc2whyaq,-0.08157776783570486,0.06893822532667804,-0.6497828306457725,25,H;bright_sep;bse_p1;bse_p50;bse_std;bse_empty_bin_frac;etd_boundary_sharpness;etd_curtain_frac;inlens_p50
local_bright_pore_spearman_512px,Batch_3,x77cy643,0.0811935711269025,-0.03881821154715365,-0.6497828306457725,25,H;bright_sep;bse_p1;bse_p50;bse_std;bse_empty_bin_frac;etd_boundary_sharpness;etd_curtain_frac;inlens_p50
local_bright_pore_spearman_512px,Batch_3,xgj4xftb,0.198582995951417,0.2571967714658623,-0.6497828306457725,25,H;bright_sep;bse_p1;bse_p50;bse_std;bse_empty_bin_frac;etd_boundary_sharpness;etd_curtain_frac;inlens_p50
local_bright_std_1024px,Batch_1,f1vzngrs,0.03179892225355478,0.030987394529837762,-0.1341966051643968,29,H;bright_sep;bse_p1;bse_p50;bse_std;bse_empty_bin_frac;etd_boundary_sharpness;etd_curtain_frac;inlens_p50
local_bright_std_1024px,Batch_1,ffwubibz,0.02064269923958947,0.022852693247250942,-0.1341966051643968,29,H;bright_sep;bse_p1;bse_p50;bse_std;bse_empty_bin_frac;etd_boundary_sharpness;etd_curtain_frac;inlens_p50
local_bright_std_1024px,Batch_1,fzrt2k6r,0.031222062509910185,0.03550684979976222,-0.1341966051643968,29,H;bright_sep;bse_p1;bse_p50;bse_std;bse_empty_bin_frac;etd_boundary_sharpness;etd_curtain_frac;inlens_p50
local_bright_std_1024px,Batch_1,iv6g2oq0,0.02370781252626513,0.026531798924816587,-0.1341966051643968,29,H;bright_sep;bse_p1;bse_p50;bse_std;bse_empty_bin_frac;etd_boundary_sharpness;etd_curtain_frac;inlens_p50
local_bright_std_1024px,Batch_1,uhdslk0o,0.03206543366263593,0.02505261812939355,-0.1341966051643968,29,H;bright_sep;bse_p1;bse_p50;bse_std;bse_empty_bin_frac;etd_boundary_sharpness;etd_curtain_frac;inlens_p50
local_bright_std_1024px,Batch_2,3806gxp0,0.030287200061564018,0.0333680598739344,-0.1341966051643968,29,H;bright_sep;bse_p1;bse_p50;bse_std;bse_empty_bin_frac;etd_boundary_sharpness;etd_curtain_frac;inlens_p50
local_bright_std_1024px,Batch_2,avn74qx1,0.022933987996297932,0.024917435153149713,-0.1341966051643968,29,H;bright_sep;bse_p1;bse_p50;bse_std;bse_empty_bin_frac;etd_boundary_sharpness;etd_curtain_frac;inlens_p50
local_bright_std_1024px,Batch_2,b3esycq1,0.03112020296208558,0.032642445525480394,-0.1341966051643968,29,H;bright_sep;bse_p1;bse_p50;bse_std;bse_empty_bin_frac;etd_boundary_sharpness;etd_curtain_frac;inlens_p50
local_bright_std_1024px,Batch_2,epqdaau9,0.042056125889054,0.038265947523556575,-0.1341966051643968,29,H;bright_sep;bse_p1;bse_p50;bse_std;bse_empty_bin_frac;etd_boundary_sharpness;etd_curtain_frac;inlens_p50
local_bright_std_1024px,Batch_2,i9jiqjwl,0.0355699865051279,0.03159759280763598,-0.1341966051643968,29,H;bright_sep;bse_p1;bse_p50;bse_std;bse_empty_bin_frac;etd_boundary_sharpness;etd_curtain_frac;inlens_p50
local_bright_std_1024px,Batch_2,r17byphk,0.024075239952995313,0.0283852082584426,-0.1341966051643968,29,H;bright_sep;bse_p1;bse_p50;bse_std;bse_empty_bin_frac;etd_boundary_sharpness;etd_curtain_frac;inlens_p50
local_bright_std_1024px,Batch_2,rxax5ozo,0.04276138602826895,0.029806648529880332,-0.1341966051643968,29,H;bright_sep;bse_p1;bse_p50;bse_std;bse_empty_bin_frac;etd_boundary_sharpness;etd_curtain_frac;inlens_p50
local_bright_std_1024px,Batch_3,0grcilhi,0.02890382261337987,0.02976448841317675,-0.1341966051643968,29,H;bright_sep;bse_p1;bse_p50;bse_std;bse_empty_bin_frac;etd_boundary_sharpness;etd_curtain_frac;inlens_p50
local_bright_std_1024px,Batch_3,71vgq3fw,0.038599785514029546,0.025106713663555384,-0.1341966051643968,29,H;bright_sep;bse_p1;bse_p50;bse_std;bse_empty_bin_frac;etd_boundary_sharpness;etd_curtain_frac;inlens_p50
local_bright_std_1024px,Batch_3,9luzk4jm,0.02934270758668696,0.026452532523649003,-0.1341966051643968,29,H;bright_sep;bse_p1;bse_p50;bse_std;bse_empty_bin_frac;etd_boundary_sharpness;etd_curtain_frac;inlens_p50
local_bright_std_1024px,Batch_3,cfe5vt7s,0.02721270967101413,0.031039674439491242,-0.1341966051643968,29,H;bright_sep;bse_p1;bse_p50;bse_std;bse_empty_bin_frac;etd_boundary_sharpness;etd_curtain_frac;inlens_p50
local_bright_std_1024px,Batch_3,hawkfj64,0.023707651095651035,0.029601135053003984,-0.1341966051643968,29,H;bright_sep;bse_p1;bse_p50;bse_std;bse_empty_bin_frac;etd_boundary_sharpness;etd_curtain_frac;inlens_p50
local_bright_std_1024px,Batch_3,hzumfsms,0.024193171126192615,0.022114494045509123,-0.1341966051643968,29,H;bright_sep;bse_p1;bse_p50;bse_std;bse_empty_bin_frac;etd_boundary_sharpness;etd_curtain_frac;inlens_p50
local_bright_std_1024px,Batch_3,kbdh4tri,0.019200494601157744,0.030339686088471936,-0.1341966051643968,29,H;bright_sep;bse_p1;bse_p50;bse_std;bse_empty_bin_frac;etd_boundary_sharpness;etd_curtain_frac;inlens_p50
local_bright_std_1024px,Batch_3,mgxahqnk,0.033867456662490754,0.0275867356056704,-0.1341966051643968,29,H;bright_sep;bse_p1;bse_p50;bse_std;bse_empty_bin_frac;etd_boundary_sharpness;etd_curtain_frac;inlens_p50
local_bright_std_1024px,Batch_3,pl8uabbv,0.022659415989168465,0.03284469779614233,-0.1341966051643968,29,H;bright_sep;bse_p1;bse_p50;bse_std;bse_empty_bin_frac;etd_boundary_sharpness;etd_curtain_frac;inlens_p50
local_bright_std_1024px,Batch_3,ptg8lmto,0.02130717720509619,0.03595069836550623,-0.1341966051643968,29,H;bright_sep;bse_p1;bse_p50;bse_std;bse_empty_bin_frac;etd_boundary_sharpness;etd_curtain_frac;inlens_p50
local_bright_std_1024px,Batch_3,tuy3zymq,0.017773214139035775,0.03187981152337233,-0.1341966051643968,29,H;bright_sep;bse_p1;bse_p50;bse_std;bse_empty_bin_frac;etd_boundary_sharpness;etd_curtain_frac;inlens_p50
local_bright_std_1024px,Batch_3,ufdvpb81,0.03410617678764124,0.03137398295320254,-0.1341966051643968,29,H;bright_sep;bse_p1;bse_p50;bse_std;bse_empty_bin_frac;etd_boundary_sharpness;etd_curtain_frac;inlens_p50
local_bright_std_1024px,Batch_3,utfgcjfa,0.039755526335399,0.03145701492320782,-0.1341966051643968,29,H;bright_sep;bse_p1;bse_p50;bse_std;bse_empty_bin_frac;etd_boundary_sharpness;etd_curtain_frac;inlens_p50
local_bright_std_1024px,Batch_3,vc2whyaq,0.031719226316393685,0.03223363725809634,-0.1341966051643968,29,H;bright_sep;bse_p1;bse_p50;bse_std;bse_empty_bin_frac;etd_boundary_sharpness;etd_curtain_frac;inlens_p50
local_bright_std_1024px,Batch_3,x77cy643,0.031304621055803006,0.03585022626924514,-0.1341966051643968,29,H;bright_sep;bse_p1;bse_p50;bse_std;bse_empty_bin_frac;etd_boundary_sharpness;etd_curtain_frac;inlens_p50
local_bright_std_1024px,Batch_3,x7u69zsw,0.037900842400062015,0.024426525851514128,-0.1341966051643968,29,H;bright_sep;bse_p1;bse_p50;bse_std;bse_empty_bin_frac;etd_boundary_sharpness;etd_curtain_frac;inlens_p50
local_bright_std_1024px,Batch_3,xgj4xftb,0.03732744028477578,0.03218432556871789,-0.1341966051643968,29,H;bright_sep;bse_p1;bse_p50;bse_std;bse_empty_bin_frac;etd_boundary_sharpness;etd_curtain_frac;inlens_p50
local_bright_pore_spearman_1024px,Batch_1,f1vzngrs,-0.027972027972027972,-0.214082411959734,-0.27539327003082503,25,H;bright_sep;bse_p1;bse_p50;bse_std;bse_empty_bin_frac;etd_boundary_sharpness;etd_curtain_frac;inlens_p50
local_bright_pore_spearman_1024px,Batch_1,ffwubibz,0.16083916083916086,0.11637017710947954,-0.27539327003082503,25,H;bright_sep;bse_p1;bse_p50;bse_std;bse_empty_bin_frac;etd_boundary_sharpness;etd_curtain_frac;inlens_p50
local_bright_pore_spearman_1024px,Batch_1,fzrt2k6r,0.1398601398601399,-0.014592967323301273,-0.27539327003082503,25,H;bright_sep;bse_p1;bse_p50;bse_std;bse_empty_bin_frac;etd_boundary_sharpness;etd_curtain_frac;inlens_p50
local_bright_pore_spearman_1024px,Batch_1,iv6g2oq0,0.028571428571428574,0.4702484440833294,-0.27539327003082503,25,H;bright_sep;bse_p1;bse_p50;bse_std;bse_empty_bin_frac;etd_boundary_sharpness;etd_curtain_frac;inlens_p50
local_bright_pore_spearman_1024px,Batch_1,uhdslk0o,0.942857142857143,0.08378785185393944,-0.27539327003082503,25,H;bright_sep;bse_p1;bse_p50;bse_std;bse_empty_bin_frac;etd_boundary_sharpness;etd_curtain_frac;inlens_p50
local_bright_pore_spearman_1024px,Batch_2,3806gxp0,0.1258741258741259,-0.5447010161369302,-0.27539327003082503,25,H;bright_sep;bse_p1;bse_p50;bse_std;bse_empty_bin_frac;etd_boundary_sharpness;etd_curtain_frac;inlens_p50
local_bright_pore_spearman_1024px,Batch_2,avn74qx1,0.16083916083916086,-0.22651887502946227,-0.27539327003082503,25,H;bright_sep;bse_p1;bse_p50;bse_std;bse_empty_bin_frac;etd_boundary_sharpness;etd_curtain_frac;inlens_p50
local_bright_pore_spearman_1024px,Batch_2,b3esycq1,0.4685314685314686,-0.014573375527948879,-0.27539327003082503,25,H;bright_sep;bse_p1;bse_p50;bse_std;bse_empty_bin_frac;etd_boundary_sharpness;etd_curtain_frac;inlens_p50
local_bright_pore_spearman_1024px,Batch_2,epqdaau9,-0.6363636363636365,-0.3050954828723937,-0.27539327003082503,25,H;bright_sep;bse_p1;bse_p50;bse_std;bse_empty_bin_frac;etd_boundary_sharpness;etd_curtain_frac;inlens_p50
local_bright_pore_spearman_1024px,Batch_2,i9jiqjwl,-0.2377622377622378,-0.1406665059992266,-0.27539327003082503,25,H;bright_sep;bse_p1;bse_p50;bse_std;bse_empty_bin_frac;etd_boundary_sharpness;etd_curtain_frac;inlens_p50
local_bright_pore_spearman_1024px,Batch_2,r17byphk,-0.5454545454545455,0.13249866968220575,-0.27539327003082503,25,H;bright_sep;bse_p1;bse_p50;bse_std;bse_empty_bin_frac;etd_boundary_sharpness;etd_curtain_frac;inlens_p50
local_bright_pore_spearman_1024px,Batch_2,rxax5ozo,-0.2937062937062937,0.035550892894458036,-0.27539327003082503,25,H;bright_sep;bse_p1;bse_p50;bse_std;bse_empty_bin_frac;etd_boundary_sharpness;etd_curtain_frac;inlens_p50
local_bright_pore_spearman_1024px,Batch_3,0grcilhi,0.028571428571428574,0.267663982797528,-0.27539327003082503,25,H;bright_sep;bse_p1;bse_p50;bse_std;bse_empty_bin_frac;etd_boundary_sharpness;etd_curtain_frac;inlens_p50
local_bright_pore_spearman_1024px,Batch_3,9luzk4jm,-0.44755244755244755,-0.9266226552538733,-0.27539327003082503,25,H;bright_sep;bse_p1;bse_p50;bse_std;bse_empty_bin_frac;etd_boundary_sharpness;etd_curtain_frac;inlens_p50
local_bright_pore_spearman_1024px,Batch_3,cfe5vt7s,-0.3636363636363637,-0.10188074321613345,-0.27539327003082503,25,H;bright_sep;bse_p1;bse_p50;bse_std;bse_empty_bin_frac;etd_boundary_sharpness;etd_curtain_frac;inlens_p50
local_bright_pore_spearman_1024px,Batch_3,hawkfj64,0.6,-0.13918857352734404,-0.27539327003082503,25,H;bright_sep;bse_p1;bse_p50;bse_std;bse_empty_bin_frac;etd_boundary_sharpness;etd_curtain_frac;inlens_p50
local_bright_pore_spearman_1024px,Batch_3,hzumfsms,-0.44755244755244755,-0.19525789347514522,-0.27539327003082503,25,H;bright_sep;bse_p1;bse_p50;bse_std;bse_empty_bin_frac;etd_boundary_sharpness;etd_curtain_frac;inlens_p50
local_bright_pore_spearman_1024px,Batch_3,mgxahqnk,0.14285714285714288,0.08430410687396737,-0.27539327003082503,25,H;bright_sep;bse_p1;bse_p50;bse_std;bse_empty_bin_frac;etd_boundary_sharpness;etd_curtain_frac;inlens_p50
local_bright_pore_spearman_1024px,Batch_3,pl8uabbv,-0.35664335664335667,-0.16771560835315025,-0.27539327003082503,25,H;bright_sep;bse_p1;bse_p50;bse_std;bse_empty_bin_frac;etd_boundary_sharpness;etd_curtain_frac;inlens_p50
local_bright_pore_spearman_1024px,Batch_3,ptg8lmto,-0.5428571428571429,0.056113151569687394,-0.27539327003082503,25,H;bright_sep;bse_p1;bse_p50;bse_std;bse_empty_bin_frac;etd_boundary_sharpness;etd_curtain_frac;inlens_p50
local_bright_pore_spearman_1024px,Batch_3,ufdvpb81,-0.7622377622377624,0.08765857297072464,-0.27539327003082503,25,H;bright_sep;bse_p1;bse_p50;bse_std;bse_empty_bin_frac;etd_boundary_sharpness;etd_curtain_frac;inlens_p50
local_bright_pore_spearman_1024px,Batch_3,utfgcjfa,0.02097902097902098,-0.20526721784385676,-0.27539327003082503,25,H;bright_sep;bse_p1;bse_p50;bse_std;bse_empty_bin_frac;etd_boundary_sharpness;etd_curtain_frac;inlens_p50
local_bright_pore_spearman_1024px,Batch_3,vc2whyaq,-0.6083916083916086,0.11299852628296314,-0.27539327003082503,25,H;bright_sep;bse_p1;bse_p50;bse_std;bse_empty_bin_frac;etd_boundary_sharpness;etd_curtain_frac;inlens_p50
local_bright_pore_spearman_1024px,Batch_3,x77cy643,0.1258741258741259,-0.06340375770162662,-0.27539327003082503,25,H;bright_sep;bse_p1;bse_p50;bse_std;bse_empty_bin_frac;etd_boundary_sharpness;etd_curtain_frac;inlens_p50
local_bright_pore_spearman_1024px,Batch_3,xgj4xftb,-0.14285714285714288,-0.3697161711946761,-0.27539327003082503,25,H;bright_sep;bse_p1;bse_p50;bse_std;bse_empty_bin_frac;etd_boundary_sharpness;etd_curtain_frac;inlens_p50
