detector,sigma_px,group,n_sites,horizontal_alignment_site_median,alignment_strength_site_median,local_coherence_site_median
BSE,3,Batch_1,7,0.0881524165496115,0.1126868548217358,0.3619503577918576
BSE,3,Batch_2,7,0.1670812816028372,0.1670882524914761,0.3639502226833879
BSE,3,Batch_3,17,0.1132468095828287,0.1309026100574019,0.372427176220564
BSE,3,grey_pore,4,0.11854422440110644,0.1194322391559389,0.3808055105177055
BSE,3,ordinary,25,0.1205358604834514,0.1393518447590081,0.3665995709988473
BSE,12,Batch_1,7,0.1583322499387472,0.1647774174057201,0.4035258734930557
BSE,12,Batch_2,7,0.2426393635788607,0.2538934312356357,0.4289705536493253
BSE,12,Batch_3,17,0.1490644071520939,0.1582406177165871,0.3933835289570563
BSE,12,grey_pore,4,0.13235039284625494,0.13327041246348248,0.3729813955900725
BSE,12,ordinary,25,0.1678072734836838,0.1917372696780204,0.4050557159981416
ETD,3,Batch_1,7,-0.0107922691110386,0.0740350673543599,0.4756627742091031
ETD,3,Batch_2,7,0.0805908409935744,0.1040607013815702,0.4868410816296902
ETD,3,Batch_3,17,0.0593367506697134,0.0952758007811293,0.5241717412014801
ETD,3,grey_pore,4,0.05036198959202935,0.0734281527610112,0.5541644534689151
ETD,3,ordinary,25,0.0633742537170611,0.1040607013815702,0.4926277365044759
ETD,12,Batch_1,7,0.1161331398978838,0.1174726956929805,0.4037281760457878
ETD,12,Batch_2,7,0.2220531012785906,0.2285391041321244,0.4114243220470462
ETD,12,Batch_3,17,0.115203700593614,0.144541436781424,0.4223690092516166
ETD,12,grey_pore,4,0.08701130733700545,0.10512387354725194,0.4025582208517038
ETD,12,ordinary,25,0.1644377526521629,0.1941653941135749,0.4114243220470462
Inlens,3,Batch_1,7,0.0953367339235958,0.1150395160269101,0.5026578035433993
Inlens,3,Batch_2,7,0.1100936488324792,0.136933107673036,0.5119234164813865
Inlens,3,Batch_3,17,0.1581552930818203,0.1664028114347879,0.5397507535502107
Inlens,3,grey_pore,4,0.17301390316457926,0.17428900083852567,0.5611667219889075
Inlens,3,ordinary,25,0.1364687953940804,0.1433333201433178,0.5174345562584755
Inlens,12,Batch_1,7,0.1523852771399411,0.1568407764732025,0.3814846408235349
Inlens,12,Batch_2,7,0.1739568799938919,0.1826641205352629,0.4129398964125833
Inlens,12,Batch_3,17,0.1902970877688115,0.1962571230757634,0.4246179575899863
Inlens,12,grey_pore,4,0.22554206695982543,0.23013277937884363,0.42735908329287264
Inlens,12,ordinary,25,0.1848404804761789,0.1917969228059873,0.414900825931206
