batch,site,grey_pore,bright_low_contrast,bright_interior_sampled_pixels,inlens_sampled_raw_iqr_gradient_rms,inlens_sampled_local_normalised_gradient_rms,inlens_sampled_bright_saturation_fraction,inlens_local_normalisation_floor_fraction
Batch_1,4ih2ggld,False,True,28150,0.05996297955823121,0.10260084794095592,0.0004262877442273535,0.0
Batch_1,5n1q8atc,False,True,60245,0.09638771900366774,0.10473750147389613,0.014308241347829695,0.0
Batch_1,f1vzngrs,False,False,28729,0.05121444814403328,0.04973802867366021,0.026697761843433466,0.0
Batch_1,ffwubibz,False,False,5841,0.08862685369717892,0.0826005194054335,0.0,0.0
Batch_1,fzrt2k6r,False,False,50243,0.05707064584763136,0.0715928526772861,0.058117548713253586,0.0
Batch_1,iv6g2oq0,False,False,63321,0.052155877158164665,0.08274578891554997,0.0,0.0
Batch_1,uhdslk0o,False,False,13512,0.08465512872713665,0.0696761241635516,0.0834073416222617,0.0
Batch_2,3806gxp0,False,False,28675,0.055414827436078326,0.10463348705412528,0.0005928509154315605,0.0
Batch_2,avn74qx1,False,False,36343,0.03176252049398272,0.07411718209020939,0.0002751561511157582,0.0
Batch_2,b3esycq1,False,False,22659,0.06636833263092727,0.06371370828197082,0.22260470453241538,0.0
Batch_2,epqdaau9,False,False,13763,0.0733969951791158,0.09749944479290079,0.006611930538400058,0.0
Batch_2,i9jiqjwl,False,False,55882,0.05223253879783985,0.06024603382679292,0.10149958841845316,0.0
Batch_2,r17byphk,False,False,44601,0.024156707515007765,0.06204289587655471,0.0,0.0
Batch_2,rxax5ozo,False,False,45970,0.053455976985331895,0.09976471915591498,0.13517511420491626,0.0
Batch_3,0grcilhi,False,False,56365,0.0227515963159426,0.07067831638483378,0.0003548301250776191,0.0
Batch_3,71vgq3fw,True,False,12845,0.02596485445245348,0.03885777639444297,0.0,0.0
Batch_3,9luzk4jm,False,False,21960,0.06567793680852262,0.07577433446991648,0.0,0.0
Batch_3,cfe5vt7s,False,False,77779,0.05524956471916327,0.10147878135930896,0.005322773499273583,0.0
Batch_3,hawkfj64,False,False,20871,0.019681887855698087,0.07043618600663074,0.0,0.0
Batch_3,hzumfsms,False,False,67373,0.08339452943803775,0.0673020234840398,0.00041559675240823474,0.0
Batch_3,kbdh4tri,True,False,33972,0.023756491606271968,0.05814301483208766,0.00017661603673613564,0.0
Batch_3,mgxahqnk,False,False,26995,0.0220358875394406,0.06425026701254627,0.05601037229116503,0.0
Batch_3,pl8uabbv,False,False,41614,0.06078832615994601,0.09524287982055181,0.08941702311722016,0.0
Batch_3,ptg8lmto,False,False,21360,0.07020485945664946,0.057212372324142245,0.002153558052434457,0.0
Batch_3,tuy3zymq,True,False,29463,0.027953095792536214,0.05098194212402474,0.0,0.0
Batch_3,ufdvpb81,False,False,35796,0.10457782519157398,0.09029013077737667,0.0005587216448765225,0.0
Batch_3,utfgcjfa,False,False,55006,0.021572698665377112,0.07844921070047352,0.03323273824673672,0.0
Batch_3,vc2whyaq,False,False,39497,0.03600697631199226,0.06257106258270334,0.05729549079676938,0.0
Batch_3,x77cy643,False,False,76221,0.03391503702939159,0.08819062191410837,0.036669684207764265,0.0
Batch_3,x7u69zsw,True,False,55728,0.03689669093285602,0.08981461024109938,0.0,0.0
Batch_3,xgj4xftb,False,False,45091,0.02321848559340638,0.07715012796198331,0.00015524162249672883,0.0
