batch,site,threshold_offset,depth_bin,y0_trimmed,y1_trimmed,y0_raw,y1_raw,long_void_area_share,internal_long_void_area_share,pore_area_frac
Batch_1,4ih2ggld,-5,0,0,231,0,231,0.0023920449678095325,0.0025448741467427247,0.08147698499328002
Batch_1,4ih2ggld,-5,1,231,463,231,463,0.18418526596948112,0.19595297240832962,0.12790560123025965
Batch_1,4ih2ggld,-5,2,463,694,463,694,0.03279671571566954,0.03489211743343951,0.07464314797076375
Batch_1,4ih2ggld,-5,3,694,926,694,926,0.0,0.0,0.07779507008931212
Batch_1,4ih2ggld,-5,4,926,1158,926,1158,0.11429977221757286,0.12160245280064685,0.09912006368170974
Batch_1,4ih2ggld,-5,5,1158,1389,1158,1389,0.3070603766207807,0.32667864712714323,0.1454009588657959
Batch_1,4ih2ggld,-5,6,1389,1621,1389,1621,0.15374325384012177,0.10917954098789724,0.06251601900593443
Batch_1,4ih2ggld,-5,7,1621,1852,1621,1852,0.10713901317711456,0.10448005346806288,0.08345461475821682
Batch_1,4ih2ggld,-5,8,1852,2084,1852,2084,0.05838654480196987,0.06211689595460823,0.06822741073717001
Batch_1,4ih2ggld,-5,9,2084,2316,2084,2316,0.039997012689480055,0.04255244567312973,0.07073068847223044
Batch_1,4ih2ggld,0,0,0,231,0,231,0.027013852283073708,0.02842319755756619,0.09646947297033061
Batch_1,4ih2ggld,0,1,231,463,231,463,0.1976714019673778,0.2079841575620171,0.14940926835038743
Batch_1,4ih2ggld,0,2,463,694,463,694,0.0688615283944538,0.07245411743433178,0.08777743125942097
Batch_1,4ih2ggld,0,3,694,926,694,926,0.023375211303912447,0.0245947242873337,0.08927268784132805
Batch_1,4ih2ggld,0,4,926,1158,926,1158,0.13747684538750204,0.14464917832131358,0.11515077581277972
Batch_1,4ih2ggld,0,5,1158,1389,1158,1389,0.24773989500488292,0.26066478430499823,0.15761573094334672
Batch_1,4ih2ggld,0,6,1389,1621,1389,1621,0.12626513828322905,0.08824265774631236,0.07188282466828336
Batch_1,4ih2ggld,0,7,1621,1852,1621,1852,0.08244446610957895,0.07918437176179316,0.09270294218836243
Batch_1,4ih2ggld,0,8,1852,2084,1852,2084,0.05407232005499272,0.05689333824787365,0.0795183454584886
Batch_1,4ih2ggld,0,9,2084,2316,2084,2316,0.03507934121099656,0.03690947277646028,0.08119787661915183
Batch_1,4ih2ggld,5,0,0,231,0,231,0.02426437500969799,0.026021440100761097,0.11439375375910539
Batch_1,4ih2ggld,5,1,231,463,231,463,0.22973249059941347,0.21207204191570903,0.17207924232566393
Batch_1,4ih2ggld,5,2,463,694,463,694,0.06914538711796378,0.06749036216693095,0.10266534494664854
Batch_1,4ih2ggld,5,3,694,926,694,926,0.021530834441059486,0.023617300725922438,0.10385614439778396
Batch_1,4ih2ggld,5,4,926,1158,926,1158,0.14265228432959723,0.15647614157615095,0.13401007472250154
Batch_1,4ih2ggld,5,5,1158,1389,1158,1389,0.21379933691598693,0.23451776793743281,0.1722629381291474
Batch_1,4ih2ggld,5,6,1389,1621,1389,1621,0.10646067270442074,0.07624738665085655,0.08307764535399538
Batch_1,4ih2ggld,5,7,1621,1852,1621,1852,0.0807868562473169,0.08111240025303744,0.10378410421292068
Batch_1,4ih2ggld,5,8,1852,2084,1852,2084,0.06529463791578523,0.07162207780050324,0.09449303542911221
Batch_1,4ih2ggld,5,9,2084,2316,2084,2316,0.046333124718758244,0.0508230808726955,0.09266378817452338
Batch_1,5n1q8atc,-5,0,0,231,0,231,0.0,0.0,0.037423005565862706
Batch_1,5n1q8atc,-5,1,231,463,231,463,0.0,0.0,0.06706280788177339
Batch_1,5n1q8atc,-5,2,463,694,463,694,0.09687235841081995,0.09687235841081995,0.03961781076066791
Batch_1,5n1q8atc,-5,3,694,926,694,926,0.2881294529646178,0.2881294529646178,0.0949673645320197
Batch_1,5n1q8atc,-5,4,926,1158,926,1158,0.0,0.0,0.04586761083743842
Batch_1,5n1q8atc,-5,5,1158,1389,1158,1389,0.0463229078613694,0.0463229078613694,0.038136672850958564
Batch_1,5n1q8atc,-5,6,1389,1621,1389,1621,0.14161333172322182,0.14161333172322182,0.05641440886699507
Batch_1,5n1q8atc,-5,7,1621,1852,1621,1852,0.0345127400072455,0.0345127400072455,0.058499072356215216
Batch_1,5n1q8atc,-5,8,1852,2084,1852,2084,0.2158434971621785,0.2158434971621785,0.05967179802955665
Batch_1,5n1q8atc,-5,9,2084,2316,2084,2316,0.17670571187054704,0.17670571187054704,0.05589532019704434
Batch_1,5n1q8atc,0,0,0,231,0,231,0.0,0.0,0.047970933828076684
Batch_1,5n1q8atc,0,1,231,463,231,463,0.0,0.0,0.08085652709359606
Batch_1,5n1q8atc,0,2,463,694,463,694,0.06222705785247993,0.10610422344195806,0.04890228818800248
Batch_1,5n1q8atc,0,3,694,926,694,926,0.18148120357169656,0.30944612904463975,0.10675123152709359
Batch_1,5n1q8atc,0,4,926,1158,926,1158,0.0,0.0,0.05445935960591133
Batch_1,5n1q8atc,0,5,1158,1389,1158,1389,0.030742102498686877,0.052418787343748004,0.045401360544217687
Batch_1,5n1q8atc,0,6,1389,1621,1389,1621,0.09474750506490583,0.16155529113729705,0.06600677339901478
Batch_1,5n1q8atc,0,7,1621,1852,1621,1852,0.22669768139866436,0.34817487429470695,0.07023191094619666
Batch_1,5n1q8atc,0,8,1852,2084,1852,2084,0.16544608689127335,0.022300694737650173,0.06891995073891626
Batch_1,5n1q8atc,0,9,2084,2316,2084,2316,0.2386583627222931,0.0,0.06457820197044335
Batch_1,5n1q8atc,5,0,0,231,0,231,0.03228788262377316,0.051381510526463725,0.06358070500927644
Batch_1,5n1q8atc,5,1,231,463,231,463,0.08657203247628749,0.13776690933280866,0.09657697044334976
Batch_1,5n1q8atc,5,2,463,694,463,694,0.054042756127573637,0.08600125549278091,0.06254730983302412
Batch_1,5n1q8atc,5,3,694,926,694,926,0.1471265315254317,0.23413066494270643,0.1208134236453202
Batch_1,5n1q8atc,5,4,926,1158,926,1158,0.0,0.0,0.06639347290640395
Batch_1,5n1q8atc,5,5,1158,1389,1158,1389,0.026464994966057687,0.04211522425537098,0.05607235621521336
Batch_1,5n1q8atc,5,6,1389,1621,1389,1621,0.08024280676137936,0.12769485903814262,0.07903756157635468
Batch_1,5n1q8atc,5,7,1621,1852,1621,1852,0.20783999717392712,0.3015525011477453,0.08291341991341991
Batch_1,5n1q8atc,5,8,1852,2084,1852,2084,0.16044439995996396,0.01935707526398141,0.08086083743842365
Batch_1,5n1q8atc,5,9,2084,2316,2084,2316,0.20497859838560586,0.0,0.0746564039408867
Batch_1,f1vzngrs,-5,0,0,214,0,214,,,0.044144859813084115
Batch_1,f1vzngrs,-5,1,214,429,214,429,,,0.04323388704318937
Batch_1,f1vzngrs,-5,2,429,644,429,644,,,0.04973222591362126
Batch_1,f1vzngrs,-5,3,644,859,644,859,,,0.049782059800664455
Batch_1,f1vzngrs,-5,4,859,1074,859,1074,,,0.04884119601328904
Batch_1,f1vzngrs,-5,5,1074,1288,1074,1288,,,0.05967690253671562
Batch_1,f1vzngrs,-5,6,1288,1503,1288,1503,,,0.058977408637873756
Batch_1,f1vzngrs,-5,7,1503,1718,1503,1718,,,0.06033621262458472
Batch_1,f1vzngrs,-5,8,1718,1933,1718,1933,,,0.06391760797342193
Batch_1,f1vzngrs,-5,9,1933,2148,1933,2148,,,0.04004451827242525
Batch_1,f1vzngrs,0,0,0,214,0,214,0.0,0.0,0.055610814419225635
Batch_1,f1vzngrs,0,1,214,429,214,429,0.0,0.0,0.05327375415282392
Batch_1,f1vzngrs,0,2,429,644,429,644,0.0,0.0,0.061805980066445186
Batch_1,f1vzngrs,0,3,644,859,644,859,0.0,0.0,0.06003388704318937
Batch_1,f1vzngrs,0,4,859,1074,859,1074,0.0,0.0,0.05740332225913621
Batch_1,f1vzngrs,0,5,1074,1288,1074,1288,0.0,0.0,0.06960680907877169
Batch_1,f1vzngrs,0,6,1288,1503,1288,1503,0.0,0.0,0.06632691029900332
Batch_1,f1vzngrs,0,7,1503,1718,1503,1718,0.24763079960513326,0.24763079960513326,0.07139401993355482
Batch_1,f1vzngrs,0,8,1718,1933,1718,1933,0.7523692003948668,0.7523692003948668,0.07415348837209303
Batch_1,f1vzngrs,0,9,1933,2148,1933,2148,0.0,0.0,0.04841129568106312
Batch_1,f1vzngrs,5,0,0,214,0,214,0.0,0.0,0.07205674232309746
Batch_1,f1vzngrs,5,1,214,429,214,429,0.0,0.0,0.06788504983388705
Batch_1,f1vzngrs,5,2,429,644,429,644,0.0,0.0,0.07757408637873754
Batch_1,f1vzngrs,5,3,644,859,644,859,0.0,0.0,0.07345315614617941
Batch_1,f1vzngrs,5,4,859,1074,859,1074,0.0,0.0,0.06794352159468439
Batch_1,f1vzngrs,5,5,1074,1288,1074,1288,0.0,0.0,0.08133911882510013
Batch_1,f1vzngrs,5,6,1288,1503,1288,1503,0.0,0.0,0.07532624584717608
Batch_1,f1vzngrs,5,7,1503,1718,1503,1718,0.18861476370264288,0.18861476370264288,0.08438604651162791
Batch_1,f1vzngrs,5,8,1718,1933,1718,1933,0.8113852362973571,0.8113852362973571,0.08507906976744187
Batch_1,f1vzngrs,5,9,1933,2148,1933,2148,0.0,0.0,0.057958803986710966
Batch_1,ffwubibz,-5,0,0,208,0,208,0.0,0.0,0.044910027472527474
Batch_1,ffwubibz,-5,1,208,416,208,416,0.0,0.0,0.09074656593406594
Batch_1,ffwubibz,-5,2,416,624,416,624,0.17742112926710887,0.2918955751458626,0.07369848901098901
Batch_1,ffwubibz,-5,3,624,832,624,832,0.23588416113897429,0.38807972403219626,0.08478708791208792
Batch_1,ffwubibz,-5,4,832,1040,832,1040,0.16489241223103057,0.2712831651122184,0.05797252747252747
Batch_1,ffwubibz,-5,5,1040,1248,1040,1248,0.0500954538100631,0.048741535709722755,0.06372939560439561
Batch_1,ffwubibz,-5,6,1248,1456,1248,1456,0.14365313056139783,0.0,0.08683379120879121
Batch_1,ffwubibz,-5,7,1456,1664,1456,1664,0.010490211939815563,0.0,0.06322733516483517
Batch_1,ffwubibz,-5,8,1664,1872,1664,1872,0.148480828344928,0.0,0.07280631868131868
Batch_1,ffwubibz,-5,9,1872,2080,1872,2080,0.06908267270668177,0.0,0.07356593406593406
Batch_1,ffwubibz,0,0,0,208,0,208,0.09001502466438269,0.02455794126934007,0.05590384615384615
Batch_1,ffwubibz,0,1,208,416,208,416,0.14109888356549913,0.14729239027470792,0.103125
Batch_1,ffwubibz,0,2,416,624,416,624,0.13261149940832073,0.23619355857278182,0.08525755494505495
Batch_1,ffwubibz,0,3,624,832,624,832,0.1918015857890608,0.3416166719292706,0.0958440934065934
Batch_1,ffwubibz,0,4,832,1040,832,1040,0.11817629825953224,0.21048310704136405,0.06778296703296703
Batch_1,ffwubibz,0,5,1040,1248,1040,1248,0.041328907188349015,0.03985633091253552,0.07513255494505494
Batch_1,ffwubibz,0,6,1248,1456,1248,1456,0.11643450088419485,0.0,0.10119093406593406
Batch_1,ffwubibz,0,7,1456,1664,1456,1664,0.00789792092328557,0.0,0.07192513736263736
Batch_1,ffwubibz,0,8,1664,1872,1664,1872,0.11181630020963618,0.0,0.08492376373626373
Batch_1,ffwubibz,0,9,1872,2080,1872,2080,0.04881907910773881,0.0,0.08394024725274725
Batch_1,ffwubibz,5,0,0,208,0,208,0.0779016417320377,0.0340586495167253,0.07037087912087912
Batch_1,ffwubibz,5,1,208,416,208,416,0.13128654362346281,0.13297421913178423,0.11879395604395604
Batch_1,ffwubibz,5,2,416,624,416,624,0.17822104080401174,0.2556114702667617,0.0993021978021978
Batch_1,ffwubibz,5,3,624,832,624,832,0.19548627728417153,0.2803739363666546,0.10855013736263737
Batch_1,ffwubibz,5,4,832,1040,832,1040,0.09978620029547015,0.14311720577318357,0.079875
Batch_1,ffwubibz,5,5,1040,1248,1040,1248,0.06715703614307414,0.07957339023453092,0.0888701923076923
Batch_1,ffwubibz,5,6,1248,1456,1248,1456,0.12593114713165068,0.07429112871035973,0.11635302197802198
Batch_1,ffwubibz,5,7,1456,1664,1456,1664,0.007051228698058637,0.0,0.0821304945054945
Batch_1,ffwubibz,5,8,1664,1872,1664,1872,0.07566740881000437,0.0,0.09793063186813186
Batch_1,ffwubibz,5,9,1872,2080,1872,2080,0.04151147547805822,0.0,0.09631799450549451
Batch_1,fzrt2k6r,-5,0,0,215,0,215,0.05653893032533809,0.0,0.079356146179402
Batch_1,fzrt2k6r,-5,1,215,431,215,431,0.0,0.0,0.07126388888888889
Batch_1,fzrt2k6r,-5,2,431,646,431,646,0.04555638536221061,0.057255583953321115,0.06651694352159468
Batch_1,fzrt2k6r,-5,3,646,862,646,862,0.1370441855878749,0.17223809156180037,0.09346031746031747
Batch_1,fzrt2k6r,-5,4,862,1078,862,1078,0.18102286063451112,0.19000272239310545,0.08621693121693122
Batch_1,fzrt2k6r,-5,5,1078,1293,1078,1293,0.4303366536376245,0.4094885557907739,0.14049435215946843
Batch_1,fzrt2k6r,-5,6,1293,1509,1293,1509,0.10270312212059785,0.11219916540366588,0.09881679894179894
Batch_1,fzrt2k6r,-5,7,1509,1724,1509,1724,0.04679786233184292,0.05881588089733327,0.07353156146179401
Batch_1,fzrt2k6r,-5,8,1724,1940,1724,1940,0.0,0.0,0.06224801587301587
Batch_1,fzrt2k6r,-5,9,1940,2156,1940,2156,0.0,0.0,0.053325396825396824
Batch_1,fzrt2k6r,0,0,0,215,0,215,0.052322678023353025,0.0,0.09349169435215947
Batch_1,fzrt2k6r,0,1,215,431,215,431,0.0,0.0,0.08542791005291005
Batch_1,fzrt2k6r,0,2,431,646,431,646,0.04054797133895557,0.0514718975476684,0.07612358803986712
Batch_1,fzrt2k6r,0,3,646,862,646,862,0.14481458413991616,0.18382871428876685,0.10820965608465609
Batch_1,fzrt2k6r,0,4,862,1078,862,1078,0.17038957249706824,0.1824825316780273,0.09794246031746032
Batch_1,fzrt2k6r,0,5,1078,1293,1078,1293,0.43471869196110446,0.41828529099624634,0.16161262458471762
Batch_1,fzrt2k6r,0,6,1293,1509,1293,1509,0.1142850730273088,0.10944678305091989,0.11382870370370371
Batch_1,fzrt2k6r,0,7,1509,1724,1509,1724,0.042921429012293726,0.05448478243837119,0.0847029900332226
Batch_1,fzrt2k6r,0,8,1724,1940,1724,1940,0.0,0.0,0.07461044973544974
Batch_1,fzrt2k6r,0,9,1940,2156,1940,2156,0.0,0.0,0.06441203703703703
Batch_1,fzrt2k6r,5,0,0,215,0,215,0.04516684734314668,0.0,0.114043853820598
Batch_1,fzrt2k6r,5,1,215,431,215,431,0.015904075561403868,0.019711565545603063,0.10428373015873016
Batch_1,fzrt2k6r,5,2,431,646,431,646,0.08644062789053959,0.10713480930651795,0.09227441860465116
Batch_1,fzrt2k6r,5,3,646,862,646,862,0.17088813285062032,0.21005858824854937,0.12918584656084656
Batch_1,fzrt2k6r,5,4,862,1078,862,1078,0.15615447725408113,0.16443580643344036,0.11401124338624338
Batch_1,fzrt2k6r,5,5,1078,1293,1078,1293,0.38489090095065376,0.35994028505436315,0.18274285714285715
Batch_1,fzrt2k6r,5,6,1293,1509,1293,1509,0.10474235988482158,0.09433271364993522,0.13225066137566138
Batch_1,fzrt2k6r,5,7,1509,1724,1509,1724,0.03581257826473309,0.0443862317615909,0.0994265780730897
Batch_1,fzrt2k6r,5,8,1724,1940,1724,1940,0.0,0.0,0.0889021164021164
Batch_1,fzrt2k6r,5,9,1940,2156,1940,2156,0.0,0.0,0.07649470899470899
Batch_1,iv6g2oq0,-5,0,0,178,0,178,0.07398972930735154,0.08571680169073617,0.08471522665633476
Batch_1,iv6g2oq0,-5,1,178,356,178,356,0.005159670048677853,0.005977456851003875,0.08818852511946274
Batch_1,iv6g2oq0,-5,2,356,534,356,534,0.08453406385585761,0.09793237055301163,0.12556341211416763
Batch_1,iv6g2oq0,-5,3,534,712,534,712,0.22046415747179207,0.25540683339203946,0.16534127599121787
Batch_1,iv6g2oq0,-5,4,712,890,712,890,0.03270628798681654,0.03789010214864389,0.05996868138964226
Batch_1,iv6g2oq0,-5,5,890,1068,890,1068,0.07453093217633484,0.08634378302219091,0.07756602737956864
Batch_1,iv6g2oq0,-5,6,1068,1246,1068,1246,0.14607612717659327,0.16922860162028883,0.10550416505230531
Batch_1,iv6g2oq0,-5,7,1246,1424,1246,1424,0.1475416315746267,0.17092638252905953,0.07824325196952085
Batch_1,iv6g2oq0,-5,8,1424,1602,1424,1602,0.10301097304019191,0.0905776681930257,0.07409111455508201
Batch_1,iv6g2oq0,-5,9,1602,1780,1602,1780,0.11198642736175764,0.0,0.07361326359292264
Batch_1,iv6g2oq0,0,0,0,178,0,178,0.06783838073606958,0.07718450842748083,0.1004964161177838
Batch_1,iv6g2oq0,0,1,178,356,178,356,0.009882622189087505,0.011244155997869529,0.10111310215678677
Batch_1,iv6g2oq0,0,2,356,534,356,534,0.1403158971513775,0.15964728858027735,0.14675271212708252
Batch_1,iv6g2oq0,0,3,534,712,534,712,0.22630709443477098,0.25748553618279224,0.18507280769727497
Batch_1,iv6g2oq0,0,4,712,890,712,890,0.04633438929605512,0.052717901316327136,0.07162921348314606
Batch_1,iv6g2oq0,0,5,890,1068,890,1068,0.06400917424375649,0.07282775023883263,0.08759201859744285
Batch_1,iv6g2oq0,0,6,1068,1246,1068,1246,0.1264034438089954,0.14381810957275026,0.11611132635929226
Batch_1,iv6g2oq0,0,7,1246,1424,1246,1424,0.13093359819091047,0.14897238559282627,0.08806018339145034
Batch_1,iv6g2oq0,0,8,1424,1602,1424,1602,0.0880866104092,0.07610236409084377,0.08367719230272504
Batch_1,iv6g2oq0,0,9,1602,1780,1602,1780,0.09988878953977694,0.0,0.08284095311894614
Batch_1,iv6g2oq0,5,0,0,178,0,178,0.06120256901662767,0.07744367037607483,0.1934416569804985
Batch_1,iv6g2oq0,5,1,178,356,178,356,0.023032076433685798,0.029144014116831058,0.13972862585561152
Batch_1,iv6g2oq0,5,2,356,534,356,534,0.13814409305531206,0.17480288456634605,0.18647003745318352
Batch_1,iv6g2oq0,5,3,534,712,534,712,0.23458096291773223,0.29683085302787665,0.21699115329975463
Batch_1,iv6g2oq0,5,4,712,890,712,890,0.06432416201652086,0.08139362906598395,0.08678403073744027
Batch_1,iv6g2oq0,5,5,890,1068,890,1068,0.05520524121308852,0.06985485368067809,0.10045686426449696
Batch_1,iv6g2oq0,5,6,1068,1246,1068,1246,0.11107349346359788,0.14054865920705026,0.128847830298334
Batch_1,iv6g2oq0,5,7,1246,1424,1246,1424,0.1399598162915314,0.08182968002529606,0.09898053080201473
Batch_1,iv6g2oq0,5,8,1424,1602,1424,1602,0.08361999995969538,0.048151755933863054,0.09534014593826683
Batch_1,iv6g2oq0,5,9,1602,1780,1602,1780,0.08885758563220823,0.0,0.09381538163502519
Batch_1,uhdslk0o,-5,0,0,188,0,188,0.08181002164845029,0.08181002164845029,0.0726565349544073
Batch_1,uhdslk0o,-5,1,188,376,188,376,0.1191720787792386,0.1191720787792386,0.09720744680851064
Batch_1,uhdslk0o,-5,2,376,564,376,564,0.11891863350757696,0.11891863350757696,0.07075151975683891
Batch_1,uhdslk0o,-5,3,564,752,564,752,0.003648555889962511,0.003648555889962511,0.08264665653495441
Batch_1,uhdslk0o,-5,4,752,940,752,940,0.08804583135329215,0.08804583135329215,0.09181762917933131
Batch_1,uhdslk0o,-5,5,940,1128,940,1128,0.19895981836422197,0.19895981836422197,0.09158206686930091
Batch_1,uhdslk0o,-5,6,1128,1316,1128,1316,0.0671313163313797,0.0671313163313797,0.0785790273556231
Batch_1,uhdslk0o,-5,7,1316,1504,1316,1504,0.1950314166534664,0.1950314166534664,0.07791489361702128
Batch_1,uhdslk0o,-5,8,1504,1692,1504,1692,0.0899572311104071,0.0899572311104071,0.06232598784194529
Batch_1,uhdslk0o,-5,9,1692,1880,1692,1880,0.03732509636200433,0.03732509636200433,0.06778723404255318
Batch_1,uhdslk0o,0,0,0,188,0,188,0.09346775740873176,0.09346775740873176,0.08453723404255319
Batch_1,uhdslk0o,0,1,188,376,188,376,0.12389457710488218,0.12389457710488218,0.1110273556231003
Batch_1,uhdslk0o,0,2,376,564,376,564,0.0857930264603792,0.0857930264603792,0.08024164133738602
Batch_1,uhdslk0o,0,3,564,752,564,752,0.02201601227956952,0.02201601227956952,0.09559498480243162
Batch_1,uhdslk0o,0,4,752,940,752,940,0.10168320803753642,0.10168320803753642,0.10881990881458967
Batch_1,uhdslk0o,0,5,940,1128,940,1128,0.20121400289546668,0.20121400289546668,0.10753951367781155
Batch_1,uhdslk0o,0,6,1128,1316,1128,1316,0.1132755402836162,0.1132755402836162,0.09225607902735562
Batch_1,uhdslk0o,0,7,1316,1504,1316,1504,0.1643404092027001,0.1643404092027001,0.08887386018237083
Batch_1,uhdslk0o,0,8,1504,1692,1504,1692,0.06862256022047408,0.06862256022047408,0.07256231003039514
Batch_1,uhdslk0o,0,9,1692,1880,1692,1880,0.025692906106643876,0.025692906106643876,0.07923480243161095
Batch_1,uhdslk0o,5,0,0,188,0,188,0.06674833057677917,0.07111950758729965,0.10021504559270517
Batch_1,uhdslk0o,5,1,188,376,188,376,0.09188858119283327,0.09790612875048246,0.12825987841945288
Batch_1,uhdslk0o,5,2,376,564,376,564,0.0665862737901746,0.07094683811729335,0.09185030395136778
Batch_1,uhdslk0o,5,3,564,752,564,752,0.09462209787276636,0.1008186564283828,0.12396808510638298
Batch_1,uhdslk0o,5,4,752,940,752,940,0.1266783601759746,0.13497420114977554,0.133379179331307
Batch_1,uhdslk0o,5,5,940,1128,940,1128,0.1772162457162195,0.18882168322262174,0.1279095744680851
Batch_1,uhdslk0o,5,6,1128,1316,1128,1316,0.11184539782557923,0.11916986613037561,0.10765197568389058
Batch_1,uhdslk0o,5,7,1316,1504,1316,1504,0.1234562899481895,0.13154112580494445,0.10180091185410334
Batch_1,uhdslk0o,5,8,1504,1692,1504,1692,0.05471561417138935,0.058298799439332076,0.08434118541033435
Batch_1,uhdslk0o,5,9,1692,1880,1692,1880,0.08624280873009442,0.026403193369492352,0.09263753799392098
Batch_2,3806gxp0,-5,0,0,204,0,204,0.0,0.0,0.048156162464985997
Batch_2,3806gxp0,-5,1,204,409,204,409,0.0,0.0,0.06893728222996516
Batch_2,3806gxp0,-5,2,409,614,409,614,0.12547263982576606,0.12547263982576606,0.0850801393728223
Batch_2,3806gxp0,-5,3,614,819,614,819,0.6452100789497565,0.6452100789497565,0.07757560975609756
Batch_2,3806gxp0,-5,4,819,1024,819,1024,0.22931728122447745,0.22931728122447745,0.04979651567944251
Batch_2,3806gxp0,-5,5,1024,1228,1024,1228,0.0,0.0,0.05846008403361345
Batch_2,3806gxp0,-5,6,1228,1433,1228,1433,0.0,0.0,0.04288989547038328
Batch_2,3806gxp0,-5,7,1433,1638,1433,1638,0.0,0.0,0.06534564459930313
Batch_2,3806gxp0,-5,8,1638,1843,1638,1843,0.0,0.0,0.05492404181184669
Batch_2,3806gxp0,-5,9,1843,2048,1843,2048,0.0,0.0,0.03372334494773519
Batch_2,3806gxp0,0,0,0,204,0,204,0.0,0.0,0.05971918767507003
Batch_2,3806gxp0,0,1,204,409,204,409,0.002567072598065304,0.002567072598065304,0.08430522648083624
Batch_2,3806gxp0,0,2,409,614,409,614,0.14284819835331686,0.14284819835331686,0.1057219512195122
Batch_2,3806gxp0,0,3,614,819,614,819,0.3860157154932223,0.3860157154932223,0.09221463414634146
Batch_2,3806gxp0,0,4,819,1024,819,1024,0.1333468991641361,0.1333468991641361,0.06342578397212544
Batch_2,3806gxp0,0,5,1024,1228,1024,1228,0.0,0.0,0.07404131652661064
Batch_2,3806gxp0,0,6,1228,1433,1228,1433,0.0,0.0,0.057033449477351915
Batch_2,3806gxp0,0,7,1433,1638,1433,1638,0.022101868954074445,0.022101868954074445,0.07833588850174215
Batch_2,3806gxp0,0,8,1638,1843,1638,1843,0.3042920201609116,0.3042920201609116,0.07089268292682926
Batch_2,3806gxp0,0,9,1843,2048,1843,2048,0.008828225276273362,0.008828225276273362,0.04308989547038328
Batch_2,3806gxp0,5,0,0,204,0,204,0.0,0.0,0.073296918767507
Batch_2,3806gxp0,5,1,204,409,204,409,0.003913211221546545,0.003913211221546545,0.10104320557491289
Batch_2,3806gxp0,5,2,409,614,409,614,0.14066432731347944,0.14066432731347944,0.12607526132404182
Batch_2,3806gxp0,5,3,614,819,614,819,0.2945288530433025,0.2945288530433025,0.10698397212543553
Batch_2,3806gxp0,5,4,819,1024,819,1024,0.11380463338906138,0.11380463338906138,0.07745783972125435
Batch_2,3806gxp0,5,5,1024,1228,1024,1228,0.0,0.0,0.09098739495798319
Batch_2,3806gxp0,5,6,1228,1433,1228,1433,0.0,0.0,0.0726432055749129
Batch_2,3806gxp0,5,7,1433,1638,1433,1638,0.11649611434660395,0.11649611434660395,0.09185296167247387
Batch_2,3806gxp0,5,8,1638,1843,1638,1843,0.3223438849185207,0.3223438849185207,0.08887038327526132
Batch_2,3806gxp0,5,9,1843,2048,1843,2048,0.00824897576748544,0.00824897576748544,0.05318048780487805
Batch_2,avn74qx1,-5,0,0,204,0,204,0.0,0.0,0.04418487394957983
Batch_2,avn74qx1,-5,1,204,409,204,409,0.009476011955150907,0.012994243206747056,0.06733170731707316
Batch_2,avn74qx1,-5,2,409,614,409,614,0.0682238308311594,0.09355381298713605,0.0598787456445993
Batch_2,avn74qx1,-5,3,614,819,614,819,0.0616329492251611,0.08451588448508683,0.052072473867595816
Batch_2,avn74qx1,-5,4,819,1024,819,1024,0.11275331271703264,0.15461609533060103,0.0770397212543554
Batch_2,avn74qx1,-5,5,1024,1228,1024,1228,0.2527771539139298,0.34662765629812137,0.07131652661064426
Batch_2,avn74qx1,-5,6,1228,1433,1228,1433,0.004578200853445744,0.006277984411646253,0.09714146341463414
Batch_2,avn74qx1,-5,7,1433,1638,1433,1638,0.09793030768964982,0.13428964014119543,0.07157770034843206
Batch_2,avn74qx1,-5,8,1638,1843,1638,1843,0.13533334485081977,0.16712468313946602,0.038681533101045294
Batch_2,avn74qx1,-5,9,1843,2048,1843,2048,0.2572948879636508,0.0,0.04485853658536585
Batch_2,avn74qx1,0,0,0,204,0,204,0.0785652030756716,0.0,0.056006302521008404
Batch_2,avn74qx1,0,1,204,409,204,409,0.009261877554182564,0.0060039136622390896,0.08225993031358884
Batch_2,avn74qx1,0,2,409,614,409,614,0.06808312835312119,0.0868516761543327,0.07446620209059233
Batch_2,avn74qx1,0,3,614,819,614,819,0.09036044236989406,0.11527020082226438,0.06301951219512195
Batch_2,avn74qx1,0,4,819,1024,819,1024,0.08075381069512502,0.10301529886148007,0.09394982578397212
Batch_2,avn74qx1,0,5,1024,1228,1024,1228,0.14588909763514168,0.1861064990512334,0.08285504201680673
Batch_2,avn74qx1,0,6,1228,1433,1228,1433,0.1650248881485929,0.21051747311827956,0.1116815331010453
Batch_2,avn74qx1,0,7,1433,1638,1433,1638,0.12912010226414364,0.1647147770398482,0.08617909407665506
Batch_2,avn74qx1,0,8,1638,1843,1638,1843,0.09576804632875598,0.10683507273877293,0.0468808362369338
Batch_2,avn74qx1,0,9,1843,2048,1843,2048,0.1371734035753714,0.02068508855154965,0.051582578397212545
Batch_2,avn74qx1,5,0,0,204,0,204,0.07922955844141914,0.012337954933723203,0.06932422969187675
Batch_2,avn74qx1,5,1,204,409,204,409,0.09160724963733043,0.10674632633015538,0.09827177700348431
Batch_2,avn74qx1,5,2,409,614,409,614,0.07596352120644949,0.09183445226417357,0.08979651567944251
Batch_2,avn74qx1,5,3,614,819,614,819,0.1200335720740409,0.14511198493252378,0.07337421602787457
Batch_2,avn74qx1,5,4,819,1024,819,1024,0.1008717477053273,0.12194671274219639,0.11072961672473867
Batch_2,avn74qx1,5,5,1024,1228,1024,1228,0.1099458610083957,0.13291666531595345,0.09404761904761905
Batch_2,avn74qx1,5,6,1228,1433,1228,1433,0.12965202491627092,0.1567400049922361,0.12522229965156795
Batch_2,avn74qx1,5,7,1433,1638,1433,1638,0.1123699149167804,0.1358471727410942,0.10205365853658536
Batch_2,avn74qx1,5,8,1638,1843,1638,1843,0.07649177189223685,0.08017725679867997,0.05481533101045296
Batch_2,avn74qx1,5,9,1843,2048,1843,2048,0.10383477820174886,0.01634146894926397,0.059338675958188154
Batch_2,b3esycq1,-5,0,0,215,0,215,0.0,0.0,0.07264053156146179
Batch_2,b3esycq1,-5,1,215,431,215,431,0.018297184920366166,0.020584175914765523,0.09220238095238095
Batch_2,b3esycq1,-5,2,431,646,431,646,0.2648428695936981,0.29794595404782576,0.09862657807308971
Batch_2,b3esycq1,-5,3,646,862,646,862,0.14849808756668537,0.16705907333737188,0.06623544973544973
Batch_2,b3esycq1,-5,4,862,1078,862,1078,0.25186941050422734,0.2833509239771925,0.07995370370370371
Batch_2,b3esycq1,-5,5,1078,1293,1078,1293,0.0028034218400439666,0.0031538254966494506,0.07643189368770764
Batch_2,b3esycq1,-5,6,1293,1509,1293,1509,0.00012768059865546778,0.0001436395770751235,0.05903373015873016
Batch_2,b3esycq1,-5,7,1509,1724,1509,1724,0.2024570188245613,0.22776240764911973,0.0912531561461794
Batch_2,b3esycq1,-5,8,1724,1940,1724,1940,0.11110432615176227,0.0,0.07119047619047619
Batch_2,b3esycq1,-5,9,1940,2156,1940,2156,0.0,0.0,0.09468783068783068
Batch_2,b3esycq1,0,0,0,215,0,215,0.0,0.0,0.0856139534883721
Batch_2,b3esycq1,0,1,215,431,215,431,0.018076964357956093,0.019811700621179835,0.10972222222222222
Batch_2,b3esycq1,0,2,431,646,431,646,0.24472634803213317,0.2682112463862535,0.11559003322259136
Batch_2,b3esycq1,0,3,646,862,646,862,0.12072225295365792,0.1323072329220788,0.08011706349206349
Batch_2,b3esycq1,0,4,862,1078,862,1078,0.20257015711561166,0.2220095823662744,0.09334656084656084
Batch_2,b3esycq1,0,5,1078,1293,1078,1293,0.0030713088564328236,0.003366043677131262,0.09049501661129568
Batch_2,b3esycq1,0,6,1293,1509,1293,1509,0.0477167460638535,0.0522958318063982,0.0714781746031746
Batch_2,b3esycq1,0,7,1509,1724,1509,1724,0.2664112746757375,0.2919771434776117,0.10567906976744186
Batch_2,b3esycq1,0,8,1724,1940,1724,1940,0.09670494794461737,0.01002121874307224,0.08301851851851852
Batch_2,b3esycq1,0,9,1940,2156,1940,2156,0.0,0.0,0.10666666666666667
Batch_2,b3esycq1,5,0,0,215,0,215,0.0,0.0,0.10327308970099668
Batch_2,b3esycq1,5,1,215,431,215,431,0.06404474055220771,0.0689373845895585,0.1319887566137566
Batch_2,b3esycq1,5,2,431,646,431,646,0.27704894511609335,0.298213866039953,0.13827574750830565
Batch_2,b3esycq1,5,3,646,862,646,862,0.1582169904305623,0.17030384421688768,0.10101719576719577
Batch_2,b3esycq1,5,4,862,1078,862,1078,0.16669161956806527,0.17942588551284203,0.11128902116402116
Batch_2,b3esycq1,5,5,1078,1293,1078,1293,0.036892864717845066,0.039711264059090146,0.10670697674418604
Batch_2,b3esycq1,5,6,1293,1509,1293,1509,0.06697982557921922,0.07209669296625819,0.08809722222222222
Batch_2,b3esycq1,5,7,1509,1724,1509,1724,0.1591527242330102,0.17131106261541043,0.12587774086378736
Batch_2,b3esycq1,5,8,1724,1940,1724,1940,0.07097228980299684,0.0,0.09953439153439153
Batch_2,b3esycq1,5,9,1940,2156,1940,2156,0.0,0.0,0.11974603174603174
Batch_2,epqdaau9,-5,0,0,213,0,213,0.0,0.0,0.045109993293091885
Batch_2,epqdaau9,-5,1,213,426,213,426,0.0,0.0,0.03325217974513749
Batch_2,epqdaau9,-5,2,426,639,426,639,0.0,0.0,0.04265258215962441
Batch_2,epqdaau9,-5,3,639,853,639,853,0.036673504813003,0.036673504813003,0.057657543391188254
Batch_2,epqdaau9,-5,4,853,1066,853,1066,0.3433801483351744,0.3433801483351744,0.0896599597585513
Batch_2,epqdaau9,-5,5,1066,1279,1066,1279,0.2990689600757456,0.2990689600757456,0.09242655935613682
Batch_2,epqdaau9,-5,6,1279,1493,1279,1493,0.05557834937667666,0.05557834937667666,0.06580907877169559
Batch_2,epqdaau9,-5,7,1493,1706,1493,1706,0.23506391036768187,0.23506391036768187,0.06764922870556674
Batch_2,epqdaau9,-5,8,1706,1919,1706,1919,0.03023512703171848,0.03023512703171848,0.03202548625083836
Batch_2,epqdaau9,-5,9,1919,2133,1919,2133,0.0,0.0,0.07640520694259012
Batch_2,epqdaau9,0,0,0,213,0,213,0.0,0.0,0.05641784037558686
Batch_2,epqdaau9,0,1,213,426,213,426,0.0,0.0,0.04282494969818913
Batch_2,epqdaau9,0,2,426,639,426,639,0.0,0.0,0.05148759221998658
Batch_2,epqdaau9,0,3,639,853,639,853,0.025230756719391696,0.025230756719391696,0.06801468624833111
Batch_2,epqdaau9,0,4,853,1066,853,1066,0.3387278222800526,0.3387278222800526,0.10572702883970489
Batch_2,epqdaau9,0,5,1066,1279,1066,1279,0.3679841147209911,0.3679841147209911,0.1069456740442656
Batch_2,epqdaau9,0,6,1279,1493,1279,1493,0.061989183914121906,0.061989183914121906,0.0758497997329773
Batch_2,epqdaau9,0,7,1493,1706,1493,1706,0.1838734599276217,0.1838734599276217,0.07852515090543259
Batch_2,epqdaau9,0,8,1706,1919,1706,1919,0.02219466243782106,0.02219466243782106,0.03964520456069752
Batch_2,epqdaau9,0,9,1919,2133,1919,2133,0.0,0.0,0.08792723631508678
Batch_2,epqdaau9,5,0,0,213,0,213,0.0,0.0,0.07255264922870557
Batch_2,epqdaau9,5,1,213,426,213,426,0.0,0.0,0.05567404426559356
Batch_2,epqdaau9,5,2,426,639,426,639,0.0,0.0,0.062072434607645874
Batch_2,epqdaau9,5,3,639,853,639,853,0.0489638180996815,0.0489638180996815,0.07991789052069426
Batch_2,epqdaau9,5,4,853,1066,853,1066,0.2919759015105213,0.2919759015105213,0.12210194500335346
Batch_2,epqdaau9,5,5,1066,1279,1066,1279,0.32629005500742164,0.32629005500742164,0.12348960429242119
Batch_2,epqdaau9,5,6,1279,1493,1279,1493,0.20387291729146342,0.20387291729146342,0.08765954606141522
Batch_2,epqdaau9,5,7,1493,1706,1493,1706,0.11563706490420204,0.11563706490420204,0.09098591549295774
Batch_2,epqdaau9,5,8,1706,1919,1706,1919,0.013260243186710147,0.013260243186710147,0.04909859154929577
Batch_2,epqdaau9,5,9,1919,2133,1919,2133,0.0,0.0,0.10051535380507343
Batch_2,i9jiqjwl,-5,0,0,227,0,227,,,0.0382863436123348
Batch_2,i9jiqjwl,-5,1,227,454,227,454,,,0.08993643801132788
Batch_2,i9jiqjwl,-5,2,454,681,454,681,,,0.04821522970421649
Batch_2,i9jiqjwl,-5,3,681,908,681,908,,,0.09583700440528635
Batch_2,i9jiqjwl,-5,4,908,1136,908,1136,,,0.05043922305764411
Batch_2,i9jiqjwl,-5,5,1136,1363,1136,1363,,,0.08479672750157331
Batch_2,i9jiqjwl,-5,6,1363,1590,1363,1590,,,0.04476400251730648
Batch_2,i9jiqjwl,-5,7,1590,1817,1590,1817,,,0.07544430459408433
Batch_2,i9jiqjwl,-5,8,1817,2044,1817,2044,,,0.062529263687854
Batch_2,i9jiqjwl,-5,9,2044,2272,2044,2272,,,0.04465413533834586
Batch_2,i9jiqjwl,0,0,0,227,0,227,0.15295278753241984,0.15295278753241984,0.047771554436752676
Batch_2,i9jiqjwl,0,1,227,454,227,454,0.6832151300236406,0.6832151300236406,0.10521774701069855
Batch_2,i9jiqjwl,0,2,454,681,454,681,0.1638320824439395,0.1638320824439395,0.06031718061674009
Batch_2,i9jiqjwl,0,3,681,908,681,908,0.0,0.0,0.11105915670232851
Batch_2,i9jiqjwl,0,4,908,1136,908,1136,0.0,0.0,0.05980827067669173
Batch_2,i9jiqjwl,0,5,1136,1363,1136,1363,0.0,0.0,0.10154436752674638
Batch_2,i9jiqjwl,0,6,1363,1590,1363,1590,0.0,0.0,0.053191315292636876
Batch_2,i9jiqjwl,0,7,1590,1817,1590,1817,0.0,0.0,0.08766268093140339
Batch_2,i9jiqjwl,0,8,1817,2044,1817,2044,0.0,0.0,0.07541850220264318
Batch_2,i9jiqjwl,0,9,2044,2272,2044,2272,0.0,0.0,0.05255200501253133
Batch_2,i9jiqjwl,5,0,0,227,0,227,0.10540728307225769,0.05724876939636927,0.05814977973568282
Batch_2,i9jiqjwl,5,1,227,454,227,454,0.2820631145504242,0.21231692125346202,0.12248709880427942
Batch_2,i9jiqjwl,5,2,454,681,454,681,0.134794139870282,0.16074041822381868,0.07428382630585274
Batch_2,i9jiqjwl,5,3,681,908,681,908,0.17360811777055432,0.20702562800091917,0.12650849590937696
Batch_2,i9jiqjwl,5,4,908,1136,908,1136,0.07541696881798404,0.0899338437163625,0.0698796992481203
Batch_2,i9jiqjwl,5,5,1136,1363,1136,1363,0.02753591586078896,0.03283625412720874,0.11967275015733166
Batch_2,i9jiqjwl,5,6,1363,1590,1363,1590,0.06248066654158025,0.07450745618809188,0.06264128382630585
Batch_2,i9jiqjwl,5,7,1590,1817,1590,1817,0.12181219795432993,0.14525960596495047,0.10108684707363122
Batch_2,i9jiqjwl,5,8,1817,2044,1817,2044,0.016881595561798607,0.02013110312881729,0.09003398363750786
Batch_2,i9jiqjwl,5,9,2044,2272,2044,2272,0.0,0.0,0.06241666666666667
Batch_2,r17byphk,-5,0,0,208,0,208,0.0,0.0,0.04674793956043956
Batch_2,r17byphk,-5,1,208,416,208,416,0.12433925997116771,0.12433925997116771,0.058628434065934064
Batch_2,r17byphk,-5,2,416,624,416,624,0.03931561243329371,0.03931561243329371,0.06076923076923077
Batch_2,r17byphk,-5,3,624,832,624,832,0.5347378537646374,0.5347378537646374,0.10723626373626374
Batch_2,r17byphk,-5,4,832,1040,832,1040,0.1906661776979691,0.1906661776979691,0.05989010989010989
Batch_2,r17byphk,-5,5,1040,1248,1040,1248,0.0,0.0,0.08152815934065934
Batch_2,r17byphk,-5,6,1248,1456,1248,1456,0.0,0.0,0.052989697802197804
Batch_2,r17byphk,-5,7,1456,1664,1456,1664,0.0,0.0,0.06471771978021978
Batch_2,r17byphk,-5,8,1664,1872,1664,1872,0.11094109613293204,0.11094109613293204,0.08546497252747252
Batch_2,r17byphk,-5,9,1872,2080,1872,2080,0.0,0.0,0.061591346153846156
Batch_2,r17byphk,0,0,0,208,0,208,0.0,0.0,0.0588385989010989
Batch_2,r17byphk,0,1,208,416,208,416,0.05725992576284526,0.07231921874422806,0.069801510989011
Batch_2,r17byphk,0,2,416,624,416,624,0.07289439817916893,0.09206553897715404,0.07061881868131868
Batch_2,r17byphk,0,3,624,832,624,832,0.2438711804558459,0.30800901345637843,0.1216668956043956
Batch_2,r17byphk,0,4,832,1040,832,1040,0.14226306329302404,0.17594038491891584,0.07191826923076923
Batch_2,r17byphk,0,5,1040,1248,1040,1248,0.27871371898365294,0.22421476474005717,0.09719848901098901
Batch_2,r17byphk,0,6,1248,1456,1248,1456,0.015421758505897493,0.002448140722755619,0.06445192307692307
Batch_2,r17byphk,0,7,1456,1664,1456,1664,0.027136977122618932,0.03427397011857867,0.07792445054945055
Batch_2,r17byphk,0,8,1664,1872,1664,1872,0.10044350850323856,0.09072896832193218,0.10020329670329671
Batch_2,r17byphk,0,9,1872,2080,1872,2080,0.06199546919370792,0.0,0.07506936813186812
Batch_2,r17byphk,5,0,0,208,0,208,0.0,0.0,0.07222664835164835
Batch_2,r17byphk,5,1,208,416,208,416,0.052044576928665466,0.06426060884480411,0.08200068681318681
Batch_2,r17byphk,5,2,416,624,416,624,0.07494507139617723,0.09253636405646452,0.08197596153846154
Batch_2,r17byphk,5,3,624,832,624,832,0.22559034489439178,0.2785414690236139,0.13804945054945056
Batch_2,r17byphk,5,4,832,1040,832,1040,0.150913862262398,0.1824767517403915,0.08582623626373627
Batch_2,r17byphk,5,5,1040,1248,1040,1248,0.27326485053695737,0.22619788679368377,0.11467101648351648
Batch_2,r17byphk,5,6,1248,1456,1248,1456,0.014611669081030149,0.002166484993625587,0.07705013736263737
Batch_2,r17byphk,5,7,1456,1664,1456,1664,0.024956739596588482,0.03081464728700082,0.09219574175824176
Batch_2,r17byphk,5,8,1664,1872,1664,1872,0.11454870482975435,0.11064295946743069,0.11581456043956044
Batch_2,r17byphk,5,9,1872,2080,1872,2080,0.06912418047403715,0.012362827792985155,0.09007211538461539
Batch_2,rxax5ozo,-5,0,0,206,0,206,0.0,0.0,0.06921983356449375
Batch_2,rxax5ozo,-5,1,206,413,206,413,0.0,0.0,0.06073913043478261
Batch_2,rxax5ozo,-5,2,413,620,413,620,0.1493119455049853,0.1493119455049853,0.07483712905452036
Batch_2,rxax5ozo,-5,3,620,827,620,827,0.5708700707739354,0.5708700707739354,0.09419047619047619
Batch_2,rxax5ozo,-5,4,827,1034,827,1034,0.11520678257844187,0.11520678257844187,0.0706632160110421
Batch_2,rxax5ozo,-5,5,1034,1240,1034,1240,0.0,0.0,0.07422607489597781
Batch_2,rxax5ozo,-5,6,1240,1447,1240,1447,0.0,0.0,0.06369496204278813
Batch_2,rxax5ozo,-5,7,1447,1654,1447,1654,0.0047793006839344085,0.0047793006839344085,0.07101242236024845
Batch_2,rxax5ozo,-5,8,1654,1861,1654,1861,0.12758535446480074,0.12758535446480074,0.0558944099378882
Batch_2,rxax5ozo,-5,9,1861,2068,1861,2068,0.032246545993902274,0.032246545993902274,0.07216011042097999
Batch_2,rxax5ozo,0,0,0,206,0,206,0.0,0.0,0.08217406380027739
Batch_2,rxax5ozo,0,1,206,413,206,413,0.0,0.0,0.07428985507246377
Batch_2,rxax5ozo,0,2,413,620,413,620,0.1013349687651539,0.1329752390934102,0.09093374741200828
Batch_2,rxax5ozo,0,3,620,827,620,827,0.3190756006884027,0.4187020019589127,0.10821118012422361
Batch_2,rxax5ozo,0,4,827,1034,827,1034,0.08532770440520676,0.11196995501986987,0.08421808143547274
Batch_2,rxax5ozo,0,5,1034,1240,1034,1240,0.11543581405520534,0.15147885434797528,0.08673578363384189
Batch_2,rxax5ozo,0,6,1240,1447,1240,1447,0.04836884692548326,0.06347126824003543,0.07625534851621808
Batch_2,rxax5ozo,0,7,1447,1654,1447,1654,0.0026623308706772777,0.003493602340713568,0.08285852311939268
Batch_2,rxax5ozo,0,8,1654,1861,1654,1861,0.07369426933280086,0.09127659972675038,0.0677984817115252
Batch_2,rxax5ozo,0,9,1861,2068,1861,2068,0.2541004649570699,0.026632479272332543,0.08981228433402347
Batch_2,rxax5ozo,5,0,0,206,0,206,0.0,0.0,0.0968876560332871
Batch_2,rxax5ozo,5,1,206,413,206,413,0.07510220968284113,0.09690777449479315,0.09030020703933747
Batch_2,rxax5ozo,5,2,413,620,413,620,0.19273743819295006,0.24869782495060075,0.10833402346445825
Batch_2,rxax5ozo,5,3,620,827,620,827,0.25981227320655403,0.33524751520903384,0.12249344375431331
Batch_2,rxax5ozo,5,4,827,1034,827,1034,0.10562864341965011,0.1362974112203929,0.09859144237405107
Batch_2,rxax5ozo,5,5,1034,1240,1034,1240,0.07885444709086678,0.10174945595960569,0.09996879334257976
Batch_2,rxax5ozo,5,6,1240,1447,1240,1447,0.06285141312248785,0.08110001816557365,0.08957487922705314
Batch_2,rxax5ozo,5,7,1447,1654,1447,1654,0.0017554495071237923,0.0,0.09555348516218082
Batch_2,rxax5ozo,5,8,1654,1861,1654,1861,0.046701852272172245,0.0,0.08051207729468599
Batch_2,rxax5ozo,5,9,1861,2068,1861,2068,0.17655627350535397,0.0,0.1057991718426501
Batch_3,0grcilhi,-5,0,0,190,0,190,0.022910855650323268,0.043000925987568765,0.08381428571428572
Batch_3,0grcilhi,-5,1,190,380,190,380,0.031639875530045304,0.05938424852780081,0.09796691729323308
Batch_3,0grcilhi,-5,2,380,571,380,571,0.08944907534301791,0.16788517754147275,0.10096933433059088
Batch_3,0grcilhi,-5,3,571,761,571,761,0.10282637086242201,0.1929927555090208,0.11558571428571429
Batch_3,0grcilhi,-5,4,761,952,761,952,0.07237476420037728,0.13583874501449503,0.0851002243829469
Batch_3,0grcilhi,-5,5,952,1142,952,1142,0.022188542959869727,0.02489877684910034,0.07459022556390978
Batch_3,0grcilhi,-5,6,1142,1332,1142,1332,0.0893813585282879,0.08801421058046711,0.09767293233082706
Batch_3,0grcilhi,-5,7,1332,1523,1332,1523,0.10735694822888284,0.1401993596765701,0.09249364248317128
Batch_3,0grcilhi,-5,8,1523,1713,1523,1713,0.17504312916176257,0.0626584921533145,0.1359533834586466
Batch_3,0grcilhi,-5,9,1713,1904,1713,1904,0.2868290795350112,0.08512730816018979,0.2065272999252057
Batch_3,0grcilhi,0,0,0,190,0,190,0.02942503510285407,0.0524755067096381,0.10578421052631579
Batch_3,0grcilhi,0,1,190,380,190,380,0.06097609396375292,0.10874248464743824,0.11546390977443609
Batch_3,0grcilhi,0,2,380,571,380,571,0.10742857005350553,0.19158409255738704,0.1233904263275991
Batch_3,0grcilhi,0,3,571,761,571,761,0.0855258329332751,0.15252357063465838,0.13297142857142857
Batch_3,0grcilhi,0,4,761,952,761,952,0.08968643856729822,0.15994343905966363,0.10492520568436799
Batch_3,0grcilhi,0,5,952,1142,952,1142,0.01839305330460133,0.01919767576591152,0.0889548872180451
Batch_3,0grcilhi,0,6,1142,1332,1142,1332,0.0848977715853977,0.09038807328031997,0.11499774436090225
Batch_3,0grcilhi,0,7,1332,1523,1332,1523,0.08560764935407139,0.10805800285808698,0.10797980553477936
Batch_3,0grcilhi,0,8,1523,1713,1523,1713,0.15420229591314946,0.07717907674349743,0.1533781954887218
Batch_3,0grcilhi,0,9,1713,1904,1713,1904,0.28385725922209426,0.03990807774339872,0.23658489154824233
Batch_3,0grcilhi,5,0,0,190,0,190,0.029586597820120297,0.06448413967831505,0.1306187969924812
Batch_3,0grcilhi,5,1,190,380,190,380,0.0801764804306921,0.17474504484907422,0.13465187969924813
Batch_3,0grcilhi,5,2,380,571,380,571,0.11472010786872189,0.22688129390538828,0.14760882572924458
Batch_3,0grcilhi,5,3,571,761,571,761,0.10612896692019338,0.08739064972510482,0.15199473684210527
Batch_3,0grcilhi,5,4,761,952,761,952,0.09586265133568758,0.13521686649349762,0.1266507105459985
Batch_3,0grcilhi,5,5,952,1142,952,1142,0.018076621626778526,0.021142830332731934,0.10417669172932331
Batch_3,0grcilhi,5,6,1142,1332,1142,1332,0.07690245336761962,0.1021590681287934,0.13286466165413535
Batch_3,0grcilhi,5,7,1332,1523,1332,1523,0.08301507950719336,0.13530643668453804,0.12574794315632012
Batch_3,0grcilhi,5,8,1523,1713,1523,1713,0.13336033965339933,0.05267367020255659,0.17238872180451129
Batch_3,0grcilhi,5,9,1713,1904,1713,1904,0.2621707014695939,0.0,0.26659611069558714
Batch_3,71vgq3fw,-5,0,0,206,0,206,0.0,0.0,0.04450624133148405
Batch_3,71vgq3fw,-5,1,206,412,206,412,0.10940180399535167,0.10940180399535167,0.054647018030513174
Batch_3,71vgq3fw,-5,2,412,618,412,618,0.5874329035471197,0.5874329035471197,0.08114701803051318
Batch_3,71vgq3fw,-5,3,618,824,618,824,0.004343976536992972,0.004343976536992972,0.04700762829403606
Batch_3,71vgq3fw,-5,4,824,1030,824,1030,0.22942836589010016,0.22942836589010016,0.0601747572815534
Batch_3,71vgq3fw,-5,5,1030,1236,1030,1236,0.06939295003043551,0.06939295003043551,0.06269140083217753
Batch_3,71vgq3fw,-5,6,1236,1442,1236,1442,0.0,0.0,0.07219486823855756
Batch_3,71vgq3fw,-5,7,1442,1648,1442,1648,0.0,0.0,0.05954438280166435
Batch_3,71vgq3fw,-5,8,1648,1854,1648,1854,0.0,0.0,0.05372607489597781
Batch_3,71vgq3fw,-5,9,1854,2060,1854,2060,0.0,0.0,0.0507871012482663
Batch_3,71vgq3fw,0,0,0,206,0,206,0.019874415982477855,0.022238173960961744,0.061994452149791955
Batch_3,71vgq3fw,0,1,206,412,206,412,0.12693187488254848,0.14202848110444038,0.07330097087378641
Batch_3,71vgq3fw,0,2,412,618,412,618,0.3778277464213739,0.422764581339366,0.10014285714285714
Batch_3,71vgq3fw,0,3,618,824,618,824,0.0029549180593446043,0.003306360393282868,0.06360610263522885
Batch_3,71vgq3fw,0,4,824,1030,824,1030,0.1419203079335662,0.13802604483888745,0.07566504854368931
Batch_3,71vgq3fw,0,5,1030,1236,1030,1236,0.13151329389122532,0.04899359030134284,0.08241470180305131
Batch_3,71vgq3fw,0,6,1236,1442,1236,1442,0.0,0.0,0.09092649098474341
Batch_3,71vgq3fw,0,7,1442,1648,1442,1648,0.09068876807133276,0.10147481075437223,0.08165187239944521
Batch_3,71vgq3fw,0,8,1648,1854,1648,1854,0.09477122065332201,0.10604280866614461,0.06877739251040221
Batch_3,71vgq3fw,0,9,1854,2060,1854,2060,0.01351745410480887,0.015125148641201892,0.06791678224687933
Batch_3,71vgq3fw,5,0,0,206,0,206,0.018309866658143017,0.02031527990400927,0.0804757281553398
Batch_3,71vgq3fw,5,1,206,412,206,412,0.13441796785518317,0.14914028005177826,0.09579889042995839
Batch_3,71vgq3fw,5,2,412,618,412,618,0.34510662554005317,0.3829049017927333,0.12114771151178919
Batch_3,71vgq3fw,5,3,618,824,618,824,0.0036012423220554784,0.0039956733241519535,0.08279542302357837
Batch_3,71vgq3fw,5,4,824,1030,824,1030,0.1670901855492161,0.16732768658789596,0.09469625520110957
Batch_3,71vgq3fw,5,5,1030,1236,1030,1236,0.13655420775332555,0.06004740429002914,0.10179126213592234
Batch_3,71vgq3fw,5,6,1236,1442,1236,1442,0.0,0.0,0.11063938973647712
Batch_3,71vgq3fw,5,7,1442,1648,1442,1648,0.09583246765008284,0.10632865004167086,0.10795076282940361
Batch_3,71vgq3fw,5,8,1648,1854,1648,1854,0.08662692514636706,0.0961148578757913,0.08607212205270458
Batch_3,71vgq3fw,5,9,1854,2060,1854,2060,0.012460511525573615,0.01382526613193997,0.08723994452149791
Batch_3,9luzk4jm,-5,0,0,208,0,208,0.0,0.0,0.0744168956043956
Batch_3,9luzk4jm,-5,1,208,417,208,417,0.0,0.0,0.09255639097744361
Batch_3,9luzk4jm,-5,2,417,626,417,626,0.013177989508154107,0.017784057688559736,0.06730963773069036
Batch_3,9luzk4jm,-5,3,626,835,626,835,0.12178267509576607,0.164349054765153,0.1075522898154477
Batch_3,9luzk4jm,-5,4,835,1044,835,1044,0.06235896843420212,0.08415513545117911,0.09565618591934381
Batch_3,9luzk4jm,-5,5,1044,1252,1044,1252,0.03179686399953787,0.04291073864743715,0.10401373626373626
Batch_3,9luzk4jm,-5,6,1252,1461,1252,1461,0.036851435317733966,0.04973202104852855,0.1208298017771702
Batch_3,9luzk4jm,-5,7,1461,1670,1461,1670,0.10060041086444,0.1357630091600078,0.07139712918660288
Batch_3,9luzk4jm,-5,8,1670,1879,1670,1879,0.3621419829083281,0.30037517053206003,0.1194436090225564
Batch_3,9luzk4jm,-5,9,1879,2088,1879,2088,0.2712896738718377,0.20493081270707464,0.14290157211209842
Batch_3,9luzk4jm,0,0,0,208,0,208,0.06707702917249245,0.1201680410212546,0.08996222527472528
Batch_3,9luzk4jm,0,1,208,417,208,417,0.04329457055923733,0.0031273806182590914,0.11024606971975393
Batch_3,9luzk4jm,0,2,417,626,417,626,0.025928999329324437,0.030792670702858748,0.08177375256322625
Batch_3,9luzk4jm,0,3,626,835,626,835,0.12201558847044292,0.1848629432126485,0.1319583048530417
Batch_3,9luzk4jm,0,4,835,1044,835,1044,0.061272085876785155,0.14370358490481983,0.12059535201640464
Batch_3,9luzk4jm,0,5,1044,1252,1044,1252,0.026559889054347457,0.0624540582441228,0.1253592032967033
Batch_3,9luzk4jm,0,6,1252,1461,1252,1461,0.07295775501775206,0.17155598323153753,0.14186671223513328
Batch_3,9luzk4jm,0,7,1461,1670,1461,1670,0.06709218568240291,0.15776343281254873,0.08718933697881066
Batch_3,9luzk4jm,0,8,1670,1879,1670,1879,0.22794443623466823,0.1239814851939466,0.14259876965140122
Batch_3,9luzk4jm,0,9,1879,2088,1879,2088,0.2858574606025471,0.001590420058003555,0.16970129870129871
Batch_3,9luzk4jm,5,0,0,208,0,208,0.07649232981938606,0.003309167031329462,0.10738118131868132
Batch_3,9luzk4jm,5,1,208,417,208,417,0.06655840124217298,0.03764975813986494,0.13082501708817498
Batch_3,9luzk4jm,5,2,417,626,417,626,0.029204670242161106,0.04392274667959741,0.09831647300068352
Batch_3,9luzk4jm,5,3,626,835,626,835,0.15182714100455774,0.27078163991815785,0.15731442241968557
Batch_3,9luzk4jm,5,4,835,1044,835,1044,0.08665517066381319,0.18057549702553427,0.14919890635680108
Batch_3,9luzk4jm,5,5,1044,1252,1044,1252,0.041772169667181,0.05326363346066964,0.14773008241758243
Batch_3,9luzk4jm,5,6,1252,1461,1252,1461,0.11263887254229749,0.21749435265454803,0.16480792891319207
Batch_3,9luzk4jm,5,7,1461,1670,1461,1670,0.08263948801395933,0.1614395704469386,0.1047799043062201
Batch_3,9luzk4jm,5,8,1670,1879,1670,1879,0.155599874314208,0.03156363464335979,0.16781544771018456
Batch_3,9luzk4jm,5,9,1879,2088,1879,2088,0.19661188249026312,0.0,0.2004524948735475
Batch_3,cfe5vt7s,-5,0,0,208,0,208,0.0,,0.032442307692307694
Batch_3,cfe5vt7s,-5,1,208,416,208,416,0.0,,0.04438598901098901
Batch_3,cfe5vt7s,-5,2,416,624,416,624,0.0,,0.07109752747252747
Batch_3,cfe5vt7s,-5,3,624,832,624,832,0.0,,0.0826771978021978
Batch_3,cfe5vt7s,-5,4,832,1040,832,1040,0.0,,0.0640885989010989
Batch_3,cfe5vt7s,-5,5,1040,1248,1040,1248,0.0,,0.06980837912087912
Batch_3,cfe5vt7s,-5,6,1248,1456,1248,1456,0.0,,0.09579601648351649
Batch_3,cfe5vt7s,-5,7,1456,1664,1456,1664,0.0,,0.0749635989010989
Batch_3,cfe5vt7s,-5,8,1664,1872,1664,1872,0.0,,0.06767032967032967
Batch_3,cfe5vt7s,-5,9,1872,2080,1872,2080,1.0,,0.06822115384615385
Batch_3,cfe5vt7s,0,0,0,208,0,208,0.0,0.0,0.040677884615384616
Batch_3,cfe5vt7s,0,1,208,416,208,416,0.0,0.0,0.053864697802197804
Batch_3,cfe5vt7s,0,2,416,624,416,624,0.0,0.0,0.08355975274725275
Batch_3,cfe5vt7s,0,3,624,832,624,832,0.14216500043039312,0.19531685560304776,0.09652197802197802
Batch_3,cfe5vt7s,0,4,832,1040,832,1040,0.2284403782540795,0.3138483891132098,0.07881730769230769
Batch_3,cfe5vt7s,0,5,1040,1248,1040,1248,0.35634092054942756,0.4895676707607575,0.08489148351648351
Batch_3,cfe5vt7s,0,6,1248,1456,1248,1456,0.0009222710001106725,0.0012670845229849133,0.11274381868131868
Batch_3,cfe5vt7s,0,7,1456,1664,1456,1664,0.0,0.0,0.08814629120879121
Batch_3,cfe5vt7s,0,8,1664,1872,1664,1872,0.004131774080495813,0.0,0.07984271978021978
Batch_3,cfe5vt7s,0,9,1872,2080,1872,2080,0.2679996556854933,0.0,0.07956181318681319
Batch_3,cfe5vt7s,5,0,0,208,0,208,0.0,0.0,0.05187293956043956
Batch_3,cfe5vt7s,5,1,208,416,208,416,0.0,0.0,0.0648385989010989
Batch_3,cfe5vt7s,5,2,416,624,416,624,0.0,0.0,0.0963440934065934
Batch_3,cfe5vt7s,5,3,624,832,624,832,0.0,0.0,0.10932898351648351
Batch_3,cfe5vt7s,5,4,832,1040,832,1040,0.013919135354373351,0.023818443519924286,0.09479464285714286
Batch_3,cfe5vt7s,5,5,1040,1248,1040,1248,0.4019380782836139,0.6877969911469527,0.10260027472527472
Batch_3,cfe5vt7s,5,6,1248,1456,1248,1456,0.002177745514881261,0.003726561113630538,0.13064491758241759
Batch_3,cfe5vt7s,5,7,1456,1664,1456,1664,0.1119868183022803,0.19163199716071533,0.1030570054945055
Batch_3,cfe5vt7s,5,8,1664,1872,1664,1872,0.19152638067913397,0.09302600705877713,0.09347252747252748
Batch_3,cfe5vt7s,5,9,1872,2080,1872,2080,0.2784518418657172,0.0,0.09146909340659341
Batch_3,hawkfj64,-5,0,0,190,0,190,0.0,0.0,0.0663624060150376
Batch_3,hawkfj64,-5,1,190,380,190,380,0.0,0.0,0.07385037593984962
Batch_3,hawkfj64,-5,2,380,571,380,571,0.0,0.0,0.08948765893792072
Batch_3,hawkfj64,-5,3,571,761,571,761,0.0,0.0,0.07594060150375939
Batch_3,hawkfj64,-5,4,761,952,761,952,0.21250545597123685,0.21250545597123685,0.09470082273747195
Batch_3,hawkfj64,-5,5,952,1142,952,1142,0.22303270623571275,0.22303270623571275,0.08115789473684211
Batch_3,hawkfj64,-5,6,1142,1332,1142,1332,0.2881566585042871,0.2881566585042871,0.07314135338345865
Batch_3,hawkfj64,-5,7,1332,1523,1332,1523,0.10999238013508615,0.10999238013508615,0.0721301421091997
Batch_3,hawkfj64,-5,8,1523,1713,1523,1713,0.15817507934276814,0.15817507934276814,0.08806766917293234
Batch_3,hawkfj64,-5,9,1713,1904,1713,1904,0.008137719810908984,0.008137719810908984,0.061534031413612564
Batch_3,hawkfj64,0,0,0,190,0,190,0.0,0.0,0.0811654135338346
Batch_3,hawkfj64,0,1,190,380,190,380,0.0014043317659098464,0.0014043317659098464,0.08864135338345865
Batch_3,hawkfj64,0,2,380,571,380,571,0.20581303712888852,0.20581303712888852,0.1091077038145101
Batch_3,hawkfj64,0,3,571,761,571,761,0.10304284332363498,0.10304284332363498,0.09125037593984962
Batch_3,hawkfj64,0,4,761,952,761,952,0.15650455847585185,0.15650455847585185,0.11146746447270008
Batch_3,hawkfj64,0,5,952,1142,952,1142,0.13086803389817847,0.13086803389817847,0.09623383458646617
Batch_3,hawkfj64,0,6,1142,1332,1142,1332,0.15589950064053962,0.15589950064053962,0.0856593984962406
Batch_3,hawkfj64,0,7,1332,1523,1332,1523,0.06760214085895803,0.06760214085895803,0.08654225878833209
Batch_3,hawkfj64,0,8,1523,1713,1523,1713,0.15176120384099678,0.15176120384099678,0.10483609022556391
Batch_3,hawkfj64,0,9,1713,1904,1713,1904,0.027104350067041903,0.027104350067041903,0.07578085265519821
Batch_3,hawkfj64,5,0,0,190,0,190,0.0,0.0,0.09825563909774436
Batch_3,hawkfj64,5,1,190,380,190,380,0.05287583631670348,0.05287583631670348,0.10680902255639098
Batch_3,hawkfj64,5,2,380,571,380,571,0.17753391849623237,0.17753391849623237,0.13197531787584144
Batch_3,hawkfj64,5,3,571,761,571,761,0.08600056147812844,0.08600056147812844,0.10747293233082707
Batch_3,hawkfj64,5,4,761,952,761,952,0.15094072430678568,0.15094072430678568,0.1306761406133134
Batch_3,hawkfj64,5,5,952,1142,952,1142,0.1401981073715122,0.1401981073715122,0.11327218045112782
Batch_3,hawkfj64,5,6,1142,1332,1142,1332,0.11479246426787973,0.11479246426787973,0.10055563909774436
Batch_3,hawkfj64,5,7,1332,1523,1332,1523,0.06643578156016387,0.06643578156016387,0.10280628272251309
Batch_3,hawkfj64,5,8,1523,1713,1523,1713,0.1622646947024787,0.1622646947024787,0.1220203007518797
Batch_3,hawkfj64,5,9,1713,1904,1713,1904,0.048957911500115525,0.048957911500115525,0.09176364996260285
Batch_3,hzumfsms,-5,0,0,208,0,208,0.0,0.0,0.09783653846153846
Batch_3,hzumfsms,-5,1,208,417,208,417,0.09787552868621381,0.19769162292414894,0.12880246069719753
Batch_3,hzumfsms,-5,2,417,626,417,626,0.2742481371552236,0.553933756945084,0.19379084073820915
Batch_3,hzumfsms,-5,3,626,835,626,835,0.041597327655513154,0.08401940019031832,0.10269172932330826
Batch_3,hzumfsms,-5,4,835,1044,835,1044,0.0,0.0,0.0640997949419002
Batch_3,hzumfsms,-5,5,1044,1252,1044,1252,0.025761437327412352,0.012999969303496332,0.10149107142857143
Batch_3,hzumfsms,-5,6,1252,1461,1252,1461,0.1338223918273432,0.14721736194247476,0.13444497607655503
Batch_3,hzumfsms,-5,7,1461,1670,1461,1670,0.06228428918584983,0.004137888694477699,0.09829528366370471
Batch_3,hzumfsms,-5,8,1670,1879,1670,1879,0.03149244907667033,0.0,0.07316473000683527
Batch_3,hzumfsms,-5,9,1879,2088,1879,2088,0.3329184390857737,0.0,0.19539302802460698
Batch_3,hzumfsms,0,0,0,208,0,208,0.03625513600328434,0.0,0.11413255494505495
Batch_3,hzumfsms,0,1,208,417,208,417,0.1238370329098962,0.19771835929882342,0.1545604921394395
Batch_3,hzumfsms,0,2,417,626,417,626,0.2962984684756827,0.5692357695391216,0.2312535885167464
Batch_3,hzumfsms,0,3,626,835,626,835,0.04194069022921547,0.08057463543585187,0.12566917293233082
Batch_3,hzumfsms,0,4,835,1044,835,1044,0.0031264344999565774,0.006006370392840892,0.07849487354750513
Batch_3,hzumfsms,0,5,1044,1252,1044,1252,0.02381932547062877,0.009932612511104852,0.12280837912087912
Batch_3,hzumfsms,0,6,1252,1461,1252,1461,0.12476300791872173,0.12961365950900305,0.15996035543403964
Batch_3,hzumfsms,0,7,1461,1670,1461,1670,0.06049740986405875,0.006918593313254317,0.11982023239917977
Batch_3,hzumfsms,0,8,1670,1879,1670,1879,0.025569767874644864,0.0,0.08969651401230348
Batch_3,hzumfsms,0,9,1879,2088,1879,2088,0.26389272675391057,0.0,0.21636637047163362
Batch_3,hzumfsms,5,0,0,208,0,208,0.02805077164129677,0.0003060156616506081,0.1318688186813187
Batch_3,hzumfsms,5,1,208,417,208,417,0.1294861381359018,0.1867373967016708,0.18180724538619275
Batch_3,hzumfsms,5,2,417,626,417,626,0.2549958563513155,0.44505936270794993,0.26965276828434726
Batch_3,hzumfsms,5,3,626,835,626,835,0.062251937135165324,0.10908014867742052,0.15324196855775804
Batch_3,hzumfsms,5,4,835,1044,835,1044,0.0075079948529787315,0.013155786510771896,0.094850991114149
Batch_3,hzumfsms,5,5,1044,1252,1044,1252,0.06395388110776287,0.08512576233264768,0.1436043956043956
Batch_3,hzumfsms,5,6,1252,1461,1252,1461,0.12948119541381292,0.13769116957165026,0.18401845522898155
Batch_3,hzumfsms,5,7,1461,1670,1461,1670,0.0745708481546347,0.022844357836238317,0.14299931647300068
Batch_3,hzumfsms,5,8,1670,1879,1670,1879,0.03853016625669533,0.0,0.10814217361585783
Batch_3,hzumfsms,5,9,1879,2088,1879,2088,0.21117121095043603,0.0,0.2402535885167464
Batch_3,kbdh4tri,-5,0,0,206,0,206,0.0,0.0,0.030067961165048545
Batch_3,kbdh4tri,-5,1,206,412,206,412,0.0,0.0,0.06120527045769764
Batch_3,kbdh4tri,-5,2,412,618,412,618,0.0,0.0,0.04057212205270458
Batch_3,kbdh4tri,-5,3,618,824,618,824,0.22009700741283061,0.22009700741283061,0.05150970873786408
Batch_3,kbdh4tri,-5,4,824,1030,824,1030,0.7799029925871694,0.7799029925871694,0.06440360610263524
Batch_3,kbdh4tri,-5,5,1030,1236,1030,1236,0.0,0.0,0.051251040221914006
Batch_3,kbdh4tri,-5,6,1236,1442,1236,1442,0.0,0.0,0.058432038834951454
Batch_3,kbdh4tri,-5,7,1442,1648,1442,1648,0.0,0.0,0.06865742024965325
Batch_3,kbdh4tri,-5,8,1648,1854,1648,1854,0.0,0.0,0.047936199722607487
Batch_3,kbdh4tri,-5,9,1854,2060,1854,2060,0.0,0.0,0.06925936199722607
Batch_3,kbdh4tri,0,0,0,206,0,206,0.0,0.0,0.04460263522884882
Batch_3,kbdh4tri,0,1,206,412,206,412,0.0,0.0,0.08176699029126214
Batch_3,kbdh4tri,0,2,412,618,412,618,0.03562425481178675,0.0,0.05507975034674064
Batch_3,kbdh4tri,0,3,618,824,618,824,0.09132175097939023,0.056280730976824636,0.07078502080443828
Batch_3,kbdh4tri,0,4,824,1030,824,1030,0.2631238289899506,0.15429953393020165,0.08442233009708738
Batch_3,kbdh4tri,0,5,1030,1236,1030,1236,0.0,0.0,0.07049861303744799
Batch_3,kbdh4tri,0,6,1236,1442,1236,1442,0.0,0.0,0.07830374479889043
Batch_3,kbdh4tri,0,7,1442,1648,1442,1648,0.2550161812297735,0.4795874241235165,0.09164909847434119
Batch_3,kbdh4tri,0,8,1648,1854,1648,1854,0.16475046840401975,0.30983231096945724,0.06317337031900139
Batch_3,kbdh4tri,0,9,1854,2060,1854,2060,0.1901635155850792,0.0,0.0911366158113731
Batch_3,kbdh4tri,5,0,0,206,0,206,0.05566670477497047,0.09995637707315821,0.06513384188626907
Batch_3,kbdh4tri,5,1,206,412,206,412,0.06635608399070157,0.11915046488354389,0.10636061026352288
Batch_3,kbdh4tri,5,2,412,618,412,618,0.02540871155824854,0.0,0.07211442441054092
Batch_3,kbdh4tri,5,3,618,824,618,824,0.1615125185777981,0.15793210219739803,0.09017891816920943
Batch_3,kbdh4tri,5,4,824,1030,824,1030,0.21280153195381274,0.11645610763743361,0.10771636615811372
Batch_3,kbdh4tri,5,5,1030,1236,1030,1236,0.0015624404557753133,0.0028055529419815073,0.09051733703190014
Batch_3,kbdh4tri,5,6,1236,1442,1236,1442,0.0,0.0,0.09964008321775313
Batch_3,kbdh4tri,5,7,1442,1648,1442,1648,0.1798616668572082,0.32296362190042,0.11478918169209432
Batch_3,kbdh4tri,5,8,1648,1854,1648,1854,0.10080122708738234,0.18073577336606478,0.08169486823855755
Batch_3,kbdh4tri,5,9,1854,2060,1854,2060,0.19602911474410273,0.0,0.11423162274618585
Batch_3,mgxahqnk,-5,0,0,190,0,190,0.0,0.0,0.060843609022556394
Batch_3,mgxahqnk,-5,1,190,380,190,380,0.007839046572056765,0.011570232695357155,0.08969624060150376
Batch_3,mgxahqnk,-5,2,380,571,380,571,0.25359159504297424,0.37429472286757387,0.12347270007479431
Batch_3,mgxahqnk,-5,3,571,761,571,761,0.11778557865280831,0.17384850831581664,0.07113458646616541
Batch_3,mgxahqnk,-5,4,761,952,761,952,0.0012554967019788128,0.0018530810930412656,0.07911368735976065
Batch_3,mgxahqnk,-5,5,952,1142,952,1142,0.009013341994803118,0.013303462772430578,0.08268796992481203
Batch_3,mgxahqnk,-5,6,1142,1332,1142,1332,0.09517414551269239,0.14047461002323267,0.06604887218045113
Batch_3,mgxahqnk,-5,7,1332,1523,1332,1523,0.2137342594443334,0.2732510970977616,0.08272550486163052
Batch_3,mgxahqnk,-5,8,1523,1713,1523,1713,0.1485546172296622,0.011404285134786297,0.09134586466165413
Batch_3,mgxahqnk,-5,9,1713,1904,1713,1904,0.1530519188486908,0.0,0.05535527299925206
Batch_3,mgxahqnk,0,0,0,190,0,190,0.013518378133430459,0.018057260523502157,0.07561729323308271
Batch_3,mgxahqnk,0,1,190,380,190,380,0.046556243991479014,0.06218780229788823,0.10450075187969925
Batch_3,mgxahqnk,0,2,380,571,380,571,0.22272713797469962,0.2975092068269117,0.14284592370979807
Batch_3,mgxahqnk,0,3,571,761,571,761,0.08727231146478742,0.11657455125557925,0.08378571428571428
Batch_3,mgxahqnk,0,4,761,952,761,952,0.08387154152708547,0.11203195094217942,0.09416753926701571
Batch_3,mgxahqnk,0,5,952,1142,952,1142,0.06126044476819285,0.08182903304275023,0.09789548872180451
Batch_3,mgxahqnk,0,6,1142,1332,1142,1332,0.07087831342139478,0.09467616294527949,0.08242556390977443
Batch_3,mgxahqnk,0,7,1332,1523,1332,1523,0.16983944808426116,0.19827912949522264,0.10028646222887061
Batch_3,mgxahqnk,0,8,1523,1713,1523,1713,0.12745899382948717,0.018854902670686933,0.11207744360902255
Batch_3,mgxahqnk,0,9,1713,1904,1713,1904,0.11661718680518204,0.0,0.06906731488406881
Batch_3,mgxahqnk,5,0,0,190,0,190,0.012777684075365756,0.016886389864570937,0.09346616541353384
Batch_3,mgxahqnk,5,1,190,380,190,380,0.10056203311261881,0.13289808127181804,0.12116917293233083
Batch_3,mgxahqnk,5,2,380,571,380,571,0.2534644199850922,0.3349667269452424,0.1632041884816754
Batch_3,mgxahqnk,5,3,571,761,571,761,0.11243110605722619,0.06811359215971066,0.09908195488721805
Batch_3,mgxahqnk,5,4,761,952,761,952,0.06490312681926255,0.07941672388937024,0.10973448017950636
Batch_3,mgxahqnk,5,5,952,1142,952,1142,0.0462657170682873,0.061142608564351275,0.11471954887218046
Batch_3,mgxahqnk,5,6,1142,1332,1142,1332,0.070047389239215,0.09257135461418715,0.09954511278195488
Batch_3,mgxahqnk,5,7,1332,1523,1332,1523,0.14752961147352786,0.17597868798826546,0.12002692595362753
Batch_3,mgxahqnk,5,8,1523,1713,1523,1713,0.11059212065485291,0.038025834702483885,0.13468646616541352
Batch_3,mgxahqnk,5,9,1713,1904,1713,1904,0.08142679151455139,0.0,0.08371802543006732
Batch_3,pl8uabbv,-5,0,0,227,0,227,0.0,0.0,0.05593643801132788
Batch_3,pl8uabbv,-5,1,227,454,227,454,0.13409015871065827,0.15079831098292848,0.08580679672750158
Batch_3,pl8uabbv,-5,2,454,681,454,681,0.36842064851002404,0.41432728591535917,0.11473568281938326
Batch_3,pl8uabbv,-5,3,681,908,681,908,0.15607315893332924,0.17552047803673354,0.1035330396475771
Batch_3,pl8uabbv,-5,4,908,1136,908,1136,0.11233366861951673,0.05623148859740776,0.07829135338345865
Batch_3,pl8uabbv,-5,5,1136,1363,1136,1363,0.09984873730199559,0.057785798785911044,0.08688294524858402
Batch_3,pl8uabbv,-5,6,1363,1590,1363,1590,0.0,0.0,0.08357394587791063
Batch_3,pl8uabbv,-5,7,1590,1817,1590,1817,0.07392292512880365,0.0831340074434188,0.12135619886721208
Batch_3,pl8uabbv,-5,8,1817,2044,1817,2044,0.0553107027956725,0.06220263023824121,0.0869685336689742
Batch_3,pl8uabbv,-5,9,2044,2272,2044,2272,0.0,0.0,0.07944862155388471
Batch_3,pl8uabbv,0,0,0,227,0,227,0.0,0.0,0.06802454373820013
Batch_3,pl8uabbv,0,1,227,454,227,454,0.12144590791961216,0.13419212062089148,0.10089490245437382
Batch_3,pl8uabbv,0,2,454,681,454,681,0.36153937344406106,0.3994843139755739,0.13436438011327878
Batch_3,pl8uabbv,0,3,681,908,681,908,0.1481690615387495,0.1637199714580195,0.12242290748898678
Batch_3,pl8uabbv,0,4,908,1136,908,1136,0.09600806124549986,0.04825938731260707,0.09342293233082707
Batch_3,pl8uabbv,0,5,1136,1363,1136,1363,0.09075140541451149,0.05314737382755542,0.1007331655129012
Batch_3,pl8uabbv,0,6,1363,1590,1363,1590,0.0,0.0,0.09542101950912524
Batch_3,pl8uabbv,0,7,1590,1817,1590,1817,0.1175993461156901,0.12994184743828832,0.13576211453744494
Batch_3,pl8uabbv,0,8,1817,2044,1817,2044,0.0644868443218758,0.07125498536706434,0.10150031466331026
Batch_3,pl8uabbv,0,9,2044,2272,2044,2272,0.0,0.0,0.09161904761904761
Batch_3,pl8uabbv,5,0,0,227,0,227,0.0,0.0,0.08258716173694147
Batch_3,pl8uabbv,5,1,227,454,227,454,0.11748382445866448,0.14479517897845062,0.11942794210195092
Batch_3,pl8uabbv,5,2,454,681,454,681,0.3242868966990326,0.36747565467480703,0.15856261799874136
Batch_3,pl8uabbv,5,3,681,908,681,908,0.17729995283060848,0.16015812669879803,0.14355884203901825
Batch_3,pl8uabbv,5,4,908,1136,908,1136,0.06031808189674353,0.035721102060605,0.11174436090225563
Batch_3,pl8uabbv,5,5,1136,1363,1136,1363,0.06017746371071813,0.036883798375296435,0.11662617998741347
Batch_3,pl8uabbv,5,6,1363,1590,1363,1590,0.08733813333807994,0.05125955111147187,0.10930144745122719
Batch_3,pl8uabbv,5,7,1590,1817,1590,1817,0.09647119552157778,0.10926932214804853,0.15095594713656388
Batch_3,pl8uabbv,5,8,1817,2044,1817,2044,0.07662445154457508,0.0944372659525225,0.11740528634361233
Batch_3,pl8uabbv,5,9,2044,2272,2044,2272,0.0,0.0,0.10584147869674186
Batch_3,ptg8lmto,-5,0,0,161,0,161,0.003062186972752514,0.0034487918007032243,0.06610736468500443
Batch_3,ptg8lmto,-5,1,161,322,161,322,0.20059649542332575,0.22592204683174982,0.08799733806566104
Batch_3,ptg8lmto,-5,2,322,483,322,483,0.14157134696371873,0.15944490162340091,0.0713318544809228
Batch_3,ptg8lmto,-5,3,483,644,483,644,0.004616529167164853,0.005199371586743473,0.054752440106477375
Batch_3,ptg8lmto,-5,4,644,806,644,806,0.0026104977880514924,0.0029400763073240068,0.06435802469135803
Batch_3,ptg8lmto,-5,5,806,967,806,967,0.0626386619372152,0.07054686915538266,0.05407453416149068
Batch_3,ptg8lmto,-5,6,967,1128,967,1128,0.22203844672060366,0.25007107054686917,0.08547914818101153
Batch_3,ptg8lmto,-5,7,1128,1289,1128,1289,0.2394351228196033,0.2696640981521658,0.07387666370896184
Batch_3,ptg8lmto,-5,8,1289,1450,1289,1450,0.011332084545587396,0.012762773995660956,0.058570541259982255
Batch_3,ptg8lmto,-5,9,1450,1612,1450,1612,0.11209862766197708,0.0,0.0675978835978836
Batch_3,ptg8lmto,0,0,0,161,0,161,0.006462518479867814,0.007287459318325294,0.0829946761313221
Batch_3,ptg8lmto,0,1,161,322,161,322,0.0972149752152361,0.10962447213420203,0.10536468500443656
Batch_3,ptg8lmto,0,2,322,483,322,483,0.10459061657535437,0.11794161451853123,0.08569121561668146
Batch_3,ptg8lmto,0,3,483,644,483,644,0.03353008957300635,0.03781020734629835,0.0684826974267968
Batch_3,ptg8lmto,0,4,644,806,644,806,0.05523849899991304,0.06228969642736751,0.07768253968253969
Batch_3,ptg8lmto,0,5,806,967,806,967,0.10877032785459605,0.12265486617184675,0.06618012422360249
Batch_3,ptg8lmto,0,6,967,1128,967,1128,0.2502065396991043,0.28214541821680955,0.09857231588287489
Batch_3,ptg8lmto,0,7,1128,1289,1128,1289,0.21974736933646405,0.24779813308653628,0.08921206743566992
Batch_3,ptg8lmto,0,8,1289,1450,1289,1450,0.011039003391599269,0.012448132780082987,0.06867080745341615
Batch_3,ptg8lmto,0,9,1450,1612,1450,1612,0.11320006087485868,0.0,0.07888271604938271
Batch_3,ptg8lmto,5,0,0,161,0,161,0.03319003968414213,0.03602724059470251,0.10025732031943212
Batch_3,ptg8lmto,5,1,161,322,161,322,0.18452575431074042,0.20029966248122127,0.12325465838509317
Batch_3,ptg8lmto,5,2,322,483,322,483,0.11394231298710357,0.12368250122534857,0.09968589174800355
Batch_3,ptg8lmto,5,3,483,644,483,644,0.0498015792893565,0.054058792822445995,0.08386335403726708
Batch_3,ptg8lmto,5,4,644,806,644,806,0.03974287906432061,0.04314023965028751,0.09252557319223986
Batch_3,ptg8lmto,5,5,806,967,806,967,0.08071556271819853,0.0876154118964411,0.07925554569653949
Batch_3,ptg8lmto,5,6,967,1128,967,1128,0.2128075888120822,0.2309991273127209,0.11257852706299912
Batch_3,ptg8lmto,5,7,1128,1289,1128,1289,0.19775624905929126,0.21466114628868813,0.1056175687666371
Batch_3,ptg8lmto,5,8,1289,1450,1289,1450,0.00876648764138164,0.009515877728143966,0.07981100266193433
Batch_3,ptg8lmto,5,9,1450,1612,1450,1612,0.07875154643338314,0.0,0.09152292768959436
Batch_3,tuy3zymq,-5,0,0,206,0,206,0.0,0.0,0.04726074895977809
Batch_3,tuy3zymq,-5,1,206,412,206,412,0.0,0.0,0.052352288488210816
Batch_3,tuy3zymq,-5,2,412,618,412,618,0.0,0.0,0.06026699029126214
Batch_3,tuy3zymq,-5,3,618,824,618,824,0.13663812929358873,0.13663812929358873,0.07897711511789182
Batch_3,tuy3zymq,-5,4,824,1030,824,1030,0.08752615101562385,0.08752615101562385,0.07916712898751734
Batch_3,tuy3zymq,-5,5,1030,1236,1030,1236,0.09758594596198644,0.09758594596198644,0.05878363384188627
Batch_3,tuy3zymq,-5,6,1236,1442,1236,1442,0.2641660608038933,0.2641660608038933,0.07077877947295423
Batch_3,tuy3zymq,-5,7,1442,1648,1442,1648,0.3277890707301512,0.3277890707301512,0.07068307905686547
Batch_3,tuy3zymq,-5,8,1648,1854,1648,1854,0.08629464219475644,0.08629464219475644,0.06733980582524272
Batch_3,tuy3zymq,-5,9,1854,2060,1854,2060,0.0,0.0,0.03579611650485437
Batch_3,tuy3zymq,0,0,0,206,0,206,0.0,0.0,0.06285298196948683
Batch_3,tuy3zymq,0,1,206,412,206,412,0.05805033083551379,0.05805033083551379,0.06960679611650486
Batch_3,tuy3zymq,0,2,412,618,412,618,0.10465498582133512,0.10465498582133512,0.07805201109570041
Batch_3,tuy3zymq,0,3,618,824,618,824,0.17134950751400743,0.17134950751400743,0.09881345353675451
Batch_3,tuy3zymq,0,4,824,1030,824,1030,0.18685699412304616,0.18685699412304616,0.10379542302357836
Batch_3,tuy3zymq,0,5,1030,1236,1030,1236,0.1257517432223242,0.1257517432223242,0.07455686546463246
Batch_3,tuy3zymq,0,6,1236,1442,1236,1442,0.22160499746564927,0.22160499746564927,0.08765742024965326
Batch_3,tuy3zymq,0,7,1442,1648,1442,1648,0.13173144101812403,0.13173144101812403,0.09357697642163662
Batch_3,tuy3zymq,0,8,1648,1854,1648,1854,0.0,0.0,0.08783217753120666
Batch_3,tuy3zymq,0,9,1854,2060,1854,2060,0.0,0.0,0.05049653259361997
Batch_3,tuy3zymq,5,0,0,206,0,206,0.0,0.0,0.08162135922330097
Batch_3,tuy3zymq,5,1,206,412,206,412,0.040217131843940906,0.040217131843940906,0.0902988904299584
Batch_3,tuy3zymq,5,2,412,618,412,618,0.075677873946831,0.075677873946831,0.09919694868238557
Batch_3,tuy3zymq,5,3,618,824,618,824,0.1245634818894714,0.1245634818894714,0.1192128987517337
Batch_3,tuy3zymq,5,4,824,1030,824,1030,0.14300554322744916,0.14300554322744916,0.13036546463245494
Batch_3,tuy3zymq,5,5,1030,1236,1030,1236,0.09627710832721839,0.09627710832721839,0.09286407766990291
Batch_3,tuy3zymq,5,6,1236,1442,1236,1442,0.1746293463942499,0.1746293463942499,0.10525173370319002
Batch_3,tuy3zymq,5,7,1442,1648,1442,1648,0.21878066677865107,0.21878066677865107,0.117626213592233
Batch_3,tuy3zymq,5,8,1648,1854,1648,1854,0.11631936770075413,0.11631936770075413,0.11063384188626907
Batch_3,tuy3zymq,5,9,1854,2060,1854,2060,0.010529479891434077,0.010529479891434077,0.06950832177531206
Batch_3,ufdvpb81,-5,0,0,208,0,208,0.0002890208805339538,0.0006382345782513455,0.05032486263736264
Batch_3,ufdvpb81,-5,1,208,417,208,417,0.09006429489927133,0.1988857938718663,0.10933902939166097
Batch_3,ufdvpb81,-5,2,417,626,417,626,0.060687036923642156,0.13401303512994564,0.09775598086124401
Batch_3,ufdvpb81,-5,3,626,835,626,835,0.03613495805523238,0.07979554858425508,0.07071086807928913
Batch_3,ufdvpb81,-5,4,835,1044,835,1044,0.013836262323189028,0.03055412824188009,0.07977990430622009
Batch_3,ufdvpb81,-5,5,1044,1252,1044,1252,0.011340395566713611,0.02504259404494686,0.08460164835164835
Batch_3,ufdvpb81,-5,6,1252,1461,1252,1461,0.14997489437266548,0.33118424966871296,0.12862952836637048
Batch_3,ufdvpb81,-5,7,1461,1670,1461,1670,0.038486314371440816,0.08498796549206264,0.13326657552973342
Batch_3,ufdvpb81,-5,8,1670,1879,1670,1879,0.09536709325822056,0.11360034616112719,0.07085577580314423
Batch_3,ufdvpb81,-5,9,1879,2088,1879,2088,0.5038197293490907,0.001298104226951889,0.1876015037593985
Batch_3,ufdvpb81,0,0,0,208,0,208,0.00023179580220663882,0.000370930922129693,0.06526304945054945
Batch_3,ufdvpb81,0,1,208,417,208,417,0.060565953775338355,0.0969205864372085,0.13101777170198223
Batch_3,ufdvpb81,0,2,417,626,417,626,0.09978952368824323,0.15968805167388303,0.1175228981544771
Batch_3,ufdvpb81,0,3,626,835,626,835,0.03307955031614372,0.05293550610318749,0.08584894053315106
Batch_3,ufdvpb81,0,4,835,1044,835,1044,0.03537747660221694,0.05661275956578185,0.09718386876281614
Batch_3,ufdvpb81,0,5,1044,1252,1044,1252,0.0920329493440322,0.1472756039648394,0.10116277472527473
Batch_3,ufdvpb81,0,6,1252,1461,1252,1461,0.16375371839099373,0.2538014695275668,0.15017224880382776
Batch_3,ufdvpb81,0,7,1461,1670,1461,1670,0.08012265145780958,0.10573134068631379,0.15336637047163362
Batch_3,ufdvpb81,0,8,1670,1879,1670,1879,0.09125028080201347,0.10124124477090436,0.08411346548188653
Batch_3,ufdvpb81,0,9,1879,2088,1879,2088,0.3437960998210021,0.025422506348185072,0.21193506493506495
Batch_3,ufdvpb81,5,0,0,208,0,208,0.012450054786469007,0.018698199600430846,0.08224175824175824
Batch_3,ufdvpb81,5,1,208,417,208,417,0.06592962809426776,0.09901686111683525,0.15427546138072454
Batch_3,ufdvpb81,5,2,417,626,417,626,0.08464266182443807,0.1271211583121053,0.1382611073137389
Batch_3,ufdvpb81,5,3,626,835,626,835,0.06986393882599311,0.10492563249283508,0.1035064935064935
Batch_3,ufdvpb81,5,4,835,1044,835,1044,0.06974911105791406,0.10475317762705028,0.11694258373205742
Batch_3,ufdvpb81,5,5,1044,1252,1044,1252,0.08088740456158175,0.1214812996081767,0.12001510989010988
Batch_3,ufdvpb81,5,6,1252,1461,1252,1461,0.15793099824255127,0.23076799413068863,0.17239986329460014
Batch_3,ufdvpb81,5,7,1461,1670,1461,1670,0.0765589815750088,0.09913231818799627,0.17179015721120985
Batch_3,ufdvpb81,5,8,1670,1879,1670,1879,0.07904140222220925,0.0759839061611693,0.0993820915926179
Batch_3,ufdvpb81,5,9,1879,2088,1879,2088,0.3029458188095669,0.018119452762712335,0.23596992481203008
Batch_3,utfgcjfa,-5,0,0,206,0,206,0.09416088784230861,0.0,0.08827721249868163
Batch_3,utfgcjfa,-5,1,206,413,206,413,0.0,0.0,0.059381758520396746
Batch_3,utfgcjfa,-5,2,413,620,413,620,0.0,0.0,0.050345539065801574
Batch_3,utfgcjfa,-5,3,620,827,620,827,0.00675103974070277,0.007452802214095088,0.06627458616794138
Batch_3,utfgcjfa,-5,4,827,1034,827,1034,0.15693928988731853,0.17325294059503807,0.1238955041252006
Batch_3,utfgcjfa,-5,5,1034,1240,1034,1240,0.25840186593724396,0.2852624295739844,0.09925505281797643
Batch_3,utfgcjfa,-5,6,1240,1447,1240,1447,0.24172124652487095,0.2668478798062667,0.08597735628088377
Batch_3,utfgcjfa,-5,7,1447,1654,1447,1654,0.19842595121165046,0.21905209054067412,0.1042065445264789
Batch_3,utfgcjfa,-5,8,1654,1861,1654,1861,0.0435997188559047,0.04813185726994168,0.07230080404813793
Batch_3,utfgcjfa,-5,9,1861,2068,1861,2068,0.0,0.0,0.07066011495872038
Batch_3,utfgcjfa,0,0,0,206,0,206,0.06421941826318801,0.0,0.1022415027727356
Batch_3,utfgcjfa,0,1,206,413,206,413,0.0,0.0,0.07001792604745845
Batch_3,utfgcjfa,0,2,413,620,413,620,0.0,0.0,0.06300909008046006
Batch_3,utfgcjfa,0,3,620,827,620,827,0.005890423172832724,0.006683266054686608,0.08120582361763658
Batch_3,utfgcjfa,0,4,827,1034,827,1034,0.27237167189652645,0.30903252544568705,0.14550757782915288
Batch_3,utfgcjfa,0,5,1034,1240,1034,1240,0.2149170364958885,0.2438445749044665,0.11576795616912855
Batch_3,utfgcjfa,0,6,1240,1447,1240,1447,0.20535947975598462,0.23300058413311708,0.10271224688780062
Batch_3,utfgcjfa,0,7,1447,1654,1447,1654,0.1494033357972636,0.16951281992709757,0.12134194004579567
Batch_3,utfgcjfa,0,8,1654,1861,1654,1861,0.05562250670869729,0.03792622953494519,0.09003419483321042
Batch_3,utfgcjfa,0,9,1861,2068,1861,2068,0.03221612790961882,0.0,0.0840853158326497
Batch_3,utfgcjfa,5,0,0,206,0,206,0.10895032032478352,0.05665609934335389,0.11817085491293222
Batch_3,utfgcjfa,5,1,206,413,206,413,0.0,0.0,0.08176514944357438
Batch_3,utfgcjfa,5,2,413,620,413,620,0.0,0.0,0.07764063937156636
Batch_3,utfgcjfa,5,3,620,827,620,827,0.006202332621500481,0.006947620775042191,0.09783506379076519
Batch_3,utfgcjfa,5,4,827,1034,827,1034,0.2807969399009692,0.31453821848598124,0.16729366401228582
Batch_3,utfgcjfa,5,5,1034,1240,1034,1240,0.2043578250768545,0.2289139840911839,0.1327749004979267
Batch_3,utfgcjfa,5,6,1240,1447,1240,1447,0.18605355173303922,0.20841022243952706,0.11961079208823261
Batch_3,utfgcjfa,5,7,1447,1654,1447,1654,0.1334287658695703,0.14946190769101356,0.13771913833439675
Batch_3,utfgcjfa,5,8,1654,1861,1654,1861,0.05071457067092202,0.03507194717389819,0.1101112298815334
Batch_3,utfgcjfa,5,9,1861,2068,1861,2068,0.029495693802360782,0.0,0.09888466287153735
Batch_3,vc2whyaq,-5,0,0,206,0,206,0.0,0.0,0.04872607489597781
Batch_3,vc2whyaq,-5,1,206,413,206,413,0.028419651213371474,0.04427377456516828,0.04808350586611456
Batch_3,vc2whyaq,-5,2,413,620,413,620,0.10004437824323671,0.15585491234915225,0.06125534851621808
Batch_3,vc2whyaq,-5,3,620,827,620,827,0.3245235929680257,0.5055616020151823,0.12774465148378192
Batch_3,vc2whyaq,-5,4,827,1034,827,1034,0.10203480836068526,0.1589557193803862,0.07808626639061422
Batch_3,vc2whyaq,-5,5,1034,1240,1034,1240,0.0767523913721665,0.11956930953994428,0.04655617198335645
Batch_3,vc2whyaq,-5,6,1240,1447,1240,1447,0.026213920707942828,0.015784682150166676,0.0624472049689441
Batch_3,vc2whyaq,-5,7,1447,1654,1447,1654,0.10149436044800056,0.0,0.0660904071773637
Batch_3,vc2whyaq,-5,8,1654,1861,1654,1861,0.07602740026978456,0.0,0.0658288474810214
Batch_3,vc2whyaq,-5,9,1861,2068,1861,2068,0.1644894964167864,0.0,0.07957902001380263
Batch_3,vc2whyaq,0,0,0,206,0,206,0.0,0.0,0.061852981969486825
Batch_3,vc2whyaq,0,1,206,413,206,413,0.02214714388695403,0.031815610859728505,0.05745203588681849
Batch_3,vc2whyaq,0,2,413,620,413,620,0.07211283752681541,0.10359412430130423,0.07455486542443064
Batch_3,vc2whyaq,0,3,620,827,620,827,0.30381249330519344,0.4364436385413894,0.14518771566597655
Batch_3,vc2whyaq,0,4,827,1034,827,1034,0.15740105437775212,0.22611541788661166,0.09692546583850932
Batch_3,vc2whyaq,0,5,1034,1240,1034,1240,0.058908507687809225,0.08462536598349747,0.05875589459084605
Batch_3,vc2whyaq,0,6,1240,1447,1240,1447,0.019764516511926164,0.01157006920415225,0.0745175983436853
Batch_3,vc2whyaq,0,7,1447,1654,1447,1654,0.07698231413045681,0.0,0.07988819875776397
Batch_3,vc2whyaq,0,8,1654,1861,1654,1861,0.0727092181334445,0.015167520628160767,0.0814375431331953
Batch_3,vc2whyaq,0,9,1861,2068,1861,2068,0.2161619144396483,0.09066825259515571,0.09717253278122844
Batch_3,vc2whyaq,5,0,0,206,0,206,0.0,0.0,0.07537656033287102
Batch_3,vc2whyaq,5,1,206,413,206,413,0.022909098127965377,0.030922586350116563,0.06787646652864045
Batch_3,vc2whyaq,5,2,413,620,413,620,0.11511678434434673,0.15538406114252198,0.08949551414768805
Batch_3,vc2whyaq,5,3,620,827,620,827,0.260913584658448,0.352179854765669,0.16148378191856452
Batch_3,vc2whyaq,5,4,827,1034,827,1034,0.15857480969743493,0.21404348693397168,0.11578743961352657
Batch_3,vc2whyaq,5,5,1034,1240,1034,1240,0.09113347759050815,0.12301151334887502,0.07299514563106796
Batch_3,vc2whyaq,5,6,1240,1447,1240,1447,0.023637001303608414,0.01732510398337457,0.08824154589371981
Batch_3,vc2whyaq,5,7,1447,1654,1447,1654,0.06437972723482818,0.0,0.0943567977915804
Batch_3,vc2whyaq,5,8,1654,1861,1654,1861,0.07416892206362756,0.030285436968359877,0.09765493443754314
Batch_3,vc2whyaq,5,9,1861,2068,1861,2068,0.1891665949792327,0.07684795650711136,0.1144327122153209
Batch_3,x77cy643,-5,0,0,206,0,206,0.0,0.0,0.042485442444226106
Batch_3,x77cy643,-5,1,206,413,206,413,0.07046240956275558,0.07046240956275558,0.04803365898525866
Batch_3,x77cy643,-5,2,413,620,413,620,0.15867804340987732,0.15867804340987732,0.08944586692740918
Batch_3,x77cy643,-5,3,620,827,620,827,0.25108131487889274,0.25108131487889274,0.10554340230304135
Batch_3,x77cy643,-5,4,827,1034,827,1034,0.039628551955541574,0.039628551955541574,0.06959670536372752
Batch_3,x77cy643,-5,5,1034,1240,1034,1240,0.07207455174583202,0.07207455174583202,0.06789108339300683
Batch_3,x77cy643,-5,6,1240,1447,1240,1447,0.15354015937925972,0.15354015937925972,0.11536405896537151
Batch_3,x77cy643,-5,7,1447,1654,1447,1654,0.021482122260668972,0.021482122260668972,0.07787058443334079
Batch_3,x77cy643,-5,8,1654,1861,1654,1861,0.23305284680717206,0.23305284680717206,0.09756437771203973
Batch_3,x77cy643,-5,9,1861,2068,1861,2068,0.0,0.0,0.07662556657634591
Batch_3,x77cy643,0,0,0,206,0,206,0.0,0.0,0.0540371196855901
Batch_3,x77cy643,0,1,206,413,206,413,0.0357174359555942,0.0399302681857402,0.05790472402449433
Batch_3,x77cy643,0,2,413,620,413,620,0.19763668897037512,0.1127964922784342,0.10558000016572618
Batch_3,x77cy643,0,3,620,827,620,827,0.16862926700185235,0.17872123122435682,0.12725767381222672
Batch_3,x77cy643,0,4,827,1034,827,1034,0.09712824002318578,0.10858440895243797,0.08571564703640175
Batch_3,x77cy643,0,5,1034,1240,1034,1240,0.042024219055179626,0.046980929405342584,0.08317512920004219
Batch_3,x77cy643,0,6,1240,1447,1240,1447,0.1938658501241195,0.2167321136135519,0.13240070930801037
Batch_3,x77cy643,0,7,1447,1654,1447,1654,0.13954623924192594,0.1560055644579056,0.09595269070248562
Batch_3,x77cy643,0,8,1654,1861,1654,1861,0.12545205962776748,0.14024899188223072,0.11342161014023196
Batch_3,x77cy643,0,9,1861,2068,1861,2068,0.0,0.0,0.0918723742759838
Batch_3,x77cy643,5,0,0,206,0,206,0.0,0.0,0.06625700122677591
Batch_3,x77cy643,5,1,206,413,206,413,0.022167659412492956,0.026636537159599592,0.06899180484086144
Batch_3,x77cy643,5,2,413,620,413,620,0.12943508648289093,0.0785782374691214,0.12329543728231177
Batch_3,x77cy643,5,3,620,827,620,827,0.16863739746703776,0.1947926973682721,0.15083360263836063
Batch_3,x77cy643,5,4,827,1034,827,1034,0.13567233169330845,0.16302312469857286,0.1050192932883663
Batch_3,x77cy643,5,5,1034,1240,1034,1240,0.03125594752422821,0.036476930775344224,0.10006550206220476
Batch_3,x77cy643,5,6,1240,1447,1240,1447,0.18691761371666324,0.1995928893759524,0.15050560292561932
Batch_3,x77cy643,5,7,1447,1654,1447,1654,0.14147240442976317,0.15786065404880345,0.11705446590598355
Batch_3,x77cy643,5,8,1654,1861,1654,1861,0.10908395407427786,0.09860998213513446,0.13156586372336987
Batch_3,x77cy643,5,9,1861,2068,1861,2068,0.07535760519933746,0.04442894696919952,0.1086003596257903
Batch_3,x7u69zsw,-5,0,0,206,0,206,0.0,0.0,0.018493065187239945
Batch_3,x7u69zsw,-5,1,206,412,206,412,0.0,0.0,0.0705
Batch_3,x7u69zsw,-5,2,412,618,412,618,0.2517012532003773,0.2517012532003773,0.049187933425797505
Batch_3,x7u69zsw,-5,3,618,824,618,824,0.17261824551947177,0.17261824551947177,0.05173578363384189
Batch_3,x7u69zsw,-5,4,824,1030,824,1030,0.0,0.0,0.04159292649098474
Batch_3,x7u69zsw,-5,5,1030,1236,1030,1236,0.011521358307505726,0.011521358307505726,0.05405686546463245
Batch_3,x7u69zsw,-5,6,1236,1442,1236,1442,0.13685824012936262,0.13685824012936262,0.04083356449375867
Batch_3,x7u69zsw,-5,7,1442,1648,1442,1648,0.4273009028432826,0.4273009028432826,0.05794729542302358
Batch_3,x7u69zsw,-5,8,1648,1854,1648,1854,0.0,0.0,0.04635367545076283
Batch_3,x7u69zsw,-5,9,1854,2060,1854,2060,0.0,0.0,0.03372746185852982
Batch_3,x7u69zsw,0,0,0,206,0,206,0.0,0.0,0.028525658807212206
Batch_3,x7u69zsw,0,1,206,412,206,412,0.0,0.0,0.09143897364771152
Batch_3,x7u69zsw,0,2,412,618,412,618,0.20119719430537022,0.20119719430537022,0.06570388349514564
Batch_3,x7u69zsw,0,3,618,824,618,824,0.23816577101516692,0.23816577101516692,0.06926490984743412
Batch_3,x7u69zsw,0,4,824,1030,824,1030,0.04375022952344811,0.04375022952344811,0.058810679611650485
Batch_3,x7u69zsw,0,5,1030,1236,1030,1236,0.00991541295858785,0.00991541295858785,0.07236615811373093
Batch_3,x7u69zsw,0,6,1236,1442,1236,1442,0.10430769607423095,0.10430769607423095,0.05555478502080444
Batch_3,x7u69zsw,0,7,1442,1648,1442,1648,0.3990770097073117,0.3990770097073117,0.07663176144244105
Batch_3,x7u69zsw,0,8,1648,1854,1648,1854,0.0035866864158842467,0.0035866864158842467,0.06489320388349515
Batch_3,x7u69zsw,0,9,1854,2060,1854,2060,0.0,0.0,0.04747087378640777
Batch_3,x7u69zsw,5,0,0,206,0,206,0.0817943407073722,0.0817943407073722,0.04037864077669903
Batch_3,x7u69zsw,5,1,206,412,206,412,0.0608220386369185,0.0608220386369185,0.11423092926490985
Batch_3,x7u69zsw,5,2,412,618,412,618,0.1539018877434496,0.1539018877434496,0.08746601941747573
Batch_3,x7u69zsw,5,3,618,824,618,824,0.17102309867141294,0.17102309867141294,0.08812829403606103
Batch_3,x7u69zsw,5,4,824,1030,824,1030,0.03465982028241335,0.03465982028241335,0.07727045769764217
Batch_3,x7u69zsw,5,5,1030,1236,1030,1236,0.010994117044819141,0.010994117044819141,0.09211858529819694
Batch_3,x7u69zsw,5,6,1236,1442,1236,1442,0.08221173913385889,0.08221173913385889,0.07092233009708739
Batch_3,x7u69zsw,5,7,1442,1648,1442,1648,0.3437394173748002,0.3437394173748002,0.09646393897364772
Batch_3,x7u69zsw,5,8,1648,1854,1648,1854,0.06085354040495523,0.06085354040495523,0.08814909847434119
Batch_3,x7u69zsw,5,9,1854,2060,1854,2060,0.0,0.0,0.0640124826629681
Batch_3,xgj4xftb,-5,0,0,161,0,161,0.2638650222783193,0.06159027627257115,0.08279591836734694
Batch_3,xgj4xftb,-5,1,161,322,161,322,0.3789975516659317,0.8086933324441036,0.12200443655723159
Batch_3,xgj4xftb,-5,2,322,483,322,483,0.059155400781642054,0.12971639128332527,0.05525022182786158
Batch_3,xgj4xftb,-5,3,483,644,483,644,0.0,0.0,0.054905944986690325
Batch_3,xgj4xftb,-5,4,644,806,644,806,0.0,0.0,0.07808641975308642
Batch_3,xgj4xftb,-5,5,806,967,806,967,0.0,0.0,0.0525323868677906
Batch_3,xgj4xftb,-5,6,967,1128,967,1128,0.0943140862847671,0.0,0.062122448979591835
Batch_3,xgj4xftb,-5,7,1128,1289,1128,1289,0.1593318024909138,0.0,0.07788376220053239
Batch_3,xgj4xftb,-5,8,1289,1450,1289,1450,0.04433613649842607,0.0,0.05929724933451642
Batch_3,xgj4xftb,-5,9,1450,1612,1450,1612,0.0,0.0,0.044864197530864194
Batch_3,xgj4xftb,0,0,0,161,0,161,0.23183525810491165,0.0942076520007271,0.10223691215616681
Batch_3,xgj4xftb,0,1,161,322,161,322,0.48413802699318215,0.7969714452813189,0.1544924578527063
Batch_3,xgj4xftb,0,2,322,483,322,483,0.06386067436575298,0.10882090271795399,0.07030257320319432
Batch_3,xgj4xftb,0,3,483,644,483,644,0.0,0.0,0.07102750665483584
Batch_3,xgj4xftb,0,4,644,806,644,806,0.0,0.0,0.09226984126984127
Batch_3,xgj4xftb,0,5,806,967,806,967,0.0,0.0,0.065924578527063
Batch_3,xgj4xftb,0,6,967,1128,967,1128,0.06172719261629794,0.0,0.07601863354037267
Batch_3,xgj4xftb,0,7,1128,1289,1128,1289,0.12158063169611799,0.0,0.09388553682342503
Batch_3,xgj4xftb,0,8,1289,1450,1289,1450,0.036858216223737306,0.0,0.07876486246672582
Batch_3,xgj4xftb,0,9,1450,1612,1450,1612,0.0,0.0,0.05537830687830688
Batch_3,xgj4xftb,5,0,0,161,0,161,0.20323018961151257,0.07422598571050543,0.1247790594498669
Batch_3,xgj4xftb,5,1,161,322,161,322,0.33001002456255374,0.42643556496427626,0.19102839396628216
Batch_3,xgj4xftb,5,2,322,483,322,483,0.04841008537506592,0.0709565326388212,0.08648358473824312
Batch_3,xgj4xftb,5,3,483,644,483,644,0.0009763258790496145,0.0014310385649224941,0.0886929902395741
Batch_3,xgj4xftb,5,4,644,806,644,806,0.09608376923552021,0.1408336931240512,0.10950440917107583
Batch_3,xgj4xftb,5,5,806,967,806,967,0.07844101423867961,0.11497402543140067,0.08142413487133984
Batch_3,xgj4xftb,5,6,967,1128,967,1128,0.10657867856311436,0.10366499073829055,0.09014551907719609
Batch_3,xgj4xftb,5,7,1128,1289,1128,1289,0.11186651653577724,0.06700463781841479,0.11168145519077197
Batch_3,xgj4xftb,5,8,1289,1450,1289,1450,0.024403395998726738,0.000473531009317419,0.10007985803016858
Batch_3,xgj4xftb,5,9,1450,1612,1450,1612,0.0,0.0,0.06717901234567901
