batch,field,channel_1,channel_2,same_dimensions,zero_shift_correlation
Batch_1,img_4ih2ggld,BSE,ETD,True,0.8096702908903393
Batch_1,img_4ih2ggld,BSE,Inlens,True,0.5740300195464573
Batch_1,img_4ih2ggld,ETD,Inlens,True,0.5251749798561204
Batch_1,img_5n1q8atc,BSE,ETD,True,0.7929324234483839
Batch_1,img_5n1q8atc,BSE,Inlens,True,0.5545322738063577
Batch_1,img_5n1q8atc,ETD,Inlens,True,0.5390725525593367
Batch_1,img_f1vzngrs,BSE,ETD,True,0.8308118477010433
Batch_1,img_f1vzngrs,BSE,Inlens,True,0.5304435761904449
Batch_1,img_f1vzngrs,ETD,Inlens,True,0.5331140476411274
Batch_1,img_ffwubibz,BSE,ETD,True,0.8578476035235576
Batch_1,img_ffwubibz,BSE,Inlens,True,0.5800733712006892
Batch_1,img_ffwubibz,ETD,Inlens,True,0.5285678221961668
Batch_1,img_fzrt2k6r,BSE,ETD,True,0.8218517673905933
Batch_1,img_fzrt2k6r,BSE,Inlens,True,0.6497592090481918
Batch_1,img_fzrt2k6r,ETD,Inlens,True,0.5914683474906304
Batch_1,img_iv6g2oq0,BSE,ETD,True,0.8661773576206585
Batch_1,img_iv6g2oq0,BSE,Inlens,True,0.5219029347491196
Batch_1,img_iv6g2oq0,ETD,Inlens,True,0.48925898857085
Batch_1,img_uhdslk0o,BSE,ETD,True,0.8403194852224105
Batch_1,img_uhdslk0o,BSE,Inlens,True,0.6285928760209967
Batch_1,img_uhdslk0o,ETD,Inlens,True,0.5457209491124894
Batch_2,img_3806gxp0,BSE,ETD,True,0.8296970820340663
Batch_2,img_3806gxp0,BSE,Inlens,True,0.45270774200484265
Batch_2,img_3806gxp0,ETD,Inlens,True,0.42884511049557583
Batch_2,img_avn74qx1,BSE,ETD,True,0.8452279553181491
Batch_2,img_avn74qx1,BSE,Inlens,True,0.49471363209878655
Batch_2,img_avn74qx1,ETD,Inlens,True,0.4823950374147088
Batch_2,img_b3esycq1,BSE,ETD,True,0.8247230843313591
Batch_2,img_b3esycq1,BSE,Inlens,True,0.5701658673733453
Batch_2,img_b3esycq1,ETD,Inlens,True,0.5328958660661757
Batch_2,img_epqdaau9,BSE,ETD,True,0.8177145616925654
Batch_2,img_epqdaau9,BSE,Inlens,True,0.4987424673932842
Batch_2,img_epqdaau9,ETD,Inlens,True,0.5047321027893302
Batch_2,img_i9jiqjwl,BSE,ETD,True,0.8323863513208831
Batch_2,img_i9jiqjwl,BSE,Inlens,True,0.6643530878486108
Batch_2,img_i9jiqjwl,ETD,Inlens,True,0.6157890865519858
Batch_2,img_r17byphk,BSE,ETD,True,0.8347798367427245
Batch_2,img_r17byphk,BSE,Inlens,True,0.5461593782713404
Batch_2,img_r17byphk,ETD,Inlens,True,0.46243406304579954
Batch_2,img_rxax5ozo,BSE,Inlens,True,0.5708259433272338
Batch_2,img_rxax5ozo,BSE,SE,True,0.8247873536798056
Batch_2,img_rxax5ozo,Inlens,SE,True,0.501183648493124
Batch_3,img_0grcilhi,BSE,ETD,True,0.8110659398937262
Batch_3,img_0grcilhi,BSE,Inlens,True,0.4985384568061362
Batch_3,img_0grcilhi,ETD,Inlens,True,0.4001032584789893
Batch_3,img_71vgq3fw,BSE,ETD,True,0.8067197415163087
Batch_3,img_71vgq3fw,BSE,Inlens,True,0.421035831663558
Batch_3,img_71vgq3fw,ETD,Inlens,True,0.35354603498911885
Batch_3,img_9luzk4jm,BSE,ETD,True,0.8269647415699732
Batch_3,img_9luzk4jm,BSE,Inlens,True,0.47191211993126575
Batch_3,img_9luzk4jm,ETD,Inlens,True,0.5008563836698783
Batch_3,img_cfe5vt7s,BSE,ETD,True,0.8149185556381808
Batch_3,img_cfe5vt7s,BSE,Inlens,True,0.5310169625044868
Batch_3,img_cfe5vt7s,ETD,Inlens,True,0.49361379246917886
Batch_3,img_hawkfj64,BSE,ETD,True,0.7990024267959006
Batch_3,img_hawkfj64,BSE,Inlens,True,0.4290888385312488
Batch_3,img_hawkfj64,ETD,Inlens,True,0.3322476665853481
Batch_3,img_hzumfsms,BSE,ETD,True,0.8389539976931557
Batch_3,img_hzumfsms,BSE,Inlens,True,0.517435125545592
Batch_3,img_hzumfsms,ETD,Inlens,True,0.5446254590747006
Batch_3,img_kbdh4tri,BSE,ETD,True,0.7960981863888706
Batch_3,img_kbdh4tri,BSE,Inlens,True,0.44629477437574494
Batch_3,img_kbdh4tri,ETD,Inlens,True,0.34950155757701934
Batch_3,img_mgxahqnk,BSE,ETD,True,0.8112548267365064
Batch_3,img_mgxahqnk,BSE,Inlens,True,0.4487298343118771
Batch_3,img_mgxahqnk,ETD,Inlens,True,0.347377429805874
Batch_3,img_pl8uabbv,BSE,ETD,True,0.8312091269196513
Batch_3,img_pl8uabbv,BSE,Inlens,True,0.5725818368546678
Batch_3,img_pl8uabbv,ETD,Inlens,True,0.5258226259304742
Batch_3,img_ptg8lmto,BSE,ETD,True,0.8090292522434727
Batch_3,img_ptg8lmto,BSE,Inlens,True,0.4496713722399532
Batch_3,img_ptg8lmto,ETD,Inlens,True,0.3915527822713062
Batch_3,img_tuy3zymq,BSE,ETD,True,0.8008307329468204
Batch_3,img_tuy3zymq,BSE,Inlens,True,0.44032421540793365
Batch_3,img_tuy3zymq,ETD,Inlens,True,0.30255067155078047
Batch_3,img_ufdvpb81,BSE,ETD,True,0.8396176961290491
Batch_3,img_ufdvpb81,BSE,Inlens,True,0.47801721807617104
Batch_3,img_ufdvpb81,ETD,Inlens,True,0.5173337536342133
Batch_3,img_utfgcjfa,BSE,Inlens,True,0.5638649000213946
Batch_3,img_utfgcjfa,BSE,SE,True,0.8145881975874251
Batch_3,img_utfgcjfa,Inlens,SE,True,0.4899947724915648
Batch_3,img_vc2whyaq,BSE,Inlens,True,0.5696505859249572
Batch_3,img_vc2whyaq,BSE,SE,True,0.8223727162739928
Batch_3,img_vc2whyaq,Inlens,SE,True,0.4990491322930706
Batch_3,img_x77cy643,BSE,Inlens,True,0.5489835758765635
Batch_3,img_x77cy643,BSE,SE,True,0.8075528846630509
Batch_3,img_x77cy643,Inlens,SE,True,0.4725875020376958
Batch_3,img_x7u69zsw,BSE,ETD,True,0.8104526349418002
Batch_3,img_x7u69zsw,BSE,Inlens,True,0.4138061657218461
Batch_3,img_x7u69zsw,ETD,Inlens,True,0.2948831717037334
Batch_3,img_xgj4xftb,BSE,ETD,True,0.7916740389701042
Batch_3,img_xgj4xftb,BSE,Inlens,True,0.39895880749116513
Batch_3,img_xgj4xftb,ETD,Inlens,True,0.29576084124068475
