view,variant,statistic,covariate,scope,rho,p,n
all31,cur,median,inlens_p50,all,0.7665928375869511,4.945485555918567e-07,31
all31,cur,median,inlens_p50,Batch_1,0.198206241793023,0.6700850339168266,7
all31,cur,median,inlens_p50,Batch_2,0.7748062179181807,0.040769462520420345,7
all31,cur,median,inlens_p50,Batch_3,0.7259351456425408,0.0009696837243565481,17
all31,cur,median,inlens_std,all,-0.30806451612903224,0.09178988749338901,31
all31,cur,median,inlens_std,Batch_1,0.28571428571428575,0.5345092286010406,7
all31,cur,median,inlens_std,Batch_2,-0.8214285714285715,0.023448808345691505,7
all31,cur,median,inlens_std,Batch_3,-0.17647058823529413,0.49806765732373415,17
all31,cur,p90,inlens_p50,all,0.5235022140889837,0.0025094899298871184,31
all31,cur,p90,inlens_p50,Batch_1,-0.41443123283995714,0.3552689437660521,7
all31,cur,p90,inlens_p50,Batch_2,0.7748062179181807,0.040769462520420345,7
all31,cur,p90,inlens_p50,Batch_3,0.4880442364286001,0.04686579406378812,17
all31,cur,p90,inlens_std,all,-0.32217741935483873,0.07713352725830029,31
all31,cur,p90,inlens_std,Batch_1,0.25,0.5887244480896833,7
all31,cur,p90,inlens_std,Batch_2,-0.8214285714285715,0.023448808345691505,7
all31,cur,p90,inlens_std,Batch_3,-0.28921568627450983,0.2602032490665047,17
all31,a_cv,median,inlens_p50,all,0.08634256170716184,0.6441933738346388,31
all31,a_cv,median,inlens_p50,Batch_1,-0.7387687194103585,0.05785849689569273,7
all31,a_cv,median,inlens_p50,Batch_2,-0.198206241793023,0.6700850339168266,7
all31,a_cv,median,inlens_p50,Batch_3,-0.08951565140524576,0.7326094465041579,17
all31,a_cv,median,inlens_std,all,0.24314516129032263,0.1874953537757531,31
all31,a_cv,median,inlens_std,Batch_1,-0.1785714285714286,0.7016579425162729,7
all31,a_cv,median,inlens_std,Batch_2,0.3571428571428572,0.4316113520383278,7
all31,a_cv,median,inlens_std,Batch_3,0.40441176470588236,0.10737924277811678,17
all31,a_cv,p90,inlens_p50,all,-0.10611258751861478,0.5699405724482741,31
all31,a_cv,p90,inlens_p50,Batch_1,-0.6666937223947137,0.10192046024618226,7
all31,a_cv,p90,inlens_p50,Batch_2,0.41443123283995714,0.3552689437660521,7
all31,a_cv,p90,inlens_p50,Batch_3,-0.3175966262186116,0.2141574867477043,17
all31,a_cv,p90,inlens_std,all,0.10322580645161292,0.5805384684951491,31
all31,a_cv,p90,inlens_std,Batch_1,0.0,1.0,7
all31,a_cv,p90,inlens_std,Batch_2,0.39285714285714296,0.38331687042697266,7
all31,a_cv,p90,inlens_std,Batch_3,0.2034313725490196,0.4335552308263205,17
all31,b_aff,median,inlens_p50,all,-0.45834182289409287,0.009511231871876313,31
all31,b_aff,median,inlens_p50,Batch_1,-0.702731220902536,0.07823745383207154,7
all31,b_aff,median,inlens_p50,Batch_2,-0.5225437283634242,0.22887787757609496,7
all31,b_aff,median,inlens_p50,Batch_3,-0.24156963461415631,0.3502582033964058,17
all31,b_aff,median,inlens_std,all,-0.3157258064516129,0.08359152476421076,31
all31,b_aff,median,inlens_std,Batch_1,-0.5357142857142858,0.21521745567801273,7
all31,b_aff,median,inlens_std,Batch_2,0.42857142857142866,0.337368311085824,7
all31,b_aff,median,inlens_std,Batch_3,-0.5588235294117647,0.01970856591580171,17
all31,b_aff,p90,inlens_p50,all,-0.012911037264622333,0.9450419489122104,31
all31,b_aff,p90,inlens_p50,Batch_1,-0.4504687313477795,0.3104293018513229,7
all31,b_aff,p90,inlens_p50,Batch_2,0.9549937104572925,0.0008055353363017577,7
all31,b_aff,p90,inlens_p50,Batch_3,0.2526058108148031,0.32798761421254496,17
all31,b_aff,p90,inlens_std,all,-0.29637096774193555,0.10546406037100456,31
all31,b_aff,p90,inlens_std,Batch_1,0.21428571428571433,0.6445115810207203,7
all31,b_aff,p90,inlens_std,Batch_2,-0.5714285714285715,0.1802019889115274,7
all31,b_aff,p90,inlens_std,Batch_3,-0.4068627450980392,0.10506394931044012,17
all31,c_loc64,median,inlens_p50,all,0.6842849750249836,2.1869193581961482e-05,31
all31,c_loc64,median,inlens_p50,Batch_1,-0.18018749253911182,0.6990457740939315,7
all31,c_loc64,median,inlens_p50,Batch_2,0.9369749612033814,0.0018510301964418925,7
all31,c_loc64,median,inlens_p50,Batch_3,0.7467812562437625,0.0005727619373496978,17
all31,c_loc64,median,inlens_std,all,-0.04395161290322581,0.8143878586132712,31
all31,c_loc64,median,inlens_std,Batch_1,0.1785714285714286,0.7016579425162729,7
all31,c_loc64,median,inlens_std,Batch_2,-0.7142857142857144,0.0713435614675376,7
all31,c_loc64,median,inlens_std,Batch_3,0.13970588235294118,0.5928010818860754,17
all31,c_loc64,p90,inlens_p50,all,0.30603193016300123,0.09406433437014192,31
all31,c_loc64,p90,inlens_p50,Batch_1,-0.8108437164260032,0.02691632884316199,7
all31,c_loc64,p90,inlens_p50,Batch_2,0.6666937223947137,0.10192046024618226,7
all31,c_loc64,p90,inlens_p50,Batch_3,0.32250159341889906,0.2067728331204464,17
all31,c_loc64,p90,inlens_std,all,-0.08024193548387097,0.6678492189226026,31
all31,c_loc64,p90,inlens_std,Batch_1,-0.5714285714285715,0.1802019889115274,7
all31,c_loc64,p90,inlens_std,Batch_2,-0.21428571428571433,0.6445115810207203,7
all31,c_loc64,p90,inlens_std,Batch_3,0.029411764705882353,0.9107803991169198,17
all31,c_loc32,median,inlens_p50,all,0.5624370608401105,0.0009901567155972439,31
all31,c_loc32,median,inlens_p50,Batch_1,-0.198206241793023,0.6700850339168266,7
all31,c_loc32,median,inlens_p50,Batch_2,0.2882999880625789,0.5306506599466652,7
all31,c_loc32,median,inlens_p50,Batch_3,0.724708903842469,0.0009987472496888793,17
all31,c_loc32,median,inlens_std,all,0.18508064516129033,0.31886914501293834,31
all31,c_loc32,median,inlens_std,Batch_1,0.39285714285714296,0.38331687042697266,7
all31,c_loc32,median,inlens_std,Batch_2,0.1785714285714286,0.7016579425162729,7
all31,c_loc32,median,inlens_std,Batch_3,0.2058823529411765,0.4279148531427077,17
all31,c_loc32,p90,inlens_p50,all,0.08936858606605771,0.6325832956355061,31
all31,c_loc32,p90,inlens_p50,Batch_1,-0.8108437164260032,0.02691632884316199,7
all31,c_loc32,p90,inlens_p50,Batch_2,0.396412483586046,0.378634709500413,7
all31,c_loc32,p90,inlens_p50,Batch_3,0.14960149960876687,0.5665901587360498,17
all31,c_loc32,p90,inlens_std,all,0.24233870967741936,0.18900860142531467,31
all31,c_loc32,p90,inlens_std,Batch_1,-0.42857142857142866,0.337368311085824,7
all31,c_loc32,p90,inlens_std,Batch_2,0.28571428571428575,0.5345092286010406,7
all31,c_loc32,p90,inlens_std,Batch_3,0.3357843137254902,0.1876141178747958,17
all31,d_lbp,median,inlens_p50,all,0.38612070819511163,0.03191494736360367,31
all31,d_lbp,median,inlens_p50,Batch_1,0.594618725379069,0.15908999370118462,7
all31,d_lbp,median,inlens_p50,Batch_2,0.5405624776173354,0.21028925349550293,7
all31,d_lbp,median,inlens_p50,Batch_3,-0.10177806940596434,0.6975057342204392,17
all31,d_lbp,median,inlens_std,all,-0.45241935483870976,0.010606345698193444,31
all31,d_lbp,median,inlens_std,Batch_1,-0.21428571428571433,0.6445115810207203,7
all31,d_lbp,median,inlens_std,Batch_2,-0.9642857142857145,0.0004541491691941689,7
all31,d_lbp,median,inlens_std,Batch_3,-0.37254901960784315,0.14083572189262192,17
all31,d_lbp,p90,inlens_p50,all,0.6304217414366374,0.00014395563919213642,31
all31,d_lbp,p90,inlens_p50,Batch_1,0.6306562238868914,0.1288876956849578,7
all31,d_lbp,p90,inlens_p50,Batch_2,0.702731220902536,0.07823745383207154,7
all31,d_lbp,p90,inlens_p50,Batch_3,0.22685473301329404,0.38124876810976915,17
all31,d_lbp,p90,inlens_std,all,-0.4741935483870969,0.007038651850576193,31
all31,d_lbp,p90,inlens_std,Batch_1,0.07142857142857144,0.8790481931481541,7
all31,d_lbp,p90,inlens_std,Batch_2,-0.9642857142857145,0.0004541491691941689,7
all31,d_lbp,p90,inlens_std,Batch_3,-0.4803921568627451,0.05096160005232446,17
all31,d_lbp_ent,median,inlens_p50,all,-0.27899944589019826,0.12852824016310668,31
all31,d_lbp_ent,median,inlens_p50,Batch_1,-0.6306562238868914,0.1288876956849578,7
all31,d_lbp_ent,median,inlens_p50,Batch_2,-0.7567874686642696,0.04890509913472633,7
all31,d_lbp_ent,median,inlens_p50,Batch_3,-0.05885960640344926,0.8224516687897699,17
all31,d_lbp_ent,median,inlens_std,all,0.1709677419354839,0.3577891402941893,31
all31,d_lbp_ent,median,inlens_std,Batch_1,0.25,0.5887244480896833,7
all31,d_lbp_ent,median,inlens_std,Batch_2,0.9642857142857145,0.0004541491691941689,7
all31,d_lbp_ent,median,inlens_std,Batch_3,-0.019607843137254905,0.9404583435037518,17
all31,d_lbp_ent,p90,inlens_p50,all,-0.313496123581611,0.08591724848823958,31
all31,d_lbp_ent,p90,inlens_p50,Batch_1,0.0,1.0,7
all31,d_lbp_ent,p90,inlens_p50,Batch_2,-0.6666937223947137,0.10192046024618226,7
all31,d_lbp_ent,p90,inlens_p50,Batch_3,-0.3065604500179649,0.2313888179381371,17
all31,d_lbp_ent,p90,inlens_std,all,-0.024193548387096777,0.8972096046528164,31
all31,d_lbp_ent,p90,inlens_std,Batch_1,0.642857142857143,0.11939237342741094,7
all31,d_lbp_ent,p90,inlens_std,Batch_2,0.7500000000000002,0.05218140045705776,7
all31,d_lbp_ent,p90,inlens_std,Batch_3,-0.2058823529411765,0.4279148531427077,17
bright_usable,cur,median,inlens_p50,all,0.8534813696446625,4.008780260801189e-09,29
bright_usable,cur,median,inlens_p50,Batch_1,0.6,0.28475697986529375,5
bright_usable,cur,median,inlens_p50,Batch_2,0.7748062179181807,0.040769462520420345,7
bright_usable,cur,median,inlens_p50,Batch_3,0.7259351456425408,0.0009696837243565481,17
bright_usable,cur,median,inlens_std,all,-0.31379310344827577,0.09738447974071976,29
bright_usable,cur,median,inlens_std,Batch_1,0.6,0.28475697986529375,5
bright_usable,cur,median,inlens_std,Batch_2,-0.8214285714285715,0.023448808345691505,7
bright_usable,cur,median,inlens_std,Batch_3,-0.17647058823529413,0.49806765732373415,17
bright_usable,cur,p90,inlens_p50,all,0.6605053625895743,9.642378308444318e-05,29
bright_usable,cur,p90,inlens_p50,Batch_1,0.6,0.28475697986529375,5
bright_usable,cur,p90,inlens_p50,Batch_2,0.7748062179181807,0.040769462520420345,7
bright_usable,cur,p90,inlens_p50,Batch_3,0.4880442364286001,0.04686579406378812,17
bright_usable,cur,p90,inlens_std,all,-0.3241379310344827,0.08626861756055404,29
bright_usable,cur,p90,inlens_std,Batch_1,0.6,0.28475697986529375,5
bright_usable,cur,p90,inlens_std,Batch_2,-0.8214285714285715,0.023448808345691505,7
bright_usable,cur,p90,inlens_std,Batch_3,-0.28921568627450983,0.2602032490665047,17
bright_usable,a_cv,median,inlens_p50,all,0.1412199898372485,0.46495316498885286,29
bright_usable,a_cv,median,inlens_p50,Batch_1,-0.3,0.6238376647810728,5
bright_usable,a_cv,median,inlens_p50,Batch_2,-0.198206241793023,0.6700850339168266,7
bright_usable,a_cv,median,inlens_p50,Batch_3,-0.08951565140524576,0.7326094465041579,17
bright_usable,a_cv,median,inlens_std,all,0.31231527093596056,0.09905669659118839,29
bright_usable,a_cv,median,inlens_std,Batch_1,-0.3,0.6238376647810728,5
bright_usable,a_cv,median,inlens_std,Batch_2,0.3571428571428572,0.4316113520383278,7
bright_usable,a_cv,median,inlens_std,Batch_3,0.40441176470588236,0.10737924277811678,17
bright_usable,a_cv,p90,inlens_p50,all,-0.05545287559054261,0.7751024969091308,29
bright_usable,a_cv,p90,inlens_p50,Batch_1,-0.09999999999999999,0.8728885715695383,5
bright_usable,a_cv,p90,inlens_p50,Batch_2,0.41443123283995714,0.3552689437660521,7
bright_usable,a_cv,p90,inlens_p50,Batch_3,-0.3175966262186116,0.2141574867477043,17
bright_usable,a_cv,p90,inlens_std,all,0.1527093596059113,0.4290336049549136,29
bright_usable,a_cv,p90,inlens_std,Batch_1,0.09999999999999999,0.8728885715695383,5
bright_usable,a_cv,p90,inlens_std,Batch_2,0.39285714285714296,0.38331687042697266,7
bright_usable,a_cv,p90,inlens_std,Batch_3,0.2034313725490196,0.4335552308263205,17
bright_usable,b_aff,median,inlens_p50,all,-0.42711037065960156,0.020841282288668446,29
bright_usable,b_aff,median,inlens_p50,Batch_1,-0.19999999999999998,0.747060078104662,5
bright_usable,b_aff,median,inlens_p50,Batch_2,-0.5225437283634242,0.22887787757609496,7
bright_usable,b_aff,median,inlens_p50,Batch_3,-0.24156963461415631,0.3502582033964058,17
bright_usable,b_aff,median,inlens_std,all,-0.27093596059113295,0.1551406274746623,29
bright_usable,b_aff,median,inlens_std,Batch_1,-0.7,0.18812040437418728,5
bright_usable,b_aff,median,inlens_std,Batch_2,0.42857142857142866,0.337368311085824,7
bright_usable,b_aff,median,inlens_std,Batch_3,-0.5588235294117647,0.01970856591580171,17
bright_usable,b_aff,p90,inlens_p50,all,0.06087493453717345,0.7537545080185465,29
bright_usable,b_aff,p90,inlens_p50,Batch_1,0.49999999999999994,0.39100221895577053,5
bright_usable,b_aff,p90,inlens_p50,Batch_2,0.9549937104572925,0.0008055353363017577,7
bright_usable,b_aff,p90,inlens_p50,Batch_3,0.2526058108148031,0.32798761421254496,17
bright_usable,b_aff,p90,inlens_std,all,-0.2379310344827586,0.21391214465511924,29
bright_usable,b_aff,p90,inlens_std,Batch_1,0.7,0.18812040437418728,5
bright_usable,b_aff,p90,inlens_std,Batch_2,-0.5714285714285715,0.1802019889115274,7
bright_usable,b_aff,p90,inlens_std,Batch_3,-0.4068627450980392,0.10506394931044012,17
bright_usable,c_loc64,median,inlens_p50,all,0.7990143229535074,2.0288569435455432e-07,29
bright_usable,c_loc64,median,inlens_p50,Batch_1,0.7,0.18812040437418728,5
bright_usable,c_loc64,median,inlens_p50,Batch_2,0.9369749612033814,0.0018510301964418925,7
bright_usable,c_loc64,median,inlens_p50,Batch_3,0.7467812562437625,0.0005727619373496978,17
bright_usable,c_loc64,median,inlens_std,all,-0.022167487684729058,0.909128127792977,29
bright_usable,c_loc64,median,inlens_std,Batch_1,0.19999999999999998,0.747060078104662,5
bright_usable,c_loc64,median,inlens_std,Batch_2,-0.7142857142857144,0.0713435614675376,7
bright_usable,c_loc64,median,inlens_std,Batch_3,0.13970588235294118,0.5928010818860754,17
bright_usable,c_loc64,p90,inlens_p50,all,0.3987677898022131,0.032132822097606054,29
bright_usable,c_loc64,p90,inlens_p50,Batch_1,-0.49999999999999994,0.39100221895577053,5
bright_usable,c_loc64,p90,inlens_p50,Batch_2,0.6666937223947137,0.10192046024618226,7
bright_usable,c_loc64,p90,inlens_p50,Batch_3,0.32250159341889906,0.2067728331204464,17
bright_usable,c_loc64,p90,inlens_std,all,-0.03940886699507388,0.8391610695691641,29
bright_usable,c_loc64,p90,inlens_std,Batch_1,-0.7,0.18812040437418728,5
bright_usable,c_loc64,p90,inlens_std,Batch_2,-0.21428571428571433,0.6445115810207203,7
bright_usable,c_loc64,p90,inlens_std,Batch_3,0.029411764705882353,0.9107803991169198,17
bright_usable,c_loc32,median,inlens_p50,all,0.6348738112055012,0.00021605162584231993,29
bright_usable,c_loc32,median,inlens_p50,Batch_1,0.39999999999999997,0.5046315754686911,5
bright_usable,c_loc32,median,inlens_p50,Batch_2,0.2882999880625789,0.5306506599466652,7
bright_usable,c_loc32,median,inlens_p50,Batch_3,0.724708903842469,0.0009987472496888793,17
bright_usable,c_loc32,median,inlens_std,all,0.20394088669950733,0.28862215826700066,29
bright_usable,c_loc32,median,inlens_std,Batch_1,0.49999999999999994,0.39100221895577053,5
bright_usable,c_loc32,median,inlens_std,Batch_2,0.1785714285714286,0.7016579425162729,7
bright_usable,c_loc32,median,inlens_std,Batch_3,0.2058823529411765,0.4279148531427077,17
bright_usable,c_loc32,p90,inlens_p50,all,0.159211367251069,0.4094016730885466,29
bright_usable,c_loc32,p90,inlens_p50,Batch_1,-0.49999999999999994,0.39100221895577053,5
bright_usable,c_loc32,p90,inlens_p50,Batch_2,0.396412483586046,0.378634709500413,7
bright_usable,c_loc32,p90,inlens_p50,Batch_3,0.14960149960876687,0.5665901587360498,17
bright_usable,c_loc32,p90,inlens_std,all,0.315270935960591,0.09573362910926558,29
bright_usable,c_loc32,p90,inlens_std,Batch_1,-0.39999999999999997,0.5046315754686911,5
bright_usable,c_loc32,p90,inlens_std,Batch_2,0.28571428571428575,0.5345092286010406,7
bright_usable,c_loc32,p90,inlens_std,Batch_3,0.3357843137254902,0.1876141178747958,17
bright_usable,d_lbp,median,inlens_p50,all,0.3825016129623206,0.040575210536379955,29
bright_usable,d_lbp,median,inlens_p50,Batch_1,-0.09999999999999999,0.8728885715695383,5
bright_usable,d_lbp,median,inlens_p50,Batch_2,0.5405624776173354,0.21028925349550293,7
bright_usable,d_lbp,median,inlens_p50,Batch_3,-0.10177806940596434,0.6975057342204392,17
bright_usable,d_lbp,median,inlens_std,all,-0.4980295566502462,0.005971430768800349,29
bright_usable,d_lbp,median,inlens_std,Batch_1,-0.49999999999999994,0.39100221895577053,5
bright_usable,d_lbp,median,inlens_std,Batch_2,-0.9642857142857145,0.0004541491691941689,7
bright_usable,d_lbp,median,inlens_std,Batch_3,-0.37254901960784315,0.14083572189262192,17
bright_usable,d_lbp,p90,inlens_p50,all,0.6447321001993754,0.00015979653693567932,29
bright_usable,d_lbp,p90,inlens_p50,Batch_1,0.0,1.0,5
bright_usable,d_lbp,p90,inlens_p50,Batch_2,0.702731220902536,0.07823745383207154,7
bright_usable,d_lbp,p90,inlens_p50,Batch_3,0.22685473301329404,0.38124876810976915,17
bright_usable,d_lbp,p90,inlens_std,all,-0.5068965517241378,0.0050118882634562325,29
bright_usable,d_lbp,p90,inlens_std,Batch_1,-0.3,0.6238376647810728,5
bright_usable,d_lbp,p90,inlens_std,Batch_2,-0.9642857142857145,0.0004541491691941689,7
bright_usable,d_lbp,p90,inlens_std,Batch_3,-0.4803921568627451,0.05096160005232446,17
bright_usable,d_lbp_ent,median,inlens_p50,all,-0.282439979674497,0.13767675055746692,29
bright_usable,d_lbp_ent,median,inlens_p50,Batch_1,0.0,1.0,5
bright_usable,d_lbp_ent,median,inlens_p50,Batch_2,-0.7567874686642696,0.04890509913472633,7
bright_usable,d_lbp_ent,median,inlens_p50,Batch_3,-0.05885960640344926,0.8224516687897699,17
bright_usable,d_lbp_ent,median,inlens_std,all,0.2118226600985221,0.269983822509751,29
bright_usable,d_lbp_ent,median,inlens_std,Batch_1,0.6,0.28475697986529375,5
bright_usable,d_lbp_ent,median,inlens_std,Batch_2,0.9642857142857145,0.0004541491691941689,7
bright_usable,d_lbp_ent,median,inlens_std,Batch_3,-0.019607843137254905,0.9404583435037518,17
bright_usable,d_lbp_ent,p90,inlens_p50,all,-0.30979673163249805,0.10195617281669034,29
bright_usable,d_lbp_ent,p90,inlens_p50,Batch_1,0.6,0.28475697986529375,5
bright_usable,d_lbp_ent,p90,inlens_p50,Batch_2,-0.6666937223947137,0.10192046024618226,7
bright_usable,d_lbp_ent,p90,inlens_p50,Batch_3,-0.3065604500179649,0.2313888179381371,17
bright_usable,d_lbp_ent,p90,inlens_std,all,-0.00985221674876847,0.9595461415830845,29
bright_usable,d_lbp_ent,p90,inlens_std,Batch_1,0.6,0.28475697986529375,5
bright_usable,d_lbp_ent,p90,inlens_std,Batch_2,0.7500000000000002,0.05218140045705776,7
bright_usable,d_lbp_ent,p90,inlens_std,Batch_3,-0.2058823529411765,0.4279148531427077,17
