kind,lag_px,axis,pair_pixels,source_phase_pixels,target_phase_pixels,joint_phase_pixels,rho,unavailable_reason,batch,site,threshold_offset
auto,64,x,16054512,2409369,2402543,1087995,0.3556456069434883,,Batch_1,4ih2ggld,-5
auto,64,y,15754992,2342896,2342397,1018780,0.33617915580868185,,Batch_1,4ih2ggld,-5
cross,64,x,16054512,2409369,1437105,154773,-0.03720407302308985,,Batch_1,4ih2ggld,-5
cross,-64,x,16054512,2402543,1429705,153020,-0.03735558808149398,,Batch_1,4ih2ggld,-5
cross,64,y,15754992,2342896,1405616,191710,-0.010836914271020197,,Batch_1,4ih2ggld,-5
cross,-64,y,15754992,2342397,1425399,160510,-0.03197584987752326,,Batch_1,4ih2ggld,-5
auto,256,x,15609840,2342946,2354296,460635,0.05376221705108145,,Batch_1,4ih2ggld,-5
auto,256,y,14411760,2072001,2221694,309744,-0.005297327747445494,,Batch_1,4ih2ggld,-5
cross,256,x,15609840,2342946,1405133,203614,-0.004567541219292239,,Batch_1,4ih2ggld,-5
cross,-256,x,15609840,2354296,1388931,204987,-0.0028251081087370695,,Batch_1,4ih2ggld,-5
cross,256,y,14411760,2072001,1294918,128695,-0.0397493239945991,,Batch_1,4ih2ggld,-5
cross,-256,y,14411760,2221694,1310992,215637,0.009045482415486401,,Batch_1,4ih2ggld,-5
auto,64,x,16054512,1978160,1971154,885445,0.3710458902701403,,Batch_1,4ih2ggld,0
auto,64,y,15754992,1921325,1922031,835394,0.35619446037493074,,Batch_1,4ih2ggld,0
cross,64,x,16054512,1978160,1645840,134623,-0.04258981538775143,,Batch_1,4ih2ggld,0
cross,-64,x,16054512,1971154,1637908,135661,-0.04103428246297168,,Batch_1,4ih2ggld,0
cross,64,y,15754992,1921325,1610114,173738,-0.014482142771707401,,Batch_1,4ih2ggld,0
cross,-64,y,15754992,1922031,1632621,139710,-0.03783738122592696,,Batch_1,4ih2ggld,0
auto,256,x,15609840,1926025,1932662,330722,0.05456330144418199,,Batch_1,4ih2ggld,0
auto,256,y,14411760,1695393,1827397,201752,-0.008557971269165176,,Batch_1,4ih2ggld,0
cross,256,x,15609840,1926025,1607085,189744,-0.005478169820753695,,Batch_1,4ih2ggld,0
cross,-256,x,15609840,1932662,1590032,192796,-0.0026150788166383805,,Batch_1,4ih2ggld,0
cross,256,y,14411760,1695393,1476283,119978,-0.03813536956148747,,Batch_1,4ih2ggld,0
cross,-256,y,14411760,1827397,1502632,207502,0.011579381353853998,,Batch_1,4ih2ggld,0
auto,64,x,16054512,1465019,1456500,557893,0.32005539711585007,,Batch_1,4ih2ggld,5
auto,64,y,15754992,1415513,1424387,525460,0.30765892701727177,,Batch_1,4ih2ggld,5
cross,64,x,16054512,1465019,1890733,111228,-0.041139438860397025,,Batch_1,4ih2ggld,5
cross,-64,x,16054512,1456500,1882480,112845,-0.03905482016234671,,Batch_1,4ih2ggld,5
cross,64,y,15754992,1415513,1849637,144711,-0.014804665659665208,,Batch_1,4ih2ggld,5
cross,-64,y,15754992,1424387,1875927,113826,-0.03811670418855671,,Batch_1,4ih2ggld,5
auto,256,x,15609840,1433835,1428251,194596,0.048778472997154404,,Batch_1,4ih2ggld,5
auto,256,y,14411760,1231860,1362998,106609,-0.008391675520420036,,Batch_1,4ih2ggld,5
cross,256,x,15609840,1433835,1845123,163481,-0.004123528023881183,,Batch_1,4ih2ggld,5
cross,-256,x,15609840,1428251,1825564,164658,-0.0016423578629671122,,Batch_1,4ih2ggld,5
cross,256,y,14411760,1231860,1689689,99237,-0.034861736925063544,,Batch_1,4ih2ggld,5
cross,-256,y,14411760,1362998,1728991,174052,0.007685841059759768,,Batch_1,4ih2ggld,5
auto,64,x,16063776,3191478,3192045,1638497,0.39268207247900827,,Batch_1,5n1q8atc,-5
auto,64,y,15764000,3060219,3069641,1518177,0.37353877270063546,,Batch_1,5n1q8atc,-5
cross,64,x,16063776,3191478,890905,139081,-0.025848890821167536,,Batch_1,5n1q8atc,-5
cross,-64,x,16063776,3192045,886207,158494,-0.012029802909072213,,Batch_1,5n1q8atc,-5
cross,64,y,15764000,3060219,876360,155828,-0.010007375891685266,,Batch_1,5n1q8atc,-5
cross,-64,y,15764000,3069641,874431,146703,-0.016496037182615417,,Batch_1,5n1q8atc,-5
auto,256,x,15619104,3133178,3156748,817509,0.07336410834946382,,Batch_1,5n1q8atc,-5
auto,256,y,14420000,2792685,2833409,716359,0.07402995599612461,,Batch_1,5n1q8atc,-5
cross,256,x,15619104,3133178,867904,174096,-3.315023890233678e-06,,Batch_1,5n1q8atc,-5
cross,-256,x,15619104,3156748,855305,184038,0.007830352533376649,,Batch_1,5n1q8atc,-5
cross,256,y,14420000,2792685,829783,135260,-0.01917211356706675,,Batch_1,5n1q8atc,-5
cross,-256,y,14420000,2833409,797662,113765,-0.03280587622181852,,Batch_1,5n1q8atc,-5
auto,64,x,16063776,2752019,2752790,1429986,0.42019562758815215,,Batch_1,5n1q8atc,0
auto,64,y,15764000,2629212,2641442,1330918,0.4056760251417834,,Batch_1,5n1q8atc,0
cross,64,x,16063776,2752019,1053124,134285,-0.03079568226736353,,Batch_1,5n1q8atc,0
cross,-64,x,16063776,2752790,1048052,151925,-0.018513633329397074,,Batch_1,5n1q8atc,0
cross,64,y,15764000,2629212,1035113,154484,-0.012474865053598566,,Batch_1,5n1q8atc,0
cross,-64,y,15764000,2641442,1033563,140522,-0.02241421229147496,,Batch_1,5n1q8atc,0
auto,256,x,15619104,2705557,2728456,644054,0.07638201922352311,,Batch_1,5n1q8atc,0
auto,256,y,14420000,2398378,2436289,576105,0.08493599520416067,,Batch_1,5n1q8atc,0
cross,256,x,15619104,2705557,1026449,180698,0.0019769129896561556,,Batch_1,5n1q8atc,0
cross,-256,x,15619104,2728456,1012858,187713,0.007381187850279234,,Batch_1,5n1q8atc,0
cross,256,y,14420000,2398378,974121,136688,-0.018796280076219477,,Batch_1,5n1q8atc,0
cross,-256,y,14420000,2436289,945129,116544,-0.03225911312236219,,Batch_1,5n1q8atc,0
auto,64,x,16063776,2321224,2322328,1164686,0.41743484873744147,,Batch_1,5n1q8atc,5
auto,64,y,15764000,2205312,2227657,1086783,0.4069397105493601,,Batch_1,5n1q8atc,5
cross,64,x,16063776,2321224,1261919,132964,-0.03249880758747685,,Batch_1,5n1q8atc,5
cross,-64,x,16063776,2322328,1256557,145231,-0.024015025074109297,,Batch_1,5n1q8atc,5
cross,64,y,15764000,2205312,1239153,155374,-0.012216385104463469,,Batch_1,5n1q8atc,5
cross,-64,y,15764000,2227657,1238927,138840,-0.024521929557908807,,Batch_1,5n1q8atc,5
auto,256,x,15619104,2284906,2305492,487953,0.07696214924155963,,Batch_1,5n1q8atc,5
auto,256,y,14420000,2001910,2063219,439422,0.08762893231686535,,Batch_1,5n1q8atc,5
cross,256,x,15619104,2284906,1230761,184395,0.0029237038338030376,,Batch_1,5n1q8atc,5
cross,-256,x,15619104,2305492,1216570,189891,0.006948191559675615,,Batch_1,5n1q8atc,5
cross,256,y,14420000,2001910,1156555,138810,-0.016062909183694477,,Batch_1,5n1q8atc,5
cross,-256,y,14420000,2063219,1136232,121767,-0.02999607815133039,,Batch_1,5n1q8atc,5
auto,64,x,14898528,1063439,1064445,471928,0.40077327720403055,,Batch_1,f1vzngrs,-5
auto,64,y,14588000,1016503,1058480,428321,0.3679944402766106,,Batch_1,f1vzngrs,-5
cross,64,x,14898528,1063439,774857,56244,0.0010985509332201821,,Batch_1,f1vzngrs,-5
cross,-64,x,14898528,1064445,769211,63166,0.009667136808153598,,Batch_1,f1vzngrs,-5
cross,64,y,14588000,1016503,761164,58561,0.006685956461663628,,Batch_1,f1vzngrs,-5
cross,-64,y,14588000,1058480,754709,64037,0.011067527500388016,,Batch_1,f1vzngrs,-5
auto,256,x,14486112,1049159,1050356,137778,0.06337346264295453,,Batch_1,f1vzngrs,-5
auto,256,y,13244000,830052,975875,23038,-0.04545918561094816,,Batch_1,f1vzngrs,-5
cross,256,x,14486112,1049159,763216,55418,0.0001692364996070333,,Batch_1,f1vzngrs,-5
cross,-256,x,14486112,1050356,739573,61393,0.009394753915569893,,Batch_1,f1vzngrs,-5
cross,256,y,13244000,830052,697793,36899,-0.009529918578081649,,Batch_1,f1vzngrs,-5
cross,-256,y,13244000,975875,707703,41769,-0.01333583002483153,,Batch_1,f1vzngrs,-5
auto,64,x,14898528,1000070,999853,439704,0.3994104803054925,,Batch_1,f1vzngrs,0
auto,64,y,14588000,953031,994162,398505,0.36718512742294196,,Batch_1,f1vzngrs,0
cross,64,x,14898528,1000070,923347,62396,0.00046271769103617893,,Batch_1,f1vzngrs,0
cross,-64,x,14898528,999853,917134,68906,0.008210306019513586,,Batch_1,f1vzngrs,0
cross,64,y,14588000,953031,907089,66228,0.008004696614151222,,Batch_1,f1vzngrs,0
cross,-64,y,14588000,994162,899749,71052,0.011007421235703377,,Batch_1,f1vzngrs,0
auto,256,x,14486112,986568,987077,122948,0.060595717050385293,,Batch_1,f1vzngrs,0
auto,256,y,13244000,772589,914848,19305,-0.04327377724418947,,Batch_1,f1vzngrs,0
cross,256,x,14486112,986568,909062,61042,-0.0009819992568901236,,Batch_1,f1vzngrs,0
cross,-256,x,14486112,987077,883959,68739,0.0097353811354235,,Batch_1,f1vzngrs,0
cross,256,y,13244000,772589,825468,40657,-0.009990139024740673,,Batch_1,f1vzngrs,0
cross,-256,y,13244000,914848,842464,46799,-0.013902531500613866,,Batch_1,f1vzngrs,0
auto,64,x,14898528,935730,933982,405165,0.39546502744264334,,Batch_1,f1vzngrs,5
auto,64,y,14588000,887983,928425,367188,0.36487645282604314,,Batch_1,f1vzngrs,5
cross,64,x,14898528,935730,1109963,70196,0.0005085548054549128,,Batch_1,f1vzngrs,5
cross,-64,x,14898528,933982,1103118,76312,0.0075696522837351956,,Batch_1,f1vzngrs,5
cross,64,y,14588000,887983,1090215,74927,0.009338145626868015,,Batch_1,f1vzngrs,5
cross,-64,y,14588000,928425,1082583,78491,0.010276209334720723,,Batch_1,f1vzngrs,5
auto,256,x,14486112,923479,922500,110715,0.060064179562330865,,Batch_1,f1vzngrs,5
auto,256,y,13244000,712381,853650,16680,-0.0398482929732316,,Batch_1,f1vzngrs,5
cross,256,x,14486112,923479,1092090,66914,-0.00289600308985723,,Batch_1,f1vzngrs,5
cross,-256,x,14486112,922500,1065802,77245,0.010149321433947457,,Batch_1,f1vzngrs,5
cross,256,y,13244000,712381,982602,44042,-0.011252078056171755,,Batch_1,f1vzngrs,5
cross,-256,y,13244000,853650,1013568,52849,-0.014435912442872031,,Batch_1,f1vzngrs,5
auto,64,x,14426880,666380,673470,273561,0.3795405012618972,,Batch_1,ffwubibz,-5
auto,64,y,14112000,673641,646866,234035,0.3228640610655211,,Batch_1,ffwubibz,-5
cross,64,x,14426880,666380,1028171,45983,-0.0019361720880211044,,Batch_1,ffwubibz,-5
cross,-64,x,14426880,673470,1026125,45169,-0.0034926152211417266,,Batch_1,ffwubibz,-5
cross,64,y,14112000,673641,1022387,66140,0.02222692921461922,,Batch_1,ffwubibz,-5
cross,-64,y,14112000,646866,994846,47870,0.0030023901195347365,,Batch_1,ffwubibz,-5
auto,256,x,14027520,636135,644944,34036,0.007833431395381873,,Batch_1,ffwubibz,-5
auto,256,y,12768000,621231,545289,34304,0.013994132403482231,,Batch_1,ffwubibz,-5
cross,256,x,14027520,636135,991200,42888,-0.0027569178854123574,,Batch_1,ffwubibz,-5
cross,-256,x,14027520,644944,987012,52637,0.009658387307280237,,Batch_1,ffwubibz,-5
cross,256,y,12768000,621231,941467,36637,-0.01277383961339802,,Batch_1,ffwubibz,-5
cross,-256,y,12768000,545289,896363,42364,0.006189642428792742,,Batch_1,ffwubibz,-5
auto,64,x,14426880,634127,641232,259000,0.37870543791592426,,Batch_1,ffwubibz,0
auto,64,y,14112000,642096,616565,219724,0.3188440104471174,,Batch_1,ffwubibz,0
cross,64,x,14426880,634127,1189431,50051,-0.002741403631846359,,Batch_1,ffwubibz,0
cross,-64,x,14426880,641232,1188448,50435,-0.002921290455402232,,Batch_1,ffwubibz,0
cross,64,y,14112000,642096,1182902,71663,0.021891021815840104,,Batch_1,ffwubibz,0
cross,-64,y,14112000,616565,1153293,54970,0.005798009584681223,,Batch_1,ffwubibz,0
auto,256,x,14027520,604659,613321,30419,0.006835069569855278,,Batch_1,ffwubibz,0
auto,256,y,12768000,592971,520683,31358,0.013504364653127236,,Batch_1,ffwubibz,0
cross,256,x,14027520,604659,1146814,45940,-0.004475743640482365,,Batch_1,ffwubibz,0
cross,-256,x,14027520,613321,1144931,57363,0.009300282743777982,,Batch_1,ffwubibz,0
cross,256,y,12768000,592971,1085717,41134,-0.012393957014435415,,Batch_1,ffwubibz,0
cross,-256,y,12768000,520683,1040478,45913,0.005039911892399028,,Batch_1,ffwubibz,0
auto,64,x,14426880,601682,608740,241348,0.37246552011500217,,Batch_1,ffwubibz,5
auto,64,y,14112000,609961,586225,202909,0.3100957849312853,,Batch_1,ffwubibz,5
cross,64,x,14426880,601682,1381538,54764,-0.003362660455528776,,Batch_1,ffwubibz,5
cross,-64,x,14426880,608740,1380714,56719,-0.001804944168365827,,Batch_1,ffwubibz,5
cross,64,y,14112000,609961,1372363,77802,0.021738702598610278,,Batch_1,ffwubibz,5
cross,-64,y,14112000,586225,1340944,63779,0.009779101234231242,,Batch_1,ffwubibz,5
auto,256,x,14027520,572963,581310,26841,0.005596588842730719,,Batch_1,ffwubibz,5
auto,256,y,12768000,563046,495632,28214,0.012555277708606675,,Batch_1,ffwubibz,5
cross,256,x,14027520,572963,1333404,50224,-0.00520642583481789,,Batch_1,ffwubibz,5
cross,-256,x,14027520,581310,1332422,62028,0.008309643034951809,,Batch_1,ffwubibz,5
cross,256,y,12768000,563046,1252903,45750,-0.012182876056696577,,Batch_1,ffwubibz,5
cross,-256,y,12768000,495632,1212384,49546,0.0034347484926923635,,Batch_1,ffwubibz,5
auto,64,x,14954016,962539,948056,406164,0.38595781939328366,,Batch_1,fzrt2k6r,-5
auto,64,y,14644000,900786,959102,337121,0.3195146103671008,,Batch_1,fzrt2k6r,-5
cross,64,x,14954016,962539,1235179,73001,-0.006437605174313213,,Batch_1,fzrt2k6r,-5
cross,-64,x,14954016,948056,1223353,58913,-0.0186694153153657,,Batch_1,fzrt2k6r,-5
cross,64,y,14644000,900786,1219453,69285,-0.005890473242139977,,Batch_1,fzrt2k6r,-5
cross,-64,y,14644000,959102,1216822,90081,0.010385821785435026,,Batch_1,fzrt2k6r,-5
auto,256,x,14540064,930519,907339,76285,0.021164561724644523,,Batch_1,fzrt2k6r,-5
auto,256,y,13300000,799049,876811,66818,0.01802930261614217,,Batch_1,fzrt2k6r,-5
cross,256,x,14540064,930519,1205803,82383,0.005314256499185565,,Batch_1,fzrt2k6r,-5
cross,-256,x,14540064,907339,1189670,72134,-0.002183229344667152,,Batch_1,fzrt2k6r,-5
cross,256,y,13300000,799049,1094714,74185,0.009688697623677247,,Batch_1,fzrt2k6r,-5
cross,-256,y,13300000,876811,1141145,48061,-0.029393439078327276,,Batch_1,fzrt2k6r,-5
auto,64,x,14954016,903876,890142,383653,0.3911981783750272,,Batch_1,fzrt2k6r,0
auto,64,y,14644000,847999,901692,316222,0.3211014172206891,,Batch_1,fzrt2k6r,0
cross,64,x,14954016,903876,1436172,79393,-0.0070613964452365405,,Batch_1,fzrt2k6r,0
cross,-64,x,14954016,890142,1424035,65073,-0.018961840951731083,,Batch_1,fzrt2k6r,0
cross,64,y,14644000,847999,1418491,77158,-0.004925988717434846,,Batch_1,fzrt2k6r,0
cross,-64,y,14644000,901692,1413550,100994,0.013424992360576848,,Batch_1,fzrt2k6r,0
auto,256,x,14540064,873358,852862,67525,0.020075090931366543,,Batch_1,fzrt2k6r,0
auto,256,y,13300000,756302,822169,60430,0.018439464421855928,,Batch_1,fzrt2k6r,0
cross,256,x,14540064,873358,1402043,89658,0.005337820471417035,,Batch_1,fzrt2k6r,0
cross,-256,x,14540064,852862,1383764,79209,-0.0019519838940358738,,Batch_1,fzrt2k6r,0
cross,256,y,13300000,756302,1272321,82498,0.01120133573073233,,Batch_1,fzrt2k6r,0
cross,-256,y,13300000,822169,1324409,54802,-0.028224009301855816,,Batch_1,fzrt2k6r,0
auto,64,x,14954016,845176,832216,353065,0.3865795732684587,,Batch_1,fzrt2k6r,5
auto,64,y,14644000,792819,843691,288389,0.3143289603073671,,Batch_1,fzrt2k6r,5
cross,64,x,14954016,845176,1694479,87090,-0.00792925032557563,,Batch_1,fzrt2k6r,5
cross,-64,x,14954016,832216,1682061,72568,-0.01942599704293973,,Batch_1,fzrt2k6r,5
cross,64,y,14644000,792819,1672522,86124,-0.00419868482705469,,Batch_1,fzrt2k6r,5
cross,-64,y,14644000,843691,1668654,111359,0.014039651875407852,,Batch_1,fzrt2k6r,5
auto,256,x,14540064,815894,797563,58902,0.018568819283760175,,Batch_1,fzrt2k6r,5
auto,256,y,13300000,707403,767298,53689,0.018505377985091515,,Batch_1,fzrt2k6r,5
cross,256,x,14540064,815894,1655593,98545,0.005309739524441539,,Batch_1,fzrt2k6r,5
cross,-256,x,14540064,797563,1631858,88947,-0.0005406186976101758,,Batch_1,fzrt2k6r,5
cross,256,y,13300000,707403,1496588,88852,0.009808508843324749,,Batch_1,fzrt2k6r,5
cross,-256,y,13300000,767298,1563522,63372,-0.026862590240440385,,Batch_1,fzrt2k6r,5
auto,64,x,12274880,702217,700484,316215,0.41758900464945947,,Batch_1,iv6g2oq0,-5
auto,64,y,11943360,669291,685533,257515,0.3429073485957233,,Batch_1,iv6g2oq0,-5
cross,64,x,12274880,702217,1144511,53206,-0.014801358678883004,,Batch_1,iv6g2oq0,-5
cross,-64,x,12274880,700484,1145077,48375,-0.02049285269280855,,Batch_1,iv6g2oq0,-5
cross,64,y,11943360,669291,1126696,64012,0.0010877336345946583,,Batch_1,iv6g2oq0,-5
cross,-64,y,11943360,685533,1107170,58469,-0.006306614111182271,,Batch_1,iv6g2oq0,-5
auto,256,x,11933120,696303,669993,48831,0.015120844273837898,,Batch_1,iv6g2oq0,-5
auto,256,y,10607040,542724,601608,45101,0.026487874466158606,,Batch_1,iv6g2oq0,-5
cross,256,x,11933120,696303,1104293,84345,0.02456121147582988,,Batch_1,iv6g2oq0,-5
cross,-256,x,11933120,669993,1123291,64589,0.0018962024612020738,,Batch_1,iv6g2oq0,-5
cross,256,y,10607040,542724,1011756,31427,-0.029628936982396978,,Batch_1,iv6g2oq0,-5
cross,-256,y,10607040,601608,1021766,57531,-0.0005820440345165055,,Batch_1,iv6g2oq0,-5
auto,64,x,12274880,668515,666761,302848,0.4221837602428155,,Batch_1,iv6g2oq0,0
auto,64,y,11943360,638863,652717,245350,0.3445039360785825,,Batch_1,iv6g2oq0,0
cross,64,x,12274880,668515,1304083,57468,-0.01579217757103926,,Batch_1,iv6g2oq0,0
cross,-64,x,12274880,666761,1305269,52998,-0.02087535098660927,,Batch_1,iv6g2oq0,0
cross,64,y,11943360,638863,1281909,70124,0.0018673393681313062,,Batch_1,iv6g2oq0,0
cross,-64,y,11943360,652717,1263275,63915,-0.006137647329878319,,Batch_1,iv6g2oq0,0
auto,256,x,11933120,663275,636943,44560,0.014899953971184631,,Batch_1,iv6g2oq0,0
auto,256,y,10607040,520059,571719,41517,0.0260740458749949,,Batch_1,iv6g2oq0,0
cross,256,x,11933120,663275,1256117,92217,0.02669499989061438,,Batch_1,iv6g2oq0,0
cross,-256,x,11933120,636943,1280083,69771,0.0017410520971374139,,Batch_1,iv6g2oq0,0
cross,256,y,10607040,520059,1149409,35591,-0.029165627738764136,,Batch_1,iv6g2oq0,0
cross,-256,y,10607040,571719,1166035,63754,0.0012075565721177055,,Batch_1,iv6g2oq0,0
auto,64,x,12274880,633608,631905,286675,0.42333119503913824,,Batch_1,iv6g2oq0,5
auto,64,y,11943360,606110,618586,229950,0.34179724528621624,,Batch_1,iv6g2oq0,5
cross,64,x,12274880,633608,1645014,63127,-0.023546744936359953,,Batch_1,iv6g2oq0,5
cross,-64,x,12274880,631905,1647562,60445,-0.026356931138041884,,Batch_1,iv6g2oq0,5
cross,64,y,11943360,606110,1580313,77723,-0.002787421692214688,,Batch_1,iv6g2oq0,5
cross,-64,y,11943360,618586,1601783,72750,-0.011321690756492989,,Batch_1,iv6g2oq0,5
auto,256,x,11933120,628780,602648,41241,0.01624881301909628,,Batch_1,iv6g2oq0,5
auto,256,y,10607040,493483,541878,37398,0.024777852535273454,,Batch_1,iv6g2oq0,5
cross,256,x,11933120,628780,1585109,104494,0.023176726956766442,,Batch_1,iv6g2oq0,5
cross,-256,x,11933120,602648,1617945,81120,-0.0006591561443901225,,Batch_1,iv6g2oq0,5
cross,256,y,10607040,493483,1355899,41722,-0.028634902388856406,,Batch_1,iv6g2oq0,5
cross,-256,y,10607040,541878,1489118,78781,0.003336598460361806,,Batch_1,iv6g2oq0,5
auto,64,x,13039680,838228,841074,405795,0.4477290422556664,,Batch_1,uhdslk0o,-5
auto,64,y,12712000,823562,829838,381822,0.424435958674424,,Batch_1,uhdslk0o,-5
cross,64,x,13039680,838228,1032086,59109,-0.008381456025093128,,Batch_1,uhdslk0o,-5
cross,-64,x,13039680,841074,1037527,69451,0.002917919335285027,,Batch_1,uhdslk0o,-5
cross,64,y,12712000,823562,1024940,77357,0.012859251563526729,,Batch_1,uhdslk0o,-5
cross,-64,y,12712000,829838,1020242,70136,0.00414316226106776,,Batch_1,uhdslk0o,-5
auto,256,x,12678720,810927,798215,77943,0.0356864648092321,,Batch_1,uhdslk0o,-5
auto,256,y,11368000,667011,775822,49012,0.005181933598104516,,Batch_1,uhdslk0o,-5
cross,256,x,12678720,810927,999885,53335,-0.012698144483068103,,Batch_1,uhdslk0o,-5
cross,-256,x,12678720,798215,1025724,90672,0.031076233400233706,,Batch_1,uhdslk0o,-5
cross,256,y,11368000,667011,900085,60567,0.010750202335861873,,Batch_1,uhdslk0o,-5
cross,-256,y,11368000,775822,923691,48468,-0.01860273189479374,,Batch_1,uhdslk0o,-5
auto,64,x,13039680,791503,794473,387218,0.4551704707897386,,Batch_1,uhdslk0o,0
auto,64,y,12712000,778806,784552,366550,0.4341342031113441,,Batch_1,uhdslk0o,0
cross,64,x,13039680,791503,1198055,64418,-0.009232476776059758,,Batch_1,uhdslk0o,0
cross,-64,x,13039680,794473,1203656,75332,0.002211297346506802,,Batch_1,uhdslk0o,0
cross,64,y,12712000,778806,1188681,84129,0.012735913174534843,,Batch_1,uhdslk0o,0
cross,-64,y,12712000,784552,1182257,73766,0.000900587658084641,,Batch_1,uhdslk0o,0
auto,256,x,12678720,765162,752719,72541,0.03800257789995225,,Batch_1,uhdslk0o,0
auto,256,y,11368000,627827,735475,44860,0.006640123341600512,,Batch_1,uhdslk0o,0
cross,256,x,12678720,765162,1160466,61764,-0.009499186377277917,,Batch_1,uhdslk0o,0
cross,-256,x,12678720,752719,1189215,98915,0.032412646365607624,,Batch_1,uhdslk0o,0
cross,256,y,11368000,627827,1045239,67039,0.012412003670900932,,Batch_1,uhdslk0o,0
cross,-256,y,11368000,735475,1070500,53678,-0.01907623558220986,,Batch_1,uhdslk0o,0
auto,64,x,13039680,743341,746095,360740,0.4531685903677614,,Batch_1,uhdslk0o,5
auto,64,y,12712000,731724,737046,344255,0.4361984690976623,,Batch_1,uhdslk0o,5
cross,64,x,13039680,743341,1421356,70470,-0.01120361755775126,,Batch_1,uhdslk0o,5
cross,-64,x,13039680,746095,1427053,82084,0.0004568144859663343,,Batch_1,uhdslk0o,5
cross,64,y,12712000,731724,1408470,89665,0.0092443250134473,,Batch_1,uhdslk0o,5
cross,-64,y,12712000,737046,1400744,79849,-0.0014690536319240052,,Batch_1,uhdslk0o,5
auto,256,x,12678720,718286,705239,66806,0.039971864865906155,,Batch_1,uhdslk0o,5
auto,256,y,11368000,584925,692774,40934,0.008802189204682459,,Batch_1,uhdslk0o,5
cross,256,x,12678720,718286,1376827,73405,-0.00504008949360314,,Batch_1,uhdslk0o,5
cross,-256,x,12678720,705239,1408700,109693,0.03431349309605614,,Batch_1,uhdslk0o,5
cross,256,y,11368000,584925,1241824,78950,0.019215479040958754,,Batch_1,uhdslk0o,5
cross,-256,y,11368000,692774,1272292,62147,-0.017947443380101562,,Batch_1,uhdslk0o,5
auto,64,x,14204928,827416,819099,383676,0.4332037580085277,,Batch_2,3806gxp0,-5
auto,64,y,13888000,790289,802517,339863,0.3918899392238784,,Batch_2,3806gxp0,-5
cross,64,x,14204928,827416,830871,30498,-0.02292555657605923,,Batch_2,3806gxp0,-5
cross,-64,x,14204928,819099,833141,35039,-0.016711619036595144,,Batch_2,3806gxp0,-5
cross,64,y,13888000,790289,825810,47399,0.0005345813958757382,,Batch_2,3806gxp0,-5
cross,-64,y,13888000,802517,826521,40994,-0.008825830261733792,,Batch_2,3806gxp0,-5
auto,256,x,13811712,788089,809353,65621,0.025834762047749548,,Batch_2,3806gxp0,-5
auto,256,y,12544000,710481,645562,38038,0.0023007503002454173,,Batch_2,3806gxp0,-5
cross,256,x,13811712,788089,808906,55954,0.013024916176248236,,Batch_2,3806gxp0,-5
cross,-256,x,13811712,809353,812654,58832,0.014686322916672026,,Batch_2,3806gxp0,-5
cross,256,y,12544000,710481,744005,43922,0.002602166112034543,,Batch_2,3806gxp0,-5
cross,-256,y,12544000,645562,776763,32339,-0.011431857778317307,,Batch_2,3806gxp0,-5
auto,64,x,14204928,790204,782475,365871,0.43395565641126854,,Batch_2,3806gxp0,0
auto,64,y,13888000,756532,768830,324586,0.39222424561602953,,Batch_2,3806gxp0,0
cross,64,x,14204928,790204,1034861,36738,-0.02461703633891152,,Batch_2,3806gxp0,0
cross,-64,x,14204928,782475,1038516,42322,-0.01764326269052574,,Batch_2,3806gxp0,0
cross,64,y,13888000,756532,1027307,56499,0.0006518117796702809,,Batch_2,3806gxp0,0
cross,-64,y,13888000,768830,1030056,49808,-0.008669668406823863,,Batch_2,3806gxp0,0
auto,256,x,13811712,751882,773214,60108,0.025008821179264243,,Batch_2,3806gxp0,0
auto,256,y,12544000,679715,618655,34587,0.0017307935706362186,,Batch_2,3806gxp0,0
cross,256,x,13811712,751882,1007615,66073,0.013768686441284008,,Batch_2,3806gxp0,0
cross,-256,x,13811712,773214,1013749,71263,0.017524266712102884,,Batch_2,3806gxp0,0
cross,256,y,12544000,679715,928734,50971,0.0008690625874090106,,Batch_2,3806gxp0,0
cross,-256,y,12544000,618655,966324,37296,-0.014306889275571852,,Batch_2,3806gxp0,0
auto,64,x,14204928,751317,744425,342437,0.4277601930736064,,Batch_2,3806gxp0,5
auto,64,y,13888000,719830,732478,303696,0.38614703870791306,,Batch_2,3806gxp0,5
cross,64,x,14204928,751317,1252947,42911,-0.025907620960150774,,Batch_2,3806gxp0,5
cross,-64,x,14204928,744425,1257629,48993,-0.01881004056884366,,Batch_2,3806gxp0,5
cross,64,y,13888000,719830,1241512,64230,-0.0001353627493578909,,Batch_2,3806gxp0,5
cross,-64,y,13888000,732478,1247137,58003,-0.008758807518952715,,Batch_2,3806gxp0,5
auto,256,x,13811712,714107,735600,55772,0.025831254573438146,,Batch_2,3806gxp0,5
auto,256,y,12544000,645177,588470,31546,0.002183338373781278,,Batch_2,3806gxp0,5
cross,256,x,13811712,714107,1219941,76986,0.01602977745837569,,Batch_2,3806gxp0,5
cross,-256,x,13811712,735600,1228235,84609,0.0217428993682959,,Batch_2,3806gxp0,5
cross,256,y,12544000,645177,1124025,57351,-0.0005826748861721758,,Batch_2,3806gxp0,5
cross,-256,y,12544000,588470,1168448,42482,-0.01599777182426999,,Batch_2,3806gxp0,5
auto,64,x,14204928,609323,616921,272556,0.41949104156354095,,Batch_2,avn74qx1,-5
auto,64,y,13888000,594278,575952,223728,0.35525423266622813,,Batch_2,avn74qx1,-5
cross,64,x,14204928,609323,886843,28985,-0.01300535511784622,,Batch_2,avn74qx1,-5
cross,-64,x,14204928,616921,884052,31992,-0.009153486406041354,,Batch_2,avn74qx1,-5
cross,64,y,13888000,594278,876302,28982,-0.012460749503559007,,Batch_2,avn74qx1,-5
cross,-64,y,13888000,575952,878197,41867,0.008082758240630088,,Batch_2,avn74qx1,-5
auto,256,x,13811712,557097,611740,39799,0.027052453051929375,,Batch_2,avn74qx1,-5
auto,256,y,12544000,484620,497578,24860,0.01194657061330532,,Batch_2,avn74qx1,-5
cross,256,x,13811712,557097,863544,36483,0.0025108659580446962,,Batch_2,avn74qx1,-5
cross,-256,x,13811712,611740,861038,48456,0.015020200751213348,,Batch_2,avn74qx1,-5
cross,256,y,12544000,484620,805583,28536,-0.004364542792435677,,Batch_2,avn74qx1,-5
cross,-256,y,12544000,497578,821217,40825,0.013623586301845502,,Batch_2,avn74qx1,-5
auto,64,x,14204928,586509,594045,262537,0.4207069086979167,,Batch_2,avn74qx1,0
auto,64,y,13888000,573069,554616,215172,0.3555079271493483,,Batch_2,avn74qx1,0
cross,64,x,14204928,586509,1064862,32924,-0.014838448867022026,,Batch_2,avn74qx1,0
cross,-64,x,14204928,594045,1061349,37498,-0.00921181452545938,,Batch_2,avn74qx1,0
cross,64,y,13888000,573069,1049974,33266,-0.013775714445957076,,Batch_2,avn74qx1,0
cross,-64,y,13888000,554616,1053548,47291,0.007246579726056524,,Batch_2,avn74qx1,0
auto,256,x,13811712,535890,589122,37325,0.02684134239273317,,Batch_2,avn74qx1,0
auto,256,y,12544000,466484,478456,22235,0.009770996499506303,,Batch_2,avn74qx1,0
cross,256,x,13811712,535890,1037070,42422,0.003107108706805379,,Batch_2,avn74qx1,0
cross,-256,x,13811712,589122,1033242,55029,0.014922782991478993,,Batch_2,avn74qx1,0
cross,256,y,12544000,466484,963017,35148,-0.0010515630390451947,,Batch_2,avn74qx1,0
cross,-256,y,12544000,478456,987084,44503,0.01059378736491664,,Batch_2,avn74qx1,0
auto,64,x,14204928,562504,569832,250354,0.41904520867869266,,Batch_2,avn74qx1,5
auto,64,y,13888000,549782,532172,205267,0.35434290005748414,,Batch_2,avn74qx1,5
cross,64,x,14204928,562504,1247703,36128,-0.01693631294553839,,Batch_2,avn74qx1,5
cross,-64,x,14204928,569832,1243455,42593,-0.0092516943436653,,Batch_2,avn74qx1,5
cross,64,y,13888000,549782,1228379,37497,-0.014475685332283186,,Batch_2,avn74qx1,5
cross,-64,y,13888000,532172,1232766,52151,0.006479412240068803,,Batch_2,avn74qx1,5
auto,256,x,13811712,514197,565202,34985,0.026915540861368787,,Batch_2,avn74qx1,5
auto,256,y,12544000,445868,458832,19671,0.007711424646128526,,Batch_2,avn74qx1,5
cross,256,x,13811712,514197,1215604,47735,0.003346544978223338,,Batch_2,avn74qx1,5
cross,-256,x,13811712,565202,1209755,60653,0.014411329094992884,,Batch_2,avn74qx1,5
cross,256,y,12544000,445868,1123907,41698,0.0026374489680419506,,Batch_2,avn74qx1,5
cross,-256,y,12544000,458832,1156154,48039,0.008440700424226582,,Batch_2,avn74qx1,5
auto,64,x,14954016,1272353,1264255,618376,0.44007502033537566,,Batch_2,b3esycq1,-5
auto,64,y,14644000,1164918,1240544,501770,0.36531277170749815,,Batch_2,b3esycq1,-5
cross,64,x,14954016,1272353,1199562,80024,-0.019447449391114816,,Batch_2,b3esycq1,-5
cross,-64,x,14954016,1264255,1200395,86748,-0.01303692767382695,,Batch_2,b3esycq1,-5
cross,64,y,14644000,1164918,1180282,94320,0.0003982175669110205,,Batch_2,b3esycq1,-5
cross,-64,y,14644000,1240544,1125710,103818,0.007783862948192623,,Batch_2,b3esycq1,-5
auto,256,x,14540064,1247808,1213998,133283,0.0258295562804711,,Batch_2,b3esycq1,-5
auto,256,y,13300000,1005148,1172116,117286,0.028802410437324826,,Batch_2,b3esycq1,-5
cross,256,x,14540064,1247808,1167500,125530,0.02289331635700434,,Batch_2,b3esycq1,-5
cross,-256,x,14540064,1213998,1171791,127899,0.027457802347399557,,Batch_2,b3esycq1,-5
cross,256,y,13300000,1005148,1073844,85848,0.004899320730630809,,Batch_2,b3esycq1,-5
cross,-256,y,13300000,1172116,1052696,96295,0.00346005394035544,,Batch_2,b3esycq1,-5
auto,64,x,14954016,1182230,1174092,575299,0.4445440030757882,,Batch_2,b3esycq1,0
auto,64,y,14644000,1082373,1151268,464639,0.36807950900935676,,Batch_2,b3esycq1,0
cross,64,x,14954016,1182230,1408700,86984,-0.020688215043221887,,Batch_2,b3esycq1,0
cross,-64,x,14954016,1174092,1408775,91805,-0.016002679379787298,,Batch_2,b3esycq1,0
cross,64,y,14644000,1082373,1384448,102110,-0.00019434963757855386,,Batch_2,b3esycq1,0
cross,-64,y,14644000,1151268,1327637,110745,0.005629055299001822,,Batch_2,b3esycq1,0
auto,256,x,14540064,1159426,1126142,115413,0.024328483260245937,,Batch_2,b3esycq1,0
auto,256,y,13300000,938800,1088514,102699,0.027697464279832103,,Batch_2,b3esycq1,0
cross,256,x,14540064,1159426,1371078,135673,0.022885811583384447,,Batch_2,b3esycq1,0
cross,-256,x,14540064,1126142,1374854,139296,0.028852630258535846,,Batch_2,b3esycq1,0
cross,256,y,13300000,938800,1260895,93617,0.004624432256780154,,Batch_2,b3esycq1,0
cross,-256,y,13300000,1088514,1242593,104655,0.0027870784327382434,,Batch_2,b3esycq1,0
auto,64,x,14954016,1086529,1078253,521533,0.44140655129488976,,Batch_2,b3esycq1,5
auto,64,y,14644000,997884,1056522,421770,0.36634978221974684,,Batch_2,b3esycq1,5
cross,64,x,14954016,1086529,1684739,94812,-0.022486531435333176,,Batch_2,b3esycq1,5
cross,-64,x,14954016,1078253,1684029,98683,-0.018599898945497,,Batch_2,b3esycq1,5
cross,64,y,14644000,997884,1651941,110956,-0.0013808243494090329,,Batch_2,b3esycq1,5
cross,-64,y,14644000,1056522,1597022,118923,0.0031349936892857053,,Batch_2,b3esycq1,5
auto,256,x,14540064,1065449,1032298,95937,0.02085475668082164,,Batch_2,b3esycq1,5
auto,256,y,13300000,870797,999279,89612,0.027888322518969704,,Batch_2,b3esycq1,5
cross,256,x,14540064,1065449,1639653,145413,0.02108021495134129,,Batch_2,b3esycq1,5
cross,-256,x,14540064,1032298,1643120,152306,0.03015437468484778,,Batch_2,b3esycq1,5
cross,256,y,13300000,870797,1507426,102373,0.003525302093208076,,Batch_2,b3esycq1,5
cross,-256,y,13300000,999279,1497464,115053,0.0022945969714441837,,Batch_2,b3esycq1,5
auto,64,x,14794488,922821,910240,414930,0.41658744085245236,,Batch_2,epqdaau9,-5
auto,64,y,14483000,891827,903784,364117,0.3662898619728601,,Batch_2,epqdaau9,-5
cross,64,x,14794488,922821,892566,43556,-0.014225752246770012,,Batch_2,epqdaau9,-5
cross,-64,x,14794488,910240,895324,42464,-0.014889583484591757,,Batch_2,epqdaau9,-5
cross,64,y,14483000,891827,880534,57060,0.0034124007157886075,,Batch_2,epqdaau9,-5
cross,-64,y,14483000,903784,831644,52865,0.0011875082848615164,,Batch_2,epqdaau9,-5
auto,256,x,14384952,861351,828342,67061,0.021961479232303963,,Batch_2,epqdaau9,-5
auto,256,y,13139000,824726,818521,73574,0.028817019313523186,,Batch_2,epqdaau9,-5
cross,256,x,14384952,861351,866166,43298,-0.010551699269869581,,Batch_2,epqdaau9,-5
cross,-256,x,14384952,828342,875847,54441,0.004999691388059947,,Batch_2,epqdaau9,-5
cross,256,y,13139000,824726,823007,31903,-0.02558458825870704,,Batch_2,epqdaau9,-5
cross,-256,y,13139000,818521,772567,63674,0.020808647189516517,,Batch_2,epqdaau9,-5
auto,64,x,14794488,873982,863272,391546,0.41651593285718436,,Batch_2,epqdaau9,0
auto,64,y,14483000,847259,856657,341493,0.36339187555231156,,Batch_2,epqdaau9,0
cross,64,x,14794488,873982,1056745,50350,-0.013444322759744713,,Batch_2,epqdaau9,0
cross,-64,x,14794488,863272,1059176,49318,-0.01396522540912908,,Batch_2,epqdaau9,0
cross,64,y,14483000,847259,1040800,64571,0.004196679398977862,,Batch_2,epqdaau9,0
cross,-64,y,14483000,856657,989890,61239,0.003117612396584883,,Batch_2,epqdaau9,0
auto,256,x,14384952,813774,786966,61112,0.02195540110387441,,Batch_2,epqdaau9,0
auto,256,y,13139000,784585,775003,65978,0.026856601900379938,,Batch_2,epqdaau9,0
cross,256,x,14384952,813774,1027175,49122,-0.010501469971742223,,Batch_2,epqdaau9,0
cross,-256,x,14384952,786966,1035170,60262,0.0042943603278798636,,Batch_2,epqdaau9,0
cross,256,y,13139000,784585,968544,38459,-0.023817767792834156,,Batch_2,epqdaau9,0
cross,-256,y,13139000,775003,917665,69533,0.01952450446689235,,Batch_2,epqdaau9,0
auto,64,x,14794488,821949,814756,362161,0.4099132579209787,,Batch_2,epqdaau9,5
auto,64,y,14483000,797810,806691,313591,0.3551776193690146,,Batch_2,epqdaau9,5
cross,64,x,14794488,821949,1250369,58204,-0.011948894451870265,,Batch_2,epqdaau9,5
cross,-64,x,14794488,814756,1252621,57857,-0.011842929663713789,,Batch_2,epqdaau9,5
cross,64,y,14483000,797810,1229533,73516,0.006282409965739582,,Batch_2,epqdaau9,5
cross,-64,y,14483000,806691,1177413,71259,0.006255190132802619,,Batch_2,epqdaau9,5
auto,256,x,14384952,763520,748463,54047,0.019994148692469352,,Batch_2,epqdaau9,5
auto,256,y,13139000,737482,728674,56601,0.022684053370306323,,Batch_2,epqdaau9,5
cross,256,x,14384952,763520,1216319,54904,-0.010761257966983236,,Batch_2,epqdaau9,5
cross,-256,x,14384952,748463,1222907,67032,0.0038191859293864507,,Batch_2,epqdaau9,5
cross,256,y,13139000,737482,1135434,45968,-0.02090404757693674,,Batch_2,epqdaau9,5
cross,-256,y,13139000,728674,1090145,75177,0.017744403299566655,,Batch_2,epqdaau9,5
auto,64,x,15758592,972586,975933,442408,0.4181234946676528,,Batch_2,i9jiqjwl,-5
auto,64,y,15456000,939491,889607,329802,0.32057115714206796,,Batch_2,i9jiqjwl,-5
cross,64,x,15758592,972586,1000504,57588,-0.004499806514925657,,Batch_2,i9jiqjwl,-5
cross,-64,x,15758592,975933,1002936,65373,0.0035169028404025008,,Batch_2,i9jiqjwl,-5
cross,64,y,15456000,939491,1004290,74802,0.015112420817627911,,Batch_2,i9jiqjwl,-5
cross,-64,y,15456000,889607,979208,56460,0.0001132901702194575,,Batch_2,i9jiqjwl,-5
auto,256,x,15322368,959784,973998,111543,0.055784299986730145,,Batch_2,i9jiqjwl,-5
auto,256,y,14112000,846895,828976,48485,-0.0016035815945444616,,Batch_2,i9jiqjwl,-5
cross,256,x,15322368,959784,969814,53535,-0.007979291584678746,,Batch_2,i9jiqjwl,-5
cross,-256,x,15322368,973998,968721,55922,-0.006217736467299189,,Batch_2,i9jiqjwl,-5
cross,256,y,14112000,846895,932079,89811,0.04069219798485965,,Batch_2,i9jiqjwl,-5
cross,-256,y,14112000,828976,930576,50426,-0.005146623114381349,,Batch_2,i9jiqjwl,-5
auto,64,x,15758592,892553,895363,400838,0.4152123390695494,,Batch_2,i9jiqjwl,0
auto,64,y,15456000,860697,838710,304172,0.3206618858979587,,Batch_2,i9jiqjwl,0
cross,64,x,15758592,892553,1189574,63759,-0.0037591819131434882,,Batch_2,i9jiqjwl,0
cross,-64,x,15758592,895363,1192079,71751,0.0041674374440840364,,Batch_2,i9jiqjwl,0
cross,64,y,15456000,860697,1192943,84555,0.01916000723654002,,Batch_2,i9jiqjwl,0
cross,-64,y,15456000,838710,1164595,63913,0.0007757972194960316,,Batch_2,i9jiqjwl,0
auto,256,x,15322368,881841,894122,90906,0.04715722677193359,,Batch_2,i9jiqjwl,0
auto,256,y,14112000,773945,789125,42151,-0.001526669738380803,,Batch_2,i9jiqjwl,0
cross,256,x,15322368,881841,1155929,62442,-0.004334076417525613,,Batch_2,i9jiqjwl,0
cross,-256,x,15322368,894122,1152239,64484,-0.002907328834034786,,Batch_2,i9jiqjwl,0
cross,256,y,14112000,773945,1102926,96965,0.04229725541070952,,Batch_2,i9jiqjwl,0
cross,-256,y,14112000,789125,1106923,57716,-0.004796852672303799,,Batch_2,i9jiqjwl,0
auto,64,x,15758592,813682,815849,352460,0.401654959937503,,Batch_2,i9jiqjwl,5
auto,64,y,15456000,784420,779720,266189,0.30521024207312547,,Batch_2,i9jiqjwl,5
cross,64,x,15758592,813682,1399190,69247,-0.0030235541991474484,,Batch_2,i9jiqjwl,5
cross,-64,x,15758592,815849,1401509,77879,0.005353270315113827,,Batch_2,i9jiqjwl,5
cross,64,y,15456000,784420,1401554,93086,0.022537097977283635,,Batch_2,i9jiqjwl,5
cross,-64,y,15456000,779720,1369707,72117,0.0031396739918982813,,Batch_2,i9jiqjwl,5
auto,256,x,15322368,804660,815220,73691,0.040254202252036395,,Batch_2,i9jiqjwl,5
auto,256,y,14112000,703864,737218,35260,-0.0022093074019782456,,Batch_2,i9jiqjwl,5
cross,256,x,15322368,804660,1362123,70246,-0.001322497953042815,,Batch_2,i9jiqjwl,5
cross,-256,x,15322368,815220,1354963,72231,0.00014418012406653641,,Batch_2,i9jiqjwl,5
cross,256,y,14112000,703864,1292238,101402,0.04170155167720148,,Batch_2,i9jiqjwl,5
cross,-256,y,14112000,737218,1300405,64678,-0.003584807367649564,,Batch_2,i9jiqjwl,5
auto,64,x,14426880,659690,661122,284864,0.4040676103207044,,Batch_2,r17byphk,-5
auto,64,y,14112000,642573,629387,217456,0.31088757253521515,,Batch_2,r17byphk,-5
cross,64,x,14426880,659690,982562,33099,-0.015581807051809442,,Batch_2,r17byphk,-5
cross,-64,x,14426880,661122,984333,33473,-0.015295971773470111,,Batch_2,r17byphk,-5
cross,64,y,14112000,642573,968225,40643,-0.004630876850736663,,Batch_2,r17byphk,-5
cross,-64,y,14112000,629387,954063,42196,-0.0004849163533531342,,Batch_2,r17byphk,-5
auto,256,x,14027520,647567,656714,29626,-0.0011105881831568317,,Batch_2,r17byphk,-5
auto,256,y,12768000,613256,489176,27758,0.00813365793331268,,Batch_2,r17byphk,-5
cross,256,x,14027520,647567,953769,37447,-0.008883870612236337,,Batch_2,r17byphk,-5
cross,-256,x,14027520,656714,944219,35956,-0.011109708139555745,,Batch_2,r17byphk,-5
cross,256,y,12768000,613256,909423,39667,-0.005715093017713722,,Batch_2,r17byphk,-5
cross,-256,y,12768000,489176,870484,19679,-0.022132031119673348,,Batch_2,r17byphk,-5
auto,64,x,14426880,608404,610237,266874,0.4132033880615807,,Batch_2,r17byphk,0
auto,64,y,14112000,592465,580821,203815,0.3191414999838878,,Batch_2,r17byphk,0
cross,64,x,14426880,608404,1168279,34326,-0.018890224857230062,,Batch_2,r17byphk,0
cross,-64,x,14426880,610237,1170008,35567,-0.01756430025608762,,Batch_2,r17byphk,0
cross,64,y,14112000,592465,1149527,43594,-0.006028086967396566,,Batch_2,r17byphk,0
cross,-64,y,14112000,580821,1133898,45584,-0.0014236522070457944,,Batch_2,r17byphk,0
auto,256,x,14027520,596663,606708,24644,-0.0020186085021552526,,Batch_2,r17byphk,0
auto,256,y,12768000,565275,451697,24483,0.009244303024599046,,Batch_2,r17byphk,0
cross,256,x,14027520,596663,1134516,41070,-0.009311503093236848,,Batch_2,r17byphk,0
cross,-256,x,14027520,606708,1125062,39176,-0.01223728367886922,,Batch_2,r17byphk,0
cross,256,y,12768000,565275,1074853,40381,-0.009881049526405313,,Batch_2,r17byphk,0
cross,-256,y,12768000,451697,1031940,22955,-0.021080513758243914,,Batch_2,r17byphk,0
auto,64,x,14426880,556898,558765,245329,0.4172588403805498,,Batch_2,r17byphk,5
auto,64,y,14112000,542441,531941,187960,0.3241870555280139,,Batch_2,r17byphk,5
cross,64,x,14426880,556898,1374479,35434,-0.021597733742794414,,Batch_2,r17byphk,5
cross,-64,x,14426880,558765,1375997,37000,-0.019926676105758597,,Batch_2,r17byphk,5
cross,64,y,14112000,542441,1350975,45191,-0.008441195979765087,,Batch_2,r17byphk,5
cross,-64,y,14112000,531941,1332553,47781,-0.0031154356899852687,,Batch_2,r17byphk,5
auto,256,x,14027520,545615,555941,20167,-0.002753401269567843,,Batch_2,r17byphk,5
auto,256,y,12768000,517801,412190,20890,0.009375998830172944,,Batch_2,r17byphk,5
cross,256,x,14027520,545615,1334810,45173,-0.008476377503029505,,Batch_2,r17byphk,5
cross,-256,x,14027520,555941,1326877,41829,-0.013432629184325555,,Batch_2,r17byphk,5
cross,256,y,12768000,517801,1258136,40614,-0.013867170935748376,,Batch_2,r17byphk,5
cross,-256,y,12768000,412190,1211823,26266,-0.019435492844877732,,Batch_2,r17byphk,5
auto,64,x,14343648,769805,772715,331312,0.3971583698137147,,Batch_2,rxax5ozo,-5
auto,64,y,14028000,731532,740625,300176,0.37501907539739593,,Batch_2,rxax5ozo,-5
cross,64,x,14343648,769805,1016830,43438,-0.01342083814038809,,Batch_2,rxax5ozo,-5
cross,-64,x,14343648,772715,1014755,42083,-0.015155400114258427,,Batch_2,rxax5ozo,-5
cross,64,y,14028000,731532,986822,42066,-0.011779311353488205,,Batch_2,rxax5ozo,-5
cross,-64,y,14028000,740625,984913,52596,0.0007440187100115895,,Batch_2,rxax5ozo,-5
auto,256,x,13946592,758372,765979,82381,0.056528346476023686,,Batch_2,rxax5ozo,-5
auto,256,y,12684000,634386,661685,47793,0.02390905174304033,,Batch_2,rxax5ozo,-5
cross,256,x,13946592,758372,970383,45016,-0.009631897350346896,,Batch_2,rxax5ozo,-5
cross,-256,x,13946592,765979,992796,46319,-0.0100457403742858,,Batch_2,rxax5ozo,-5
cross,256,y,12684000,634386,899331,42231,-0.00387353717330527,,Batch_2,rxax5ozo,-5
cross,-256,y,12684000,661685,898801,48963,0.0028676395821640947,,Batch_2,rxax5ozo,-5
auto,64,x,14343648,734683,737091,315082,0.39724306193802106,,Batch_2,rxax5ozo,0
auto,64,y,14028000,700937,706181,286613,0.3760874603009839,,Batch_2,rxax5ozo,0
cross,64,x,14343648,734683,1212286,49606,-0.014197496484240473,,Batch_2,rxax5ozo,0
cross,-64,x,14343648,737091,1210216,47423,-0.01677694022306564,,Batch_2,rxax5ozo,0
cross,64,y,14028000,700937,1176900,49568,-0.010902708337613297,,Batch_2,rxax5ozo,0
cross,-64,y,14028000,706181,1171378,60834,0.002199004199516045,,Batch_2,rxax5ozo,0
auto,256,x,13946592,724294,731095,76503,0.05587030549461938,,Batch_2,rxax5ozo,0
auto,256,y,12684000,608771,631641,44707,0.024401104997192384,,Batch_2,rxax5ozo,0
cross,256,x,13946592,724294,1158882,50819,-0.010964298238534346,,Batch_2,rxax5ozo,0
cross,-256,x,13946592,731095,1183445,56129,-0.006821165617586981,,Batch_2,rxax5ozo,0
cross,256,y,12684000,608771,1072333,46267,-0.006893794518971558,,Batch_2,rxax5ozo,0
cross,-256,y,12684000,631641,1066675,55203,0.002722123373181205,,Batch_2,rxax5ozo,0
auto,64,x,14343648,699044,700504,293711,0.389961360019817,,Batch_2,rxax5ozo,5
auto,64,y,14028000,668046,671353,268362,0.3706774088384419,,Batch_2,rxax5ozo,5
cross,64,x,14343648,699044,1419418,55585,-0.014737355899135262,,Batch_2,rxax5ozo,5
cross,-64,x,14343648,700504,1416840,53035,-0.017519428971577353,,Batch_2,rxax5ozo,5
cross,64,y,14028000,668046,1378595,57299,-0.009392345454294841,,Batch_2,rxax5ozo,5
cross,-64,y,14028000,671353,1373103,68358,0.0029712724453045997,,Batch_2,rxax5ozo,5
auto,256,x,13946592,689946,695231,69469,0.05329089499741172,,Batch_2,rxax5ozo,5
auto,256,y,12684000,580190,602499,40919,0.023700838744152262,,Batch_2,rxax5ozo,5
cross,256,x,13946592,689946,1359312,56949,-0.01147960502073267,,Batch_2,rxax5ozo,5
cross,-256,x,13946592,695231,1383886,65314,-0.00404661074329495,,Batch_2,rxax5ozo,5
cross,256,y,12684000,580190,1253523,49722,-0.009630904359839862,,Batch_2,rxax5ozo,5
cross,-256,y,12684000,602499,1248850,61706,0.002966759760986888,,Batch_2,rxax5ozo,5
auto,64,x,13206144,639421,640697,276591,0.4032093297834474,,Batch_3,0grcilhi,-5
auto,64,y,12880000,636959,610409,228186,0.3336979061552454,,Batch_3,0grcilhi,-5
cross,64,x,13206144,639421,1443551,38221,-0.03580964429877984,,Batch_3,0grcilhi,-5
cross,-64,x,13206144,640697,1441903,38103,-0.035994334195357504,,Batch_3,0grcilhi,-5
cross,64,y,12880000,636959,1420516,65603,-0.005311451916134573,,Batch_3,0grcilhi,-5
cross,-64,y,12880000,610409,1374557,43900,-0.02514046765185469,,Batch_3,0grcilhi,-5
auto,256,x,12840576,596186,633273,49872,0.03498816851729485,,Batch_3,0grcilhi,-5
auto,256,y,11536000,620407,524227,21816,-0.011765740967574344,,Batch_3,0grcilhi,-5
cross,256,x,12840576,596186,1413737,55959,-0.011446684767555648,,Batch_3,0grcilhi,-5
cross,-256,x,12840576,633273,1401529,58738,-0.011975574038084507,,Batch_3,0grcilhi,-5
cross,256,y,11536000,620407,1284033,74239,0.0063333467147611575,,Batch_3,0grcilhi,-5
cross,-256,y,11536000,524227,1115917,46865,-0.005414316845324316,,Batch_3,0grcilhi,-5
auto,64,x,13206144,596993,598185,259213,0.4069279110989238,,Batch_3,0grcilhi,0
auto,64,y,12880000,595893,571561,213974,0.33658875976302827,,Batch_3,0grcilhi,0
cross,64,x,13206144,596993,1700217,43633,-0.036159308838306495,,Batch_3,0grcilhi,0
cross,-64,x,13206144,598185,1697692,42296,-0.037644940071714005,,Batch_3,0grcilhi,0
cross,64,y,12880000,595893,1669459,72942,-0.004726851405799039,,Batch_3,0grcilhi,0
cross,-64,y,12880000,571561,1621124,51204,-0.023568204592212042,,Batch_3,0grcilhi,0
auto,256,x,12840576,554938,591279,44942,0.035428531692146256,,Batch_3,0grcilhi,0
auto,256,y,11536000,581816,491499,18523,-0.012288669379929456,,Batch_3,0grcilhi,0
cross,256,x,12840576,554938,1663404,64862,-0.008013458954012766,,Batch_3,0grcilhi,0
cross,-256,x,12840576,591279,1650456,65775,-0.011351783149695177,,Batch_3,0grcilhi,0
cross,256,y,11536000,581816,1502629,82435,0.007826308957707116,,Batch_3,0grcilhi,0
cross,-256,y,11536000,491499,1325981,54134,-0.0031761982807902733,,Batch_3,0grcilhi,0
auto,64,x,13206144,555303,556382,232712,0.3931222820209438,,Batch_3,0grcilhi,5
auto,64,y,12880000,555424,531626,191498,0.3238894504671443,,Batch_3,0grcilhi,5
cross,64,x,13206144,555303,1976677,49669,-0.035373143216786994,,Batch_3,0grcilhi,5
cross,-64,x,13206144,556382,1973063,46965,-0.03823590582820882,,Batch_3,0grcilhi,5
cross,64,y,12880000,555424,1938029,80825,-0.0029383217578685867,,Batch_3,0grcilhi,5
cross,-64,y,12880000,531626,1885233,58523,-0.021299900173721905,,Batch_3,0grcilhi,5
auto,256,x,12840576,514240,550014,39983,0.035222627322852716,,Batch_3,0grcilhi,5
auto,256,y,11536000,542874,456050,15734,-0.012031527991378289,,Batch_3,0grcilhi,5
cross,256,x,12840576,514240,1932141,76498,-0.0009781397979133839,,Batch_3,0grcilhi,5
cross,-256,x,12840576,550014,1918505,72578,-0.010356666212593235,,Batch_3,0grcilhi,5
cross,256,y,11536000,542874,1737400,90992,0.010565372739508434,,Batch_3,0grcilhi,5
cross,-256,y,11536000,456050,1554549,62163,0.0009215772894164276,,Batch_3,0grcilhi,5
auto,64,x,14288160,916220,919316,385397,0.380112147164648,,Batch_3,71vgq3fw,-5
auto,64,y,13972000,903453,909080,374587,0.37263966298160106,,Batch_3,71vgq3fw,-5
cross,64,x,14288160,916220,838148,50319,-0.004166205582200407,,Batch_3,71vgq3fw,-5
cross,-64,x,14288160,919316,837473,55936,0.0024918953066193354,,Batch_3,71vgq3fw,-5
cross,64,y,13972000,903453,821422,41949,-0.013813883209188504,,Batch_3,71vgq3fw,-5
cross,-64,y,13972000,909080,812538,47512,-0.006640198163219264,,Batch_3,71vgq3fw,-5
auto,256,x,13892640,913571,897101,66131,0.008434589631238817,,Batch_3,71vgq3fw,-5
auto,256,y,12628000,830103,846699,83963,0.03616350630415615,,Batch_3,71vgq3fw,-5
cross,256,x,13892640,913571,817539,72106,0.022637930572753387,,Batch_3,71vgq3fw,-5
cross,-256,x,13892640,897101,816826,56637,0.004844794815202864,,Batch_3,71vgq3fw,-5
cross,256,y,12628000,830103,761719,57786,0.010354019795277088,,Batch_3,71vgq3fw,-5
cross,-256,y,12628000,846699,752007,53606,0.004260487956426175,,Batch_3,71vgq3fw,-5
auto,64,x,14288160,848058,851978,359966,0.38701456946770707,,Batch_3,71vgq3fw,0
auto,64,y,13972000,840146,842686,351510,0.38045034489056806,,Batch_3,71vgq3fw,0
cross,64,x,14288160,848058,1094582,62006,-0.003298368634201393,,Batch_3,71vgq3fw,0
cross,-64,x,14288160,851978,1095185,68618,0.0036818485524174973,,Batch_3,71vgq3fw,0
cross,64,y,13972000,840146,1073575,51559,-0.0146905088004081,,Batch_3,71vgq3fw,0
cross,-64,y,13972000,842686,1062587,60507,-0.004060538849822507,,Batch_3,71vgq3fw,0
auto,256,x,13892640,846735,831547,58036,0.009328104930864303,,Batch_3,71vgq3fw,0
auto,256,y,12628000,774390,785643,76144,0.03821423914906277,,Batch_3,71vgq3fw,0
cross,256,x,13892640,846735,1065700,81287,0.018466878755550822,,Batch_3,71vgq3fw,0
cross,-256,x,13892640,831547,1067881,70447,0.007436962613778975,,Batch_3,71vgq3fw,0
cross,256,y,12628000,774390,990268,70057,0.011455814916792251,,Batch_3,71vgq3fw,0
cross,-256,y,12628000,785643,980747,66659,0.006911625732127983,,Batch_3,71vgq3fw,0
auto,64,x,14288160,775775,779513,316820,0.3733029469390595,,Batch_3,71vgq3fw,5
auto,64,y,13972000,769781,770877,310616,0.36840290433460265,,Batch_3,71vgq3fw,5
cross,64,x,14288160,775775,1382917,72708,-0.002483512879864,,Batch_3,71vgq3fw,5
cross,-64,x,14288160,779513,1384491,78857,0.003462641893977791,,Batch_3,71vgq3fw,5
cross,64,y,13972000,769781,1356962,60855,-0.014730993570473463,,Batch_3,71vgq3fw,5
cross,-64,y,13972000,770877,1343024,71884,-0.0023552628265483618,,Batch_3,71vgq3fw,5
auto,256,x,13892640,775101,760304,50182,0.010703909176017837,,Batch_3,71vgq3fw,5
auto,256,y,12628000,709063,719100,67260,0.03990363088575015,,Batch_3,71vgq3fw,5
cross,256,x,13892640,775101,1345461,88455,0.01419748425035984,,Batch_3,71vgq3fw,5
cross,-256,x,13892640,760304,1350944,83453,0.01016830479940918,,Batch_3,71vgq3fw,5
cross,256,y,12628000,709063,1247925,80758,0.012318551637227053,,Batch_3,71vgq3fw,5
cross,-256,y,12628000,719100,1238646,76556,0.0069180198791746125,,Batch_3,71vgq3fw,5
auto,64,x,14482368,871249,856118,365902,0.38712129116109084,,Batch_3,9luzk4jm,-5
auto,64,y,14168000,860569,862945,348493,0.36582552378425365,,Batch_3,9luzk4jm,-5
cross,64,x,14482368,871249,1450609,69721,-0.016972195802016306,,Batch_3,9luzk4jm,-5
cross,-64,x,14482368,856118,1434067,93525,0.00857773572854031,,Batch_3,9luzk4jm,-5
cross,64,y,14168000,860569,1431363,97494,0.010347209849399994,,Batch_3,9luzk4jm,-5
cross,-64,y,14168000,862945,1367975,90067,0.006741119800124557,,Batch_3,9luzk4jm,-5
auto,256,x,14081472,852498,825481,67557,0.022286818968616198,,Batch_3,9luzk4jm,-5
auto,256,y,12824000,817798,778883,40777,-0.011882496156045648,,Batch_3,9luzk4jm,-5
cross,256,x,14081472,852498,1404958,73894,-0.011091158384557064,,Batch_3,9luzk4jm,-5
cross,-256,x,14081472,825481,1388179,80765,-0.0006211619328845676,,Batch_3,9luzk4jm,-5
cross,256,y,12824000,817798,1324907,93391,0.009332266043760334,,Batch_3,9luzk4jm,-5
cross,-256,y,12824000,778883,1200164,68662,-0.004743402103731687,,Batch_3,9luzk4jm,-5
auto,64,x,14482368,826388,811577,347469,0.38978075925942385,,Batch_3,9luzk4jm,0
auto,64,y,14168000,817928,819115,329473,0.36588795973019284,,Batch_3,9luzk4jm,0
cross,64,x,14482368,826388,1748613,81922,-0.016314127030292152,,Batch_3,9luzk4jm,0
cross,-64,x,14482368,811577,1732497,105441,0.007727963688812387,,Batch_3,9luzk4jm,0
cross,64,y,14168000,817928,1725776,111396,0.01088653989599788,,Batch_3,9luzk4jm,0
cross,-64,y,14168000,819115,1650886,103549,0.007638351740444685,,Batch_3,9luzk4jm,0
auto,256,x,14081472,808237,782714,61719,0.022378044854502316,,Batch_3,9luzk4jm,0
auto,256,y,12824000,782294,738270,37091,-0.01111360916919913,,Batch_3,9luzk4jm,0
cross,256,x,14081472,808237,1693007,81250,-0.014948594127957321,,Batch_3,9luzk4jm,0
cross,-256,x,14081472,782714,1678651,90309,-0.0028679430744036707,,Batch_3,9luzk4jm,0
cross,256,y,12824000,782294,1597424,108840,0.011241235478906264,,Batch_3,9luzk4jm,0
cross,-256,y,12824000,738270,1452342,78029,-0.005896317532321773,,Batch_3,9luzk4jm,0
auto,64,x,14482368,778513,764433,324949,0.38865975281993187,,Batch_3,9luzk4jm,5
auto,64,y,14168000,771602,772113,305559,0.36106649646290334,,Batch_3,9luzk4jm,5
cross,64,x,14482368,778513,2078382,94625,-0.01493298218908238,,Batch_3,9luzk4jm,5
cross,-64,x,14482368,764433,2063242,116098,0.006354504093443466,,Batch_3,9luzk4jm,5
cross,64,y,14168000,771602,2052619,124978,0.011656207575026301,,Batch_3,9luzk4jm,5
cross,-64,y,14168000,772113,1964863,116917,0.00885083449827008,,Batch_3,9luzk4jm,5
auto,256,x,14081472,760925,737716,55387,0.021882787907965412,,Batch_3,9luzk4jm,5
auto,256,y,12824000,740682,694556,33777,-0.009361556379536345,,Batch_3,9luzk4jm,5
cross,256,x,14081472,760925,2013004,88666,-0.018047153798586242,,Batch_3,9luzk4jm,5
cross,-256,x,14081472,737716,2000732,98316,-0.005934396734596865,,Batch_3,9luzk4jm,5
cross,256,y,12824000,740682,1898378,121964,0.011594618759647473,,Batch_3,9luzk4jm,5
cross,-256,y,12824000,694556,1730533,86279,-0.0075102086542063835,,Batch_3,9luzk4jm,5
auto,64,x,14426880,931932,919701,414193,0.4094982277439585,,Batch_3,cfe5vt7s,-5
auto,64,y,14112000,911651,896845,375976,0.37580871456034737,,Batch_3,cfe5vt7s,-5
cross,64,x,14426880,931932,969471,65717,0.0034826397809821505,,Batch_3,cfe5vt7s,-5
cross,-64,x,14426880,919701,971027,55415,-0.007345944407332275,,Batch_3,cfe5vt7s,-5
cross,64,y,14112000,911651,967616,54764,-0.008834574806900192,,Batch_3,cfe5vt7s,-5
cross,-64,y,14112000,896845,919564,58897,0.0005377527989168425,,Batch_3,cfe5vt7s,-5
auto,256,x,14027520,922494,916763,95739,0.041252586949079795,,Batch_3,cfe5vt7s,-5
auto,256,y,12768000,798937,816836,43957,-0.009455520811044555,,Batch_3,cfe5vt7s,-5
cross,256,x,14027520,922494,933065,50041,-0.013065873650593434,,Batch_3,cfe5vt7s,-5
cross,-256,x,14027520,916763,947312,58708,-0.0036818715691419954,,Batch_3,cfe5vt7s,-5
cross,256,y,12768000,798937,915773,49073,-0.01031438683602701,,Batch_3,cfe5vt7s,-5
cross,-256,y,12768000,816836,863792,61288,0.007680232531604461,,Batch_3,cfe5vt7s,-5
auto,64,x,14426880,877000,864627,389136,0.41134633306100166,,Batch_3,cfe5vt7s,0
auto,64,y,14112000,857167,849983,356655,0.3803617025118775,,Batch_3,cfe5vt7s,0
cross,64,x,14426880,877000,1153739,73941,0.004070371385032137,,Batch_3,cfe5vt7s,0
cross,-64,x,14426880,864627,1155613,61891,-0.007925187125781902,,Batch_3,cfe5vt7s,0
cross,64,y,14112000,857167,1149098,62395,-0.008029003048987187,,Batch_3,cfe5vt7s,0
cross,-64,y,14112000,849983,1097822,66919,0.0008849728866480347,,Batch_3,cfe5vt7s,0
auto,256,x,14027520,868237,861953,87214,0.0417168964042089,,Batch_3,cfe5vt7s,0
auto,256,y,12768000,747092,783111,38985,-0.009508399563362394,,Batch_3,cfe5vt7s,0
cross,256,x,14027520,868237,1113088,59429,-0.010361051471234601,,Batch_3,cfe5vt7s,0
cross,-256,x,14027520,861953,1128613,68952,-0.00043458526015412527,,Batch_3,cfe5vt7s,0
cross,256,y,12768000,747092,1085632,54257,-0.011085933080567599,,Batch_3,cfe5vt7s,0
cross,-256,y,12768000,783111,1030575,70384,0.008597652834317659,,Batch_3,cfe5vt7s,0
auto,64,x,14426880,823960,811752,363793,0.41146302544224556,,Batch_3,cfe5vt7s,5
auto,64,y,14112000,804514,803169,336105,0.38297705190540554,,Batch_3,cfe5vt7s,5
cross,64,x,14426880,823960,1355681,80645,0.0032944433922129706,,Batch_3,cfe5vt7s,5
cross,-64,x,14426880,811752,1357587,67364,-0.00929573796196796,,Batch_3,cfe5vt7s,5
cross,64,y,14112000,804514,1345955,69419,-0.007608797274765171,,Batch_3,cfe5vt7s,5
cross,-64,y,14112000,803169,1293898,74668,0.0010887156579591408,,Batch_3,cfe5vt7s,5
auto,256,x,14027520,815657,809313,79179,0.04196385357989203,,Batch_3,cfe5vt7s,5
auto,256,y,12768000,697386,747169,34303,-0.00955524945461842,,Batch_3,cfe5vt7s,5
cross,256,x,14027520,815657,1310806,69705,-0.006818012041788238,,Batch_3,cfe5vt7s,5
cross,-256,x,14027520,809313,1325848,77671,0.0012297204697996288,,Batch_3,cfe5vt7s,5
cross,256,y,12768000,697386,1268940,60172,-0.010526577366621652,,Batch_3,cfe5vt7s,5
cross,-256,y,12768000,747169,1214375,79090,0.009128878710331002,,Batch_3,cfe5vt7s,5
auto,64,x,13206144,564669,554051,202529,0.3338766210347969,,Batch_3,hawkfj64,-5
auto,64,y,12880000,543815,537258,181221,0.3061493939091664,,Batch_3,hawkfj64,-5
cross,64,x,13206144,564669,1027634,31379,-0.017549924212619063,,Batch_3,hawkfj64,-5
cross,-64,x,13206144,554051,1025235,35026,-0.011272963839908947,,Batch_3,hawkfj64,-5
cross,64,y,12880000,543815,1013886,36061,-0.009672942379464762,,Batch_3,hawkfj64,-5
cross,-64,y,12880000,537258,1001171,48427,0.009667526947721135,,Batch_3,hawkfj64,-5
auto,256,x,12840576,555703,549237,26418,0.0050097545913625335,,Batch_3,hawkfj64,-5
auto,256,y,11536000,470829,512460,32091,0.023764113478255577,,Batch_3,hawkfj64,-5
cross,256,x,12840576,555703,1006521,39304,-0.006059428363701422,,Batch_3,hawkfj64,-5
cross,-256,x,12840576,549237,990363,35943,-0.00925907149438022,,Batch_3,hawkfj64,-5
cross,256,y,11536000,470829,917730,40087,0.004259512262068596,,Batch_3,hawkfj64,-5
cross,-256,y,11536000,512460,897093,39960,0.00017081938433532805,,Batch_3,hawkfj64,-5
auto,64,x,13206144,533700,523403,191009,0.3347767433364364,,Batch_3,hawkfj64,0
auto,64,y,12880000,513735,508677,171911,0.3088584395745005,,Batch_3,hawkfj64,0
cross,64,x,13206144,533700,1232320,35650,-0.018708089466720024,,Batch_3,hawkfj64,0
cross,-64,x,13206144,523403,1229021,40989,-0.010315197442571953,,Batch_3,hawkfj64,0
cross,64,y,12880000,513735,1214351,42275,-0.008364611978433533,,Batch_3,hawkfj64,0
cross,-64,y,12880000,508677,1199136,57203,0.013505926268195606,,Batch_3,hawkfj64,0
auto,256,x,12840576,525667,518877,24012,0.005529201640736262,,Batch_3,hawkfj64,0
auto,256,y,11536000,443878,486977,28735,0.022406894219996927,,Batch_3,hawkfj64,0
cross,256,x,12840576,525667,1205154,48702,-0.0008551953640739123,,Batch_3,hawkfj64,0
cross,-256,x,12840576,518877,1189522,40213,-0.010714500955621178,,Batch_3,hawkfj64,0
cross,256,y,11536000,443878,1095965,43599,0.0021961197776013486,,Batch_3,hawkfj64,0
cross,-256,y,11536000,486977,1075559,47496,0.0031027977478953186,,Batch_3,hawkfj64,0
auto,64,x,13206144,501464,491672,177594,0.3325657093595081,,Batch_3,hawkfj64,5
auto,64,y,12880000,482509,478607,160119,0.30735406990101044,,Batch_3,hawkfj64,5
cross,64,x,13206144,501464,1464116,40397,-0.01917847933610302,,Batch_3,hawkfj64,5
cross,-64,x,13206144,491672,1459932,47731,-0.008447599061550024,,Batch_3,hawkfj64,5
cross,64,y,12880000,482509,1440515,48856,-0.006627029273809693,,Batch_3,hawkfj64,5
cross,-64,y,12880000,478607,1424084,65294,0.0161997568330653,,Batch_3,hawkfj64,5
auto,256,x,12840576,494749,487405,21722,0.006229791619262007,,Batch_3,hawkfj64,5
auto,256,y,11536000,416477,458989,24993,0.02002352089654523,,Batch_3,hawkfj64,5
cross,256,x,12840576,494749,1430651,56824,0.0021871906576214346,,Batch_3,hawkfj64,5
cross,-256,x,12840576,487405,1415356,44870,-0.01152236988094882,,Batch_3,hawkfj64,5
cross,256,y,11536000,416477,1297084,46769,-8.65128106062033e-05,,Batch_3,hawkfj64,5
cross,-256,y,11536000,458989,1279316,53366,0.003481748016298401,,Batch_3,hawkfj64,5
auto,64,x,14482368,697231,704121,298979,0.39755968601140496,,Batch_3,hzumfsms,-5
auto,64,y,14168000,684872,662378,259248,0.3542111005689557,,Batch_3,hzumfsms,-5
cross,64,x,14482368,697231,1719773,40877,-0.041797406585971746,,Batch_3,hzumfsms,-5
cross,-64,x,14482368,704121,1729585,60660,-0.023197262178399243,,Batch_3,hzumfsms,-5
cross,64,y,14168000,684872,1701351,74039,-0.008304636582619434,,Batch_3,hzumfsms,-5
cross,-64,y,14168000,662378,1613798,44297,-0.03278296489106544,,Batch_3,hzumfsms,-5
auto,256,x,14081472,692983,703271,52628,0.02715662134909663,,Batch_3,hzumfsms,-5
auto,256,y,12824000,613537,612290,23558,-0.009827829600097664,,Batch_3,hzumfsms,-5
cross,256,x,14081472,692983,1665677,68440,-0.013756216190028907,,Batch_3,hzumfsms,-5
cross,-256,x,14081472,703271,1691638,69051,-0.01547723721617766,,Batch_3,hzumfsms,-5
cross,256,y,12824000,613537,1553811,53716,-0.02308977060480056,,Batch_3,hzumfsms,-5
cross,-256,y,12824000,612290,1423220,76641,0.010115705707097479,,Batch_3,hzumfsms,-5
auto,64,x,14482368,666106,672850,286902,0.40085512053279054,,Batch_3,hzumfsms,0
auto,64,y,14168000,654613,633745,249487,0.3581691682422679,,Batch_3,hzumfsms,0
cross,64,x,14482368,666106,2043247,49692,-0.041935370722538196,,Batch_3,hzumfsms,0
cross,-64,x,14482368,672850,2053633,70235,-0.02367634463791606,,Batch_3,hzumfsms,0
cross,64,y,14168000,654613,2018179,84997,-0.007936579634706745,,Batch_3,hzumfsms,0
cross,-64,y,14168000,633745,1928549,53072,-0.03305138177127924,,Batch_3,hzumfsms,0
auto,256,x,14081472,662311,672156,48236,0.026151142977215745,,Batch_3,hzumfsms,0
auto,256,y,12824000,586964,588414,21642,-0.009433946234936486,,Batch_3,hzumfsms,0
cross,256,x,14081472,662311,1982184,78216,-0.014481466231425617,,Batch_3,hzumfsms,0
cross,-256,x,14081472,672156,2009190,79448,-0.015673484823774193,,Batch_3,hzumfsms,0
cross,256,y,12824000,586964,1847781,63212,-0.022697404707630642,,Batch_3,hzumfsms,0
cross,-256,y,12824000,588414,1712731,92574,0.015324255507359054,,Batch_3,hzumfsms,0
auto,64,x,14482368,634064,640252,272675,0.40163533928398754,,Batch_3,hzumfsms,5
auto,64,y,14168000,623131,603090,238038,0.3606361981438562,,Batch_3,hzumfsms,5
cross,64,x,14482368,634064,2388229,58988,-0.0414434913981042,,Batch_3,hzumfsms,5
cross,-64,x,14482368,640252,2398916,78398,-0.02498887577286609,,Batch_3,hzumfsms,5
cross,64,y,14168000,623131,2356222,95279,-0.007720102048053763,,Batch_3,hzumfsms,5
cross,-64,y,14168000,603090,2261419,61280,-0.03339403357153682,,Batch_3,hzumfsms,5
auto,256,x,14081472,630854,639716,43794,0.024949399246451034,,Batch_3,hzumfsms,5
auto,256,y,12824000,558699,561153,19648,-0.008963164408051867,,Batch_3,hzumfsms,5
cross,256,x,14081472,630854,2320092,86599,-0.016048138909719976,,Batch_3,hzumfsms,5
cross,-256,x,14081472,639716,2346549,87267,-0.0176943497305698,,Batch_3,hzumfsms,5
cross,256,y,12824000,558699,2160777,71903,-0.022692413347191083,,Batch_3,hzumfsms,5
cross,-256,y,12824000,561153,2019217,105404,0.01784171610377675,,Batch_3,hzumfsms,5
auto,64,x,14288160,865058,861620,338774,0.353326435232199,,Batch_3,kbdh4tri,-5
auto,64,y,13972000,826429,816774,279261,0.29866431595763365,,Batch_3,kbdh4tri,-5
cross,64,x,14288160,865058,770815,37701,-0.011648045719684804,,Batch_3,kbdh4tri,-5
cross,-64,x,14288160,861620,776533,48219,0.0018048423925040573,,Batch_3,kbdh4tri,-5
cross,64,y,13972000,826429,778414,47181,0.0015061367650981055,,Batch_3,kbdh4tri,-5
cross,-64,y,13972000,816774,744743,53377,0.013364543651250293,,Batch_3,kbdh4tri,-5
auto,256,x,13892640,860336,831647,33472,-0.02269724965849794,,Batch_3,kbdh4tri,-5
auto,256,y,12628000,737324,699010,17923,-0.03380802720425004,,Batch_3,kbdh4tri,-5
cross,256,x,13892640,860336,747436,55995,0.01285012563671831,,Batch_3,kbdh4tri,-5
cross,-256,x,13892640,831647,755693,56699,0.015333615744883752,,Batch_3,kbdh4tri,-5
cross,256,y,12628000,737324,708573,30462,-0.016010836012323726,,Batch_3,kbdh4tri,-5
cross,-256,y,12628000,699010,674135,36890,-0.0006563359236560419,,Batch_3,kbdh4tri,-5
auto,64,x,14288160,766739,763536,307574,0.3681504311166246,,Batch_3,kbdh4tri,0
auto,64,y,13972000,730410,730152,256556,0.31553616218913816,,Batch_3,kbdh4tri,0
cross,64,x,14288160,766739,1039194,44196,-0.013836544019371831,,Batch_3,kbdh4tri,0
cross,-64,x,14288160,763536,1044960,59733,0.004651894744919643,,Batch_3,kbdh4tri,0
cross,64,y,13972000,730410,1046003,53468,-0.0014827757329363201,,Batch_3,kbdh4tri,0
cross,-64,y,13972000,730152,1003225,64014,0.014434736385309852,,Batch_3,kbdh4tri,0
auto,256,x,13892640,762545,734741,20224,-0.02838943796906227,,Batch_3,kbdh4tri,0
auto,256,y,12628000,652811,625162,11744,-0.03392201789559504,,Batch_3,kbdh4tri,0
cross,256,x,13892640,762545,1006397,67519,0.01497096038177578,,Batch_3,kbdh4tri,0
cross,-256,x,13892640,734741,1016972,66762,0.016023980831499515,,Batch_3,kbdh4tri,0
cross,256,y,12628000,652811,950726,36846,-0.016675796653204168,,Batch_3,kbdh4tri,0
cross,-256,y,12628000,625162,910263,44290,-0.0010918161621970633,,Batch_3,kbdh4tri,0
auto,64,x,14288160,682346,680040,272494,0.3699893271411621,,Batch_3,kbdh4tri,5
auto,64,y,13972000,647311,655065,228687,0.3194743448347346,,Batch_3,kbdh4tri,5
cross,64,x,14288160,682346,1339576,50666,-0.014982772263105374,,Batch_3,kbdh4tri,5
cross,-64,x,14288160,680040,1345636,69949,0.0066447311971185325,,Batch_3,kbdh4tri,5
cross,64,y,13972000,647311,1340095,59333,-0.003182690858745927,,Batch_3,kbdh4tri,5
cross,-64,y,13972000,655065,1292541,72917,0.014393249146357109,,Batch_3,kbdh4tri,5
auto,256,x,13892640,678585,653329,13046,-0.02976057706102969,,Batch_3,kbdh4tri,5
auto,256,y,12628000,578162,560926,8729,-0.03117449392658638,,Batch_3,kbdh4tri,5
cross,256,x,13892640,678585,1297769,78936,0.017840356701405772,,Batch_3,kbdh4tri,5
cross,-256,x,13892640,653329,1310483,78017,0.01906529622449274,,Batch_3,kbdh4tri,5
cross,256,y,12628000,578162,1216941,42267,-0.017267535681132526,,Batch_3,kbdh4tri,5
cross,-256,y,12628000,560926,1176454,52107,-0.00019859389319292148,,Batch_3,kbdh4tri,5
auto,64,x,13206144,874910,882073,449720,0.47714688787353077,,Batch_3,mgxahqnk,-5
auto,64,y,12880000,874967,871550,425025,0.44938087623629086,,Batch_3,mgxahqnk,-5
cross,64,x,13206144,874910,1061291,67532,-0.0031119296533133225,,Batch_3,mgxahqnk,-5
cross,-64,x,13206144,882073,1061966,57360,-0.015136831873188589,,Batch_3,mgxahqnk,-5
cross,64,y,12880000,874967,1043704,65320,-0.006310502213079161,,Batch_3,mgxahqnk,-5
cross,-64,y,12880000,871550,1051699,62440,-0.009849101031988161,,Batch_3,mgxahqnk,-5
auto,256,x,12840576,855946,846115,106317,0.06281721643017843,,Batch_3,mgxahqnk,-5
auto,256,y,11536000,776729,804311,92001,0.05140476816096865,,Batch_3,mgxahqnk,-5
cross,256,x,12840576,855946,1035144,60653,-0.009575247419108165,,Batch_3,mgxahqnk,-5
cross,-256,x,12840576,846115,1037256,60671,-0.008844447817996667,,Batch_3,mgxahqnk,-5
cross,256,y,11536000,776729,958091,36621,-0.03495785805291165,,Batch_3,mgxahqnk,-5
cross,-256,y,11536000,804311,963337,71324,0.005116258547617262,,Batch_3,mgxahqnk,-5
auto,64,x,13206144,839427,846502,432647,0.48006140281430826,,Batch_3,mgxahqnk,0
auto,64,y,12880000,839463,837030,409133,0.45244712549947874,,Batch_3,mgxahqnk,0
cross,64,x,13206144,839427,1273186,76776,-0.0043661010554791645,,Batch_3,mgxahqnk,0
cross,-64,x,13206144,846502,1273822,63506,-0.019001837241794606,,Batch_3,mgxahqnk,0
cross,64,y,12880000,839463,1250503,75290,-0.006599776200528343,,Batch_3,mgxahqnk,0
cross,-64,y,12880000,837030,1259736,71999,-0.01046225465263727,,Batch_3,mgxahqnk,0
auto,256,x,12840576,821252,811381,100368,0.06341395345359481,,Batch_3,mgxahqnk,0
auto,256,y,11536000,744310,773998,85364,0.04996075169547567,,Batch_3,mgxahqnk,0
cross,256,x,12840576,821252,1241228,67804,-0.012475109493549968,,Batch_3,mgxahqnk,0
cross,-256,x,12840576,811381,1243560,69121,-0.010236497604512396,,Batch_3,mgxahqnk,0
cross,256,y,11536000,744310,1147652,42663,-0.03699701891821544,,Batch_3,mgxahqnk,0
cross,-256,y,11536000,773998,1149279,82873,0.0066672082280515655,,Batch_3,mgxahqnk,0
auto,64,x,13206144,802664,809519,406282,0.47177763572846443,,Batch_3,mgxahqnk,5
auto,64,y,12880000,802636,800776,383835,0.44417630042018835,,Batch_3,mgxahqnk,5
cross,64,x,13206144,802664,1506606,85703,-0.005849723513942116,,Batch_3,mgxahqnk,5
cross,-64,x,13206144,809519,1507221,70334,-0.021897202273159312,,Batch_3,mgxahqnk,5
cross,64,y,12880000,802636,1477760,87158,-0.004969220768723977,,Batch_3,mgxahqnk,5
cross,-64,y,12880000,800776,1488934,81760,-0.010870506163612466,,Batch_3,mgxahqnk,5
auto,256,x,12840576,785197,775262,93455,0.06283792136704729,,Batch_3,mgxahqnk,5
auto,256,y,11536000,711905,740558,76495,0.045259997683295417,,Batch_3,mgxahqnk,5
cross,256,x,12840576,785197,1467709,76917,-0.013109175442992824,,Batch_3,mgxahqnk,5
cross,-256,x,12840576,775262,1470325,78666,-0.01037743952545651,,Batch_3,mgxahqnk,5
cross,256,y,11536000,711905,1354458,50066,-0.037511107399167416,,Batch_3,mgxahqnk,5
cross,-256,y,11536000,740558,1354996,94904,0.008699399035665781,,Batch_3,mgxahqnk,5
auto,64,x,15758592,886461,882297,365604,0.3785258530901562,,Batch_3,pl8uabbv,-5
auto,64,y,15456000,807712,839764,287350,0.31225934158198443,,Batch_3,pl8uabbv,-5
cross,64,x,15758592,886461,1406635,63277,-0.015310123770353694,,Batch_3,pl8uabbv,-5
cross,-64,x,15758592,882297,1403747,69640,-0.008675775271990685,,Batch_3,pl8uabbv,-5
cross,64,y,15456000,807712,1415965,72630,-0.0013772607883230752,,Batch_3,pl8uabbv,-5
cross,-64,y,15456000,839764,1387813,73941,-0.001460127935444444,,Batch_3,pl8uabbv,-5
auto,256,x,15322368,874442,848560,61710,0.01633882115600521,,Batch_3,pl8uabbv,-5
auto,256,y,14112000,707323,731025,62584,0.03801631354919879,,Batch_3,pl8uabbv,-5
cross,256,x,15322368,874442,1326822,68811,-0.0069127402570222304,,Batch_3,pl8uabbv,-5
cross,-256,x,15322368,848560,1366593,96778,0.021119569330372026,,Batch_3,pl8uabbv,-5
cross,256,y,14112000,707323,1323567,48682,-0.019670262870786354,,Batch_3,pl8uabbv,-5
cross,-256,y,14112000,731025,1285364,58951,-0.00848210450415917,,Batch_3,pl8uabbv,-5
auto,64,x,15758592,835551,831280,344467,0.3805612854167203,,Batch_3,pl8uabbv,0
auto,64,y,15456000,758686,794353,268205,0.310876343342167,,Batch_3,pl8uabbv,0
cross,64,x,15758592,835551,1639218,70190,-0.015514203524189609,,Batch_3,pl8uabbv,0
cross,-64,x,15758592,831280,1636863,75675,-0.009929061252414098,,Batch_3,pl8uabbv,0
cross,64,y,15456000,758686,1648078,78791,-0.0020452581960786974,,Batch_3,pl8uabbv,0
cross,-64,y,15456000,794353,1616758,83079,-1.2856787934880448e-05,,Batch_3,pl8uabbv,0
auto,256,x,15322368,824470,799032,55856,0.01673252510674339,,Batch_3,pl8uabbv,0
auto,256,y,14112000,660956,693997,56846,0.03775299863729654,,Batch_3,pl8uabbv,0
cross,256,x,15322368,824470,1551757,76008,-0.00718028184590307,,Batch_3,pl8uabbv,0
cross,-256,x,15322368,799032,1595937,105720,0.021617680469290648,,Batch_3,pl8uabbv,0
cross,256,y,14112000,660956,1536830,55853,-0.017361968730628088,,Batch_3,pl8uabbv,0
cross,-256,y,14112000,693997,1498329,65982,-0.008193583066486518,,Batch_3,pl8uabbv,0
auto,64,x,15758592,783963,779212,320394,0.3791360287079276,,Batch_3,pl8uabbv,5
auto,64,y,15456000,708896,746174,245787,0.3052595185308343,,Batch_3,pl8uabbv,5
cross,64,x,15758592,783963,1909272,77333,-0.015786599205676103,,Batch_3,pl8uabbv,5
cross,-64,x,15758592,779212,1907795,82818,-0.010333675822760893,,Batch_3,pl8uabbv,5
cross,64,y,15456000,708896,1917755,85077,-0.0027034323818590925,,Batch_3,pl8uabbv,5
cross,-64,y,15456000,746174,1883394,93420,0.002302023213818799,,Batch_3,pl8uabbv,5
auto,256,x,15322368,773945,748201,50952,0.018197437465750886,,Batch_3,pl8uabbv,5
auto,256,y,14112000,613637,653764,50701,0.036818778205436026,,Batch_3,pl8uabbv,5
cross,256,x,15322368,773945,1812856,83868,-0.007105541614130805,,Batch_3,pl8uabbv,5
cross,-256,x,15322368,748201,1862075,113996,0.021381629499359255,,Batch_3,pl8uabbv,5
cross,256,y,14112000,613637,1784142,64501,-0.01367488742537746,,Batch_3,pl8uabbv,5
cross,-256,y,14112000,653764,1745750,73196,-0.007862861826305157,,Batch_3,pl8uabbv,5
auto,64,x,11180832,578034,583212,253409,0.4055797652482158,,Batch_3,ptg8lmto,-5
auto,64,y,10836000,565365,553628,201843,0.32597923004101675,,Batch_3,ptg8lmto,-5
cross,64,x,11180832,578034,767021,34370,-0.00844379887446665,,Batch_3,ptg8lmto,-5
cross,-64,x,11180832,583212,769009,33084,-0.011171544684260496,,Batch_3,ptg8lmto,-5
cross,64,y,10836000,565365,739999,51796,0.02169473300784953,,Batch_3,ptg8lmto,-5
cross,-64,y,10836000,553628,733455,47317,0.016423561088905293,,Batch_3,ptg8lmto,-5
auto,256,x,10871328,556257,578319,45857,0.030257519041057546,,Batch_3,ptg8lmto,-5
auto,256,y,9492000,461138,513636,43252,0.03963425419883034,,Batch_3,ptg8lmto,-5
cross,256,x,10871328,556257,751288,33875,-0.007516048720080303,,Batch_3,ptg8lmto,-5
cross,-256,x,10871328,578319,747600,49715,0.01610769302194244,,Batch_3,ptg8lmto,-5
cross,256,y,9492000,461138,642831,23947,-0.014202990501823139,,Batch_3,ptg8lmto,-5
cross,-256,y,9492000,513636,649631,48839,0.025239742642193624,,Batch_3,ptg8lmto,-5
auto,64,x,11180832,549188,554346,240130,0.40588807109678554,,Batch_3,ptg8lmto,0
auto,64,y,10836000,538511,525800,190454,0.3247596963345899,,Batch_3,ptg8lmto,0
cross,64,x,11180832,549188,921603,39070,-0.009326784300956865,,Batch_3,ptg8lmto,0
cross,-64,x,11180832,554346,923505,38900,-0.010308793314953277,,Batch_3,ptg8lmto,0
cross,64,y,10836000,538511,889462,60759,0.025612884087384477,,Batch_3,ptg8lmto,0
cross,-64,y,10836000,525800,883553,54002,0.017466216576133373,,Batch_3,ptg8lmto,0
auto,256,x,10871328,528426,549684,41648,0.0291459976783105,,Batch_3,ptg8lmto,0
auto,256,y,9492000,438749,489016,40820,0.04134760537918839,,Batch_3,ptg8lmto,0
cross,256,x,10871328,528426,902943,39138,-0.0073649415205063575,,Batch_3,ptg8lmto,0
cross,-256,x,10871328,549684,897957,56366,0.016719608733478847,,Batch_3,ptg8lmto,0
cross,256,y,9492000,438749,767926,26345,-0.01683798976154861,,Batch_3,ptg8lmto,0
cross,-256,y,9492000,489016,784879,56560,0.027902135901437954,,Batch_3,ptg8lmto,0
auto,64,x,11180832,518719,523769,223340,0.4005337679218784,,Batch_3,ptg8lmto,5
auto,64,y,10836000,509387,496744,176026,0.3182893940691472,,Batch_3,ptg8lmto,5
cross,64,x,11180832,518719,1086316,43737,-0.009563390032889,,Batch_3,ptg8lmto,5
cross,-64,x,11180832,523769,1087996,44104,-0.0098018518753283,,Batch_3,ptg8lmto,5
cross,64,y,10836000,509387,1048420,68643,0.028551098779370697,,Batch_3,ptg8lmto,5
cross,-64,y,10836000,496744,1043234,61015,0.01973304600895371,,Batch_3,ptg8lmto,5
auto,256,x,10871328,499166,519315,38057,0.02928597128879198,,Batch_3,ptg8lmto,5
auto,256,y,9492000,413540,462622,38352,0.04361611579874726,,Batch_3,ptg8lmto,5
cross,256,x,10871328,499166,1064982,43644,-0.007769928945797486,,Batch_3,ptg8lmto,5
cross,-256,x,10871328,519315,1057560,61173,0.015506149997116749,,Batch_3,ptg8lmto,5
cross,256,y,9492000,413540,902552,28964,-0.01822369665412896,,Batch_3,ptg8lmto,5
cross,-256,y,9492000,462622,927732,63645,0.030364324724343316,,Batch_3,ptg8lmto,5
auto,64,x,14288160,706411,718956,263050,0.33599402908966186,,Batch_3,tuy3zymq,-5
auto,64,y,13972000,685283,674394,228044,0.30146191987497,,Batch_3,tuy3zymq,-5
cross,64,x,14288160,706411,889572,35532,-0.011288601739203841,,Batch_3,tuy3zymq,-5
cross,-64,x,14288160,718956,888280,41087,-0.004786290115782084,,Batch_3,tuy3zymq,-5
cross,64,y,13972000,685283,877318,55327,0.016799569970652954,,Batch_3,tuy3zymq,-5
cross,-64,y,13972000,674394,873899,41062,-0.0015430895642518014,,Batch_3,tuy3zymq,-5
auto,256,x,13892640,649403,710442,41668,0.013094296645139418,,Batch_3,tuy3zymq,-5
auto,256,y,12628000,621035,560421,26420,-0.00202908770140404,,Batch_3,tuy3zymq,-5
cross,256,x,13892640,649403,865687,46721,0.008823790359999164,,Batch_3,tuy3zymq,-5
cross,-256,x,13892640,710442,859483,48974,0.006811424760052341,,Batch_3,tuy3zymq,-5
cross,256,y,12628000,621035,810177,42071,0.0033285002533352532,,Batch_3,tuy3zymq,-5
cross,-256,y,12628000,560421,826368,36913,0.0003722786425250104,,Batch_3,tuy3zymq,-5
auto,64,x,14288160,609374,621727,233241,0.35097501467337744,,Batch_3,tuy3zymq,0
auto,64,y,13972000,591670,583140,205729,0.3217283989820051,,Batch_3,tuy3zymq,0
cross,64,x,14288160,609374,1155540,37900,-0.014460372344766513,,Batch_3,tuy3zymq,0
cross,-64,x,14288160,621727,1153766,44390,-0.00732123767899034,,Batch_3,tuy3zymq,0
cross,64,y,13972000,591670,1140053,58740,0.013583332510007555,,Batch_3,tuy3zymq,0
cross,-64,y,13972000,583140,1133532,46848,-0.0006048755143450093,,Batch_3,tuy3zymq,0
auto,256,x,13892640,554417,616030,33244,0.015469912075397625,,Batch_3,tuy3zymq,0
auto,256,y,12628000,532737,480949,19486,-0.0016543299134885387,,Batch_3,tuy3zymq,0
cross,256,x,13892640,554417,1123223,51690,0.009260964378499449,,Batch_3,tuy3zymq,0
cross,-256,x,13892640,616030,1119062,57394,0.00998640251286508,,Batch_3,tuy3zymq,0
cross,256,y,12628000,532737,1048466,45639,0.0020093964977742373,,Batch_3,tuy3zymq,0
cross,-256,y,12628000,480949,1065851,39076,-0.0022590709596038133,,Batch_3,tuy3zymq,0
auto,64,x,14288160,515682,527864,190282,0.3406321629611637,,Batch_3,tuy3zymq,5
auto,64,y,13972000,502877,495893,171487,0.3190678903830231,,Batch_3,tuy3zymq,5
cross,64,x,14288160,515682,1454990,40809,-0.014521498506290023,,Batch_3,tuy3zymq,5
cross,-64,x,14288160,527864,1451962,48916,-0.00580302175116263,,Batch_3,tuy3zymq,5
cross,64,y,13972000,502877,1434436,61212,0.012132845656192546,,Batch_3,tuy3zymq,5
cross,-64,y,13972000,495893,1425040,52571,0.0025482306047599265,,Batch_3,tuy3zymq,5
auto,256,x,13892640,462483,523278,25284,0.016574050162013576,,Batch_3,tuy3zymq,5
auto,256,y,12628000,448436,402389,12972,-0.003209269082745107,,Batch_3,tuy3zymq,5
cross,256,x,13892640,462483,1413589,54164,0.009431150412012972,,Batch_3,tuy3zymq,5
cross,-256,x,13892640,523278,1410446,63827,0.013396105726254968,,Batch_3,tuy3zymq,5
cross,256,y,12628000,448436,1315729,46976,0.00035410406393491346,,Batch_3,tuy3zymq,5
cross,-256,y,12628000,402389,1332260,38435,-0.005895914409996338,,Batch_3,tuy3zymq,5
auto,64,x,14482368,798749,790601,328888,0.3798417011643385,,Batch_3,ufdvpb81,-5
auto,64,y,14168000,766547,768640,315916,0.37786100453489213,,Batch_3,ufdvpb81,-5
cross,64,x,14482368,798749,1471842,61995,-0.019201949283145784,,Batch_3,ufdvpb81,-5
cross,-64,x,14482368,790601,1469461,71054,-0.009225399405890103,,Batch_3,ufdvpb81,-5
cross,64,y,14168000,766547,1459862,87884,0.009133357077614103,,Batch_3,ufdvpb81,-5
cross,-64,y,14168000,768640,1344729,63368,-0.010191224841660313,,Batch_3,ufdvpb81,-5
auto,256,x,14081472,770494,773746,57963,0.02141195743891222,,Batch_3,ufdvpb81,-5
auto,256,y,12824000,655219,683405,58344,0.03693669921697389,,Batch_3,ufdvpb81,-5
cross,256,x,14081472,770494,1444115,62810,-0.01668184144711233,,Batch_3,ufdvpb81,-5
cross,-256,x,14081472,773746,1436439,106531,0.028420465338399047,,Batch_3,ufdvpb81,-5
cross,256,y,12824000,655219,1386507,69988,-0.000972879216379745,,Batch_3,ufdvpb81,-5
cross,-256,y,12824000,683405,1165873,73870,0.014176484166171047,,Batch_3,ufdvpb81,-5
auto,64,x,14482368,733766,725943,293783,0.37082106467896836,,Batch_3,ufdvpb81,0
auto,64,y,14168000,714071,704563,287002,0.37324954603500105,,Batch_3,ufdvpb81,0
cross,64,x,14482368,733766,1740304,68801,-0.018758913965806517,,Batch_3,ufdvpb81,0
cross,-64,x,14482368,725943,1736198,79460,-0.007373333370544643,,Batch_3,ufdvpb81,0
cross,64,y,14168000,714071,1724486,89516,0.002567002282676898,,Batch_3,ufdvpb81,0
cross,-64,y,14168000,704563,1602843,71180,-0.008741616262353454,,Batch_3,ufdvpb81,0
auto,256,x,14081472,709368,710058,48847,0.019403909761592834,,Batch_3,ufdvpb81,0
auto,256,y,12824000,620695,622790,50258,0.033999974843190964,,Batch_3,ufdvpb81,0
cross,256,x,14081472,709368,1708949,68878,-0.017113927858271198,,Batch_3,ufdvpb81,0
cross,-256,x,14081472,710058,1695673,110096,0.024522697817019417,,Batch_3,ufdvpb81,0
cross,256,y,12824000,620695,1627775,77284,-0.0016394030470434859,,Batch_3,ufdvpb81,0
cross,-256,y,12824000,622790,1395231,84323,0.019297672283352354,,Batch_3,ufdvpb81,0
auto,64,x,14482368,667921,660353,251155,0.3482879340834191,,Batch_3,ufdvpb81,5
auto,64,y,14168000,656392,639474,247835,0.3529463849158191,,Batch_3,ufdvpb81,5
cross,64,x,14482368,667921,2026393,75764,-0.01678986128774601,,Batch_3,ufdvpb81,5
cross,-64,x,14482368,660353,2021673,85820,-0.00607648761112962,,Batch_3,ufdvpb81,5
cross,64,y,14168000,656392,2007049,94653,0.0016062650340424207,,Batch_3,ufdvpb81,5
cross,-64,y,14168000,639474,1879798,78319,-0.006540481328330789,,Batch_3,ufdvpb81,5
auto,256,x,14081472,646081,645559,40763,0.018084524683407356,,Batch_3,ufdvpb81,5
auto,256,y,12824000,572166,561009,38100,0.02413459455352354,,Batch_3,ufdvpb81,5
cross,256,x,14081472,646081,1990118,75315,-0.015584158084116461,,Batch_3,ufdvpb81,5
cross,-256,x,14081472,645559,1972289,114664,0.023720874442097296,,Batch_3,ufdvpb81,5
cross,256,y,12824000,572166,1884415,82048,-0.002164051340706348,,Batch_3,ufdvpb81,5
cross,-256,y,12824000,561009,1642607,90967,0.021799436766643414,,Batch_3,ufdvpb81,5
auto,64,x,14335376,829628,819237,380774,0.4290359480185049,,Batch_3,utfgcjfa,-5
auto,64,y,14019984,805757,804442,343815,0.39214033226595224,,Batch_3,utfgcjfa,-5
cross,64,x,14335376,829628,1176833,47288,-0.022656775703328212,,Batch_3,utfgcjfa,-5
cross,-64,x,14335376,819237,1179254,41014,-0.028850337784246685,,Batch_3,utfgcjfa,-5
cross,64,y,14019984,805757,1142193,53685,-0.0133978360892651,,Batch_3,utfgcjfa,-5
cross,-64,y,14019984,804442,1151463,60365,-0.0063715010598953915,,Batch_3,utfgcjfa,-5
auto,256,x,13938320,758167,781332,54900,0.017052558211750255,,Batch_3,utfgcjfa,-5
auto,256,y,12676752,758417,708714,96654,0.07854650543560317,,Batch_3,utfgcjfa,-5
cross,256,x,13938320,758167,1138896,61037,-0.0010539293398574283,,Batch_3,utfgcjfa,-5
cross,-256,x,13938320,781332,1142810,60566,-0.003974170789439053,,Batch_3,utfgcjfa,-5
cross,256,y,12676752,758417,1039807,63292,0.001312812784876685,,Batch_3,utfgcjfa,-5
cross,-256,y,12676752,708714,1064466,60895,0.0017138668298340431,,Batch_3,utfgcjfa,-5
auto,64,x,14335376,800871,790700,370302,0.4339150641942167,,Batch_3,utfgcjfa,0
auto,64,y,14019984,779986,775961,333679,0.39535775453059135,,Batch_3,utfgcjfa,0
cross,64,x,14335376,800871,1399300,55404,-0.023303424424552254,,Batch_3,utfgcjfa,0
cross,-64,x,14335376,790700,1402974,47066,-0.031178689082355673,,Batch_3,utfgcjfa,0
cross,64,y,14019984,779986,1361320,61782,-0.014664570862201121,,Batch_3,utfgcjfa,0
cross,-64,y,14019984,775961,1369993,67740,-0.008493319367373648,,Batch_3,utfgcjfa,0
auto,256,x,13938320,731218,753519,52043,0.017805273990993197,,Batch_3,utfgcjfa,0
auto,256,y,12676752,734620,683428,93016,0.07984580056277515,,Batch_3,utfgcjfa,0
cross,256,x,13938320,731218,1356936,70809,-0.0004094590095371337,,Batch_3,utfgcjfa,0
cross,-256,x,13938320,753519,1361363,67330,-0.006697047479557522,,Batch_3,utfgcjfa,0
cross,256,y,12676752,734620,1241261,77716,0.006571403409247432,,Batch_3,utfgcjfa,0
cross,-256,y,12676752,683428,1263883,70634,0.002909536051767078,,Batch_3,utfgcjfa,0
auto,64,x,14335376,771987,762026,359075,0.43809794448321415,,Batch_3,utfgcjfa,5
auto,64,y,14019984,753354,747378,322223,0.3971602570498462,,Batch_3,utfgcjfa,5
cross,64,x,14335376,771987,1636852,64812,-0.022675503974309858,,Batch_3,utfgcjfa,5
cross,-64,x,14335376,762026,1641669,53269,-0.03319612456133187,,Batch_3,utfgcjfa,5
cross,64,y,14019984,753354,1594618,70200,-0.015428190299300185,,Batch_3,utfgcjfa,5
cross,-64,y,14019984,747378,1602406,75366,-0.01003419596338342,,Batch_3,utfgcjfa,5
auto,256,x,13938320,703988,725563,49207,0.018524942503331483,,Batch_3,utfgcjfa,5
auto,256,y,12676752,709606,658136,89146,0.08090340040216705,,Batch_3,utfgcjfa,5
cross,256,x,13938320,703988,1588976,81445,0.0012267013025197625,,Batch_3,utfgcjfa,5
cross,-256,x,13938320,725563,1593879,74700,-0.00839281759169626,,Batch_3,utfgcjfa,5
cross,256,y,12676752,709606,1454798,90941,0.010234314204108098,,Batch_3,utfgcjfa,5
cross,-256,y,12676752,658136,1474816,80757,0.00464569731674109,,Batch_3,utfgcjfa,5
auto,64,x,14343648,840810,824891,388114,0.4331151725976542,,Batch_3,vc2whyaq,-5
auto,64,y,14028000,795369,817081,306932,0.3429819910262301,,Batch_3,vc2whyaq,-5
cross,64,x,14343648,840810,982140,38868,-0.021979572107535414,,Batch_3,vc2whyaq,-5
cross,-64,x,14343648,824891,985243,48058,-0.01018516354732895,,Batch_3,vc2whyaq,-5
cross,64,y,14028000,795369,976524,46147,-0.011168040676679918,,Batch_3,vc2whyaq,-5
cross,-64,y,14028000,817081,923928,63845,0.012307028697883981,,Batch_3,vc2whyaq,-5
auto,256,x,13946592,829046,783069,90054,0.05730669337863421,,Batch_3,vc2whyaq,-5
auto,256,y,12684000,710782,741984,33010,-0.012516415292784373,,Batch_3,vc2whyaq,-5
cross,256,x,13946592,829046,962543,86776,0.03536032595645962,,Batch_3,vc2whyaq,-5
cross,-256,x,13946592,783069,965792,58463,0.0051969188762956055,,Batch_3,vc2whyaq,-5
cross,256,y,12684000,710782,909846,37224,-0.018281200862596828,,Batch_3,vc2whyaq,-5
cross,-256,y,12684000,741984,855093,53326,0.004428160842936732,,Batch_3,vc2whyaq,-5
auto,64,x,14343648,811254,795341,372212,0.43154507123033736,,Batch_3,vc2whyaq,0
auto,64,y,14028000,767198,789517,293755,0.34087617192641767,,Batch_3,vc2whyaq,0
cross,64,x,14343648,811254,1187695,46657,-0.022469697517661747,,Batch_3,vc2whyaq,0
cross,-64,x,14343648,795341,1191820,55775,-0.011379167128616174,,Batch_3,vc2whyaq,0
cross,64,y,14028000,767198,1181003,53989,-0.011969112264651131,,Batch_3,vc2whyaq,0
cross,-64,y,14028000,789517,1120749,77163,0.01606936930221939,,Batch_3,vc2whyaq,0
auto,256,x,13946592,800180,754326,83788,0.05521808730737729,,Batch_3,vc2whyaq,0
auto,256,y,12684000,685385,718604,30247,-0.01294663363469496,,Batch_3,vc2whyaq,0
cross,256,x,13946592,800180,1162534,99173,0.036220715498992376,,Batch_3,vc2whyaq,0
cross,-256,x,13946592,754326,1168036,68517,0.006112805396616109,,Batch_3,vc2whyaq,0
cross,256,y,12684000,685385,1095803,44056,-0.018812138108967265,,Batch_3,vc2whyaq,0
cross,-256,y,12684000,718604,1032037,64568,0.007607300724845047,,Batch_3,vc2whyaq,0
auto,64,x,14343648,780807,764867,353785,0.426924319472739,,Batch_3,vc2whyaq,5
auto,64,y,14028000,738312,760643,278566,0.3362660853403832,,Batch_3,vc2whyaq,5
cross,64,x,14343648,780807,1402454,54424,-0.022678473273601098,,Batch_3,vc2whyaq,5
cross,-64,x,14343648,764867,1407496,62592,-0.012998572228067386,,Batch_3,vc2whyaq,5
cross,64,y,14028000,738312,1394609,61724,-0.01245747122818446,,Batch_3,vc2whyaq,5
cross,-64,y,14028000,760643,1329049,90124,0.019410893912570434,,Batch_3,vc2whyaq,5
auto,256,x,13946592,770298,724606,77375,0.05282930297140701,,Batch_3,vc2whyaq,5
auto,256,y,12684000,658819,694263,27615,-0.013191528158195576,,Batch_3,vc2whyaq,5
cross,256,x,13946592,770298,1371543,111368,0.03754178338028951,,Batch_3,vc2whyaq,5
cross,-256,x,13946592,724606,1378698,77754,0.0066274166457510565,,Batch_3,vc2whyaq,5
cross,256,y,12684000,658819,1290483,51883,-0.01779990756543985,,Batch_3,vc2whyaq,5
cross,-256,y,12684000,694263,1217952,73369,0.007886797192332831,,Batch_3,vc2whyaq,5
auto,64,x,14335376,896572,897931,354215,0.35436782964913094,,Batch_3,x77cy643,-5
auto,64,y,14019984,871442,896536,295911,0.2900195803521839,,Batch_3,x77cy643,-5
cross,64,x,14335376,896572,1137121,56175,-0.015930439463299816,,Batch_3,x77cy643,-5
cross,-64,x,14335376,897931,1129541,53510,-0.018423464045403716,,Batch_3,x77cy643,-5
cross,64,y,14019984,871442,1121722,74496,0.005197214307456084,,Batch_3,x77cy643,-5
cross,-64,y,14019984,896536,1104629,63838,-0.007358158378840556,,Batch_3,x77cy643,-5
auto,256,x,13938320,870101,865846,87999,0.04170983617135369,,Batch_3,x77cy643,-5
auto,256,y,12676752,841982,836372,53041,-0.00320347489427465,,Batch_3,x77cy643,-5
cross,256,x,13938320,870101,1103171,82561,0.015044285241646556,,Batch_3,x77cy643,-5
cross,-256,x,13938320,865846,1090001,70184,0.0027381448579860326,,Batch_3,x77cy643,-5
cross,256,y,12676752,841982,1067969,66004,-0.005622593295553664,,Batch_3,x77cy643,-5
cross,-256,y,12676752,836372,994716,78728,0.0154803496297942,,Batch_3,x77cy643,-5
auto,64,x,14335376,865869,867317,338967,0.35197519296543206,,Batch_3,x77cy643,0
auto,64,y,14019984,841538,866170,282091,0.28699047720074006,,Batch_3,x77cy643,0
cross,64,x,14335376,865869,1362985,65549,-0.016747576844957934,,Batch_3,x77cy643,0
cross,-64,x,14335376,867317,1354686,61903,-0.020062624401008172,,Batch_3,x77cy643,0
cross,64,y,14019984,841538,1343385,86570,0.006054179420431153,,Batch_3,x77cy643,0
cross,-64,y,14019984,866170,1326321,76370,-0.005640007298474952,,Batch_3,x77cy643,0
auto,256,x,13938320,840171,835774,82955,0.04136208380486532,,Batch_3,x77cy643,0
auto,256,y,12676752,813897,808570,49692,-0.002925467399088028,,Batch_3,x77cy643,0
cross,256,x,13938320,840171,1323464,96186,0.016875122511344064,,Batch_3,x77cy643,0
cross,-256,x,13938320,835774,1309011,84284,0.006000743255719763,,Batch_3,x77cy643,0
cross,256,y,12676752,813897,1275498,76970,-0.005265626328733596,,Batch_3,x77cy643,0
cross,-256,y,12676752,808570,1195933,87702,0.012613066211510827,,Batch_3,x77cy643,0
auto,64,x,14335376,833377,835153,321797,0.3477679582045765,,Batch_3,x77cy643,5
auto,64,y,14019984,809761,834102,266193,0.2817998095882487,,Batch_3,x77cy643,5
cross,64,x,14335376,833377,1614575,75510,-0.017305759405310088,,Batch_3,x77cy643,5
cross,-64,x,14335376,835153,1605917,70998,-0.02130220368411034,,Batch_3,x77cy643,5
cross,64,y,14019984,809761,1590664,98250,0.006147790646506153,,Batch_3,x77cy643,5
cross,-64,y,14019984,834102,1573129,88618,-0.004751442352302887,,Batch_3,x77cy643,5
auto,256,x,13938320,808471,804209,77695,0.04086940629632864,,Batch_3,x77cy643,5
auto,256,y,12676752,783900,779611,46222,-0.0027091498244002352,,Batch_3,x77cy643,5
cross,256,x,13938320,808471,1568187,109468,0.01797689903998054,,Batch_3,x77cy643,5
cross,-256,x,13938320,804209,1553586,96855,0.0070558766734585545,,Batch_3,x77cy643,5
cross,256,y,12676752,783900,1507461,89634,-0.003626103029065234,,Batch_3,x77cy643,5
cross,-256,y,12676752,779611,1420774,97156,0.010179053069260693,,Batch_3,x77cy643,5
auto,64,x,14288160,1196000,1201799,555142,0.41386262472184054,,Batch_3,x7u69zsw,-5
auto,64,y,13972000,1175653,1114558,514119,0.399985411417721,,Batch_3,x7u69zsw,-5
cross,64,x,14288160,1196000,664982,39429,-0.01947511895935444,,Batch_3,x7u69zsw,-5
cross,-64,x,14288160,1201799,664568,42074,-0.016552509152533576,,Batch_3,x7u69zsw,-5
cross,64,y,13972000,1175653,664788,42826,-0.015879843906657084,,Batch_3,x7u69zsw,-5
cross,-64,y,13972000,1114558,653084,40447,-0.014579372044527672,,Batch_3,x7u69zsw,-5
auto,256,x,13892640,1164171,1160037,176825,0.07476483276685891,,Batch_3,x7u69zsw,-5
auto,256,y,12628000,949490,1014138,105062,0.03183447698620788,,Batch_3,x7u69zsw,-5
cross,256,x,13892640,1164171,651109,45006,-0.011744710129755741,,Batch_3,x7u69zsw,-5
cross,-256,x,13892640,1160037,646536,53002,-0.0012152601835359806,,Batch_3,x7u69zsw,-5
cross,256,y,12628000,949490,629000,36402,-0.015035132698462506,,Batch_3,x7u69zsw,-5
cross,-256,y,12628000,1014138,603128,43634,-0.0065616376832097175,,Batch_3,x7u69zsw,-5
auto,64,x,14288160,1084282,1089508,503329,0.41888527629330524,,Batch_3,x7u69zsw,0
auto,64,y,13972000,1066799,1017848,467337,0.40404709155390856,,Batch_3,x7u69zsw,0
cross,64,x,14288160,1084282,903073,48463,-0.02179678342306912,,Batch_3,x7u69zsw,0
cross,-64,x,14288160,1089508,902442,52463,-0.017725393719214295,,Batch_3,x7u69zsw,0
cross,64,y,13972000,1066799,900697,52128,-0.018264465177708064,,Batch_3,x7u69zsw,0
cross,-64,y,13972000,1017848,888016,50335,-0.016205835453024224,,Batch_3,x7u69zsw,0
auto,256,x,13892640,1055848,1049052,146372,0.06851282653901658,,Batch_3,x7u69zsw,0
auto,256,y,12628000,853698,933583,90762,0.033328813397015884,,Batch_3,x7u69zsw,0
cross,256,x,13892640,1055848,883824,59140,-0.008937759446046968,,Batch_3,x7u69zsw,0
cross,-256,x,13892640,1049052,876189,64192,-0.002208062353822397,,Batch_3,x7u69zsw,0
cross,256,y,12628000,853698,848636,44973,-0.015618485791259485,,Batch_3,x7u69zsw,0
cross,-256,y,12628000,933583,816079,54779,-0.006835983348224426,,Batch_3,x7u69zsw,0
auto,64,x,14288160,971364,975626,431953,0.4030423542020032,,Batch_3,x7u69zsw,5
auto,64,y,13972000,956421,915100,398883,0.3852120359591951,,Batch_3,x7u69zsw,5
cross,64,x,14288160,971364,1172817,58147,-0.02186475901801756,,Batch_3,x7u69zsw,5
cross,-64,x,14288160,975626,1172238,62384,-0.017855038103157618,,Batch_3,x7u69zsw,5
cross,64,y,13972000,956421,1168720,61435,-0.01900766802688745,,Batch_3,x7u69zsw,5
cross,-64,y,13972000,915100,1154740,62274,-0.014032707302379738,,Batch_3,x7u69zsw,5
auto,256,x,13892640,945653,937139,119721,0.063732328175137,,Batch_3,x7u69zsw,5
auto,256,y,12628000,759966,840379,72190,0.028877211998249337,,Batch_3,x7u69zsw,5
cross,256,x,13892640,945653,1148135,72136,-0.0062442870413625265,,Batch_3,x7u69zsw,5
cross,-256,x,13892640,937139,1136903,74868,-0.0019083317515419026,,Batch_3,x7u69zsw,5
cross,256,y,12628000,759966,1096699,52392,-0.016090686232396775,,Batch_3,x7u69zsw,5
cross,-256,y,12628000,840379,1056147,65735,-0.005222371702916642,,Batch_3,x7u69zsw,5
auto,64,x,11180832,590241,583448,306874,0.49650506680196144,,Batch_3,xgj4xftb,-5
auto,64,y,10836000,574738,586473,272561,0.4394336567334637,,Batch_3,xgj4xftb,-5
cross,64,x,11180832,590241,769891,35721,-0.0077744720284025955,,Batch_3,xgj4xftb,-5
cross,-64,x,11180832,583448,773742,35612,-0.007549018028176375,,Batch_3,xgj4xftb,-5
cross,64,y,10836000,574738,749775,43097,0.005401819702714166,,Batch_3,xgj4xftb,-5
cross,-64,y,10836000,586473,762169,53079,0.01886670135749563,,Batch_3,xgj4xftb,-5
auto,256,x,10871328,580371,575945,38832,0.014769470443668822,,Batch_3,xgj4xftb,-5
auto,256,y,9492000,554207,513172,50882,0.04156403951345176,,Batch_3,xgj4xftb,-5
cross,256,x,10871328,580371,745785,44413,0.007444596869716097,,Batch_3,xgj4xftb,-5
cross,-256,x,10871328,575945,751374,42325,0.004077427402052087,,Batch_3,xgj4xftb,-5
cross,256,y,9492000,554207,606263,30725,-0.00858616978381481,,Batch_3,xgj4xftb,-5
cross,-256,y,9492000,513172,688479,41914,0.008428123666829582,,Batch_3,xgj4xftb,-5
auto,64,x,11180832,564540,557740,296610,0.5036864932122816,,Batch_3,xgj4xftb,0
auto,64,y,10836000,549237,562793,263373,0.4452537235305344,,Batch_3,xgj4xftb,0
cross,64,x,11180832,564540,959470,41881,-0.009573290438135785,,Batch_3,xgj4xftb,0
cross,-64,x,11180832,557740,963901,41157,-0.01013744926465262,,Batch_3,xgj4xftb,0
cross,64,y,10836000,549237,936068,48942,0.0022405591839372006,,Batch_3,xgj4xftb,0
cross,-64,y,10836000,562793,949949,60235,0.016024853920486325,,Batch_3,xgj4xftb,0
auto,256,x,10871328,555111,550576,34728,0.012605697627038287,,Batch_3,xgj4xftb,0
auto,256,y,9492000,529942,494021,47548,0.04124763030183483,,Batch_3,xgj4xftb,0
cross,256,x,10871328,555111,929120,51316,0.00578949382356278,,Batch_3,xgj4xftb,0
cross,-256,x,10871328,550576,938855,49658,0.003151022133049839,,Batch_3,xgj4xftb,0
cross,256,y,9492000,529942,754105,38205,-0.006612224256875703,,Batch_3,xgj4xftb,0
cross,-256,y,9492000,494021,854363,48147,0.006100071251379961,,Batch_3,xgj4xftb,0
auto,64,x,11180832,539294,532606,282792,0.5038758955522363,,Batch_3,xgj4xftb,5
auto,64,y,10836000,524233,538192,251136,0.4456281662904302,,Batch_3,xgj4xftb,5
cross,64,x,11180832,539294,1171549,47855,-0.011793890706656346,,Batch_3,xgj4xftb,5
cross,-64,x,11180832,532606,1176628,45953,-0.013816210833216018,,Batch_3,xgj4xftb,5
cross,64,y,10836000,524233,1144371,55551,0.0002626356166107617,,Batch_3,xgj4xftb,5
cross,-64,y,10836000,538192,1159886,66435,0.012127689580953064,,Batch_3,xgj4xftb,5
auto,256,x,10871328,530297,525814,30429,0.009514503219990065,,Batch_3,xgj4xftb,5
auto,256,y,9492000,506028,473815,43865,0.04006490436075306,,Batch_3,xgj4xftb,5
cross,256,x,10871328,530297,1135512,59493,0.005729305155354122,,Batch_3,xgj4xftb,5
cross,-256,x,10871328,525814,1148423,57769,0.0031010946482819646,,Batch_3,xgj4xftb,5
cross,256,y,9492000,506028,917636,47150,-0.0028089725496183125,,Batch_3,xgj4xftb,5
cross,-256,y,9492000,473815,1039643,53812,0.0029676975352095035,,Batch_3,xgj4xftb,5
