site_a,site_b,coarse_ncc,a_minus_b_dy_coarse_px,a_minus_b_dx_coarse_px,coarse_overlap_height_px,coarse_overlap_width_px,candidate
0grcilhi,3806gxp0,0.1984999465540158,1256,-5200,640,1792,False
0grcilhi,3e122cbj,0.19955691798477648,-1608,-5792,704,1200,False
0grcilhi,4ih2ggld,0.13984529840371665,984,5760,912,1232,False
0grcilhi,5n1q8atc,0.1916857213718462,-1264,5584,1048,1408,False
0grcilhi,71vgq3fw,0.25571620800263023,-1240,5040,816,1952,False
0grcilhi,9luzk4jm,0.21061264735685695,1192,-5504,704,1488,False
0grcilhi,avn74qx1,0.22138514114696667,-1528,5480,512,1512,False
0grcilhi,b3esycq1,0.1711278633137823,520,5688,1376,1304,False
0grcilhi,cfe5vt7s,0.3112367850665757,-1512,4984,560,2008,False
0grcilhi,epqdaau9,0.18771107533339876,-1248,5368,896,1624,False
0grcilhi,f1vzngrs,0.27417385510162784,-1416,-4944,728,2048,False
0grcilhi,ffwubibz,0.23104109888478674,-1560,5952,512,1040,False
0grcilhi,fn0mhxef,0.17905838120662,-1496,5352,544,1640,False
0grcilhi,fzrt2k6r,0.2752635659305751,-1584,5496,568,1496,False
0grcilhi,hawkfj64,0.15590243864482622,688,-5968,1208,1024,False
0grcilhi,hzumfsms,0.33930029963729985,-1280,5968,800,1024,False
0grcilhi,i9jiqjwl,0.21939602645461845,-1696,4896,568,2096,False
0grcilhi,iv6g2oq0,0.29552785528489756,-1016,-4888,760,2064,False
0grcilhi,kbdh4tri,0.19807283113630889,-1424,-5952,632,1040,False
0grcilhi,mgxahqnk,0.3453964735998893,-1248,5456,648,1536,False
0grcilhi,pl8uabbv,0.2683988872838246,-1584,-5208,680,1784,False
0grcilhi,ptg8lmto,0.2348207565612656,-1096,3536,512,3456,False
0grcilhi,r17byphk,0.25568573845230547,-1528,4776,544,2216,False
0grcilhi,rxax5ozo,0.24974059763688258,-1520,5056,544,1936,False
0grcilhi,tuy3zymq,0.26013908407640757,-1296,-5384,760,1608,False
0grcilhi,ufdvpb81,0.2688141412314456,-1312,-5624,768,1368,False
0grcilhi,uhdslk0o,0.25522107909852854,-1032,-5840,840,1152,False
0grcilhi,utfgcjfa,0.2556788934892034,-992,-5720,1072,1272,False
0grcilhi,vc2whyaq,0.2242183491168789,-1456,5440,608,1552,False
0grcilhi,x77cy643,0.23908387264872427,-1152,5968,912,1024,False
0grcilhi,x7u69zsw,0.26834417975214603,-1224,-5368,832,1624,False
0grcilhi,xgj4xftb,0.24152287754779642,-720,5200,888,1792,False
0grcilhi,xrv9xvzb,0.19977623070332057,-1040,-5624,1040,1368,False
3806gxp0,3e122cbj,0.17981981768758792,1504,-4512,536,2480,False
3806gxp0,4ih2ggld,0.27201575333672623,1472,-5664,568,1328,False
3806gxp0,5n1q8atc,0.2474076350650478,1528,-5944,512,1048,False
3806gxp0,71vgq3fw,0.2881468464331408,-1280,5016,776,1976,False
3806gxp0,9luzk4jm,0.2166287145420594,1392,4400,648,2592,False
3806gxp0,avn74qx1,0.2137705941201705,1024,-5968,1016,1024,False
3806gxp0,b3esycq1,0.2572884209799788,1152,5640,888,1352,False
3806gxp0,cfe5vt7s,0.2769070734300092,-1464,5456,608,1536,False
3806gxp0,epqdaau9,0.20250519127016986,-1288,5360,856,1632,False
3806gxp0,f1vzngrs,0.22731305711101213,1352,5088,688,1904,False
3806gxp0,ffwubibz,0.21900790940563158,1528,4976,512,2016,False
3806gxp0,fn0mhxef,0.21275117585180758,-1440,-5392,600,1600,False
3806gxp0,fzrt2k6r,0.3335799466701595,-1640,5480,512,1512,False
3806gxp0,hawkfj64,0.18124486783890162,-544,4704,1352,2288,False
3806gxp0,hzumfsms,0.21763069016827444,-1392,4968,688,2024,False
3806gxp0,i9jiqjwl,0.2376299500444558,1528,-5104,512,1888,False
3806gxp0,iv6g2oq0,0.21137653589369437,1504,5912,536,1080,False
3806gxp0,kbdh4tri,0.2232874906431485,-1392,5968,664,1024,False
3806gxp0,mgxahqnk,0.3725973546177439,-1368,5416,528,1576,False
3806gxp0,pl8uabbv,0.2295800631506185,-1752,-4784,512,2208,False
3806gxp0,ptg8lmto,0.3028358493651069,-848,5672,760,1320,False
3806gxp0,r17byphk,0.2714860549013865,-1440,5472,632,1520,False
3806gxp0,rxax5ozo,0.3077646371254491,1528,-5896,512,1096,False
3806gxp0,tuy3zymq,0.23975483969424452,-1424,5952,632,1040,False
3806gxp0,ufdvpb81,0.2326155250639494,1288,-5792,752,1200,False
3806gxp0,uhdslk0o,0.2562161721535033,1064,-5968,976,1024,False
3806gxp0,utfgcjfa,0.2710899581807467,-1248,-5680,816,1312,False
3806gxp0,vc2whyaq,0.26727332521476144,-1496,5480,568,1512,False
3806gxp0,x77cy643,0.3094636813085178,-1216,5968,848,1024,False
3806gxp0,x7u69zsw,0.22377607257372029,-1544,-4168,512,2824,False
3806gxp0,xgj4xftb,0.30234442943193846,-856,5136,752,1856,False
3806gxp0,xrv9xvzb,0.20457794534581286,-1552,-3944,528,3048,False
3e122cbj,4ih2ggld,0.20184872979430327,1648,5296,664,1696,False
3e122cbj,5n1q8atc,0.21983999760115533,-1072,-5496,1240,1496,False
3e122cbj,71vgq3fw,0.21568218638946368,-960,-5688,1096,1304,False
3e122cbj,9luzk4jm,0.21928964700427253,-1512,-4624,568,2368,False
3e122cbj,avn74qx1,0.22918834054956597,-1520,4216,520,2776,False
3e122cbj,b3esycq1,0.17922045225461117,920,5968,1392,1024,False
3e122cbj,cfe5vt7s,0.17519730653510193,1728,5152,584,1840,False
3e122cbj,epqdaau9,0.18291407036335341,1608,5472,704,1520,False
3e122cbj,f1vzngrs,0.234970432439295,-1376,-5120,768,1872,False
3e122cbj,ffwubibz,0.2037880559470668,-1264,5360,808,1632,False
3e122cbj,fn0mhxef,0.16818255253136968,1800,5968,512,1024,False
3e122cbj,fzrt2k6r,0.1866006550033131,-1080,-5968,1072,1024,False
3e122cbj,hawkfj64,0.16834066066699407,-1152,5968,744,1024,False
3e122cbj,hzumfsms,0.2202807117197107,-1344,-5592,736,1400,False
3e122cbj,i9jiqjwl,0.1778644048056519,-1488,-5608,776,1384,False
3e122cbj,iv6g2oq0,0.2844788023963759,-1056,-5152,720,1800,False
3e122cbj,kbdh4tri,0.15010421580926692,-680,-4984,1376,2008,False
3e122cbj,mgxahqnk,0.29153348144148816,-1144,-5960,752,1032,False
3e122cbj,pl8uabbv,0.254379286823555,-1576,-5360,688,1632,False
3e122cbj,ptg8lmto,0.1495087384009283,-880,2248,728,4744,False
3e122cbj,r17byphk,0.2000196243728703,-880,-5584,1192,1408,False
3e122cbj,rxax5ozo,0.20364933384818568,-1304,-4432,760,2560,False
3e122cbj,tuy3zymq,0.2954905615485452,-1344,-5624,712,1368,False
3e122cbj,ufdvpb81,0.17166794172943065,-1208,-5008,872,1984,False
3e122cbj,uhdslk0o,0.2209003774887362,-1032,-5968,840,1024,False
3e122cbj,utfgcjfa,0.25297502043577796,-1024,-5952,1040,1040,False
3e122cbj,vc2whyaq,0.16848094788072873,-936,5584,1128,1408,False
3e122cbj,x77cy643,0.22001260785124166,-1552,-5368,512,1624,False
3e122cbj,x7u69zsw,0.2959222169851184,-1272,-5616,784,1376,False
3e122cbj,xgj4xftb,0.19377566498185514,-904,5608,704,1384,False
3e122cbj,xrv9xvzb,0.15477110813938932,1800,5848,512,1144,False
4ih2ggld,5n1q8atc,0.21610333253679134,1688,-5112,624,1880,False
4ih2ggld,71vgq3fw,0.18859891961869146,-1088,5080,968,1912,False
4ih2ggld,9luzk4jm,0.17114373231635388,1120,5968,1192,1024,False
4ih2ggld,avn74qx1,0.23101864249744958,-1424,5392,616,1600,False
4ih2ggld,b3esycq1,0.19079169560888753,1800,-5728,512,1264,False
4ih2ggld,cfe5vt7s,0.22822902647473362,1728,-5816,584,1176,False
4ih2ggld,epqdaau9,0.17380617432494982,-344,5968,1800,1024,False
4ih2ggld,f1vzngrs,0.1950668294413721,-1472,-4368,672,2624,False
4ih2ggld,ffwubibz,0.17637814512625632,1800,5648,512,1344,False
4ih2ggld,fn0mhxef,0.30225208117819624,1800,-5656,512,1336,False
4ih2ggld,fzrt2k6r,0.2279479490755945,1624,-5400,688,1592,False
4ih2ggld,hawkfj64,0.1929137861404838,-1320,5032,576,1960,False
4ih2ggld,hzumfsms,0.2060714570614254,1800,5656,512,1336,False
4ih2ggld,i9jiqjwl,0.2481051391564279,1712,-5784,600,1208,False
4ih2ggld,iv6g2oq0,0.18286525194125192,1592,-5552,720,1400,False
4ih2ggld,kbdh4tri,0.17018177147327412,-1320,-5640,736,1352,False
4ih2ggld,mgxahqnk,0.18044377886582375,1360,5944,952,1048,False
4ih2ggld,pl8uabbv,0.18545127306534373,1752,-5632,560,1360,False
4ih2ggld,ptg8lmto,0.24331942265022052,1640,5368,672,1624,False
4ih2ggld,r17byphk,0.26673225515480303,1528,-5968,784,1024,False
4ih2ggld,rxax5ozo,0.16575125125352927,-824,5896,1240,1096,False
4ih2ggld,tuy3zymq,0.28440307768697204,1656,-5640,656,1352,False
4ih2ggld,ufdvpb81,0.15726793510599982,-1304,-5040,776,1952,False
4ih2ggld,uhdslk0o,0.26673625062416434,1648,-5696,664,1296,False
4ih2ggld,utfgcjfa,0.23156667792280886,-1552,-5960,512,1032,False
4ih2ggld,vc2whyaq,0.2231652179466287,1800,-5584,512,1408,False
4ih2ggld,x77cy643,0.2282277191088066,1656,-5808,656,1184,False
4ih2ggld,x7u69zsw,0.21291872705223824,1744,-3992,568,3000,False
4ih2ggld,xgj4xftb,0.17596234194093885,-656,5208,952,1784,False
4ih2ggld,xrv9xvzb,0.19018373689486037,1688,-5488,624,1504,False
5n1q8atc,71vgq3fw,0.1814393514534588,-856,3824,1200,3168,False
5n1q8atc,9luzk4jm,0.21681799459311663,-1280,4920,800,2072,False
5n1q8atc,avn74qx1,0.23063713898235416,-1304,4136,736,2856,False
5n1q8atc,b3esycq1,0.22355730891300432,-1640,4720,512,2272,False
5n1q8atc,cfe5vt7s,0.2364466334044954,1696,5752,616,1240,False
5n1q8atc,epqdaau9,0.1906916570246691,-960,5176,1184,1816,False
5n1q8atc,f1vzngrs,0.24759256296101606,-1536,4536,608,2456,False
5n1q8atc,ffwubibz,0.22083314619075517,-1128,5440,944,1552,False
5n1q8atc,fn0mhxef,0.21317830031963694,1440,-5624,872,1368,False
5n1q8atc,fzrt2k6r,0.18235014876591332,-912,-5784,1240,1208,False
5n1q8atc,hawkfj64,0.20978524377133553,-1144,4952,752,2040,False
5n1q8atc,hzumfsms,0.1871840781441208,1584,3648,728,3344,False
5n1q8atc,i9jiqjwl,0.1868832826167375,1768,-4288,544,2704,False
5n1q8atc,iv6g2oq0,0.300302521097688,-1064,5344,712,1648,False
5n1q8atc,kbdh4tri,0.18458967188984735,1680,-5376,632,1616,False
5n1q8atc,mgxahqnk,0.22129622019592748,-936,-5792,960,1200,False
5n1q8atc,pl8uabbv,0.3049969832686679,-1600,5576,664,1416,False
5n1q8atc,ptg8lmto,0.20412756105940894,1344,5792,968,1200,False
5n1q8atc,r17byphk,0.19658788412713793,1720,-5968,592,1024,False
5n1q8atc,rxax5ozo,0.20694348833851983,1784,-5752,528,1240,False
5n1q8atc,tuy3zymq,0.22758828818316232,1416,-5576,896,1416,False
5n1q8atc,ufdvpb81,0.23556138031138169,1616,-5960,696,1032,False
5n1q8atc,uhdslk0o,0.231472837058754,-992,5448,880,1544,False
5n1q8atc,utfgcjfa,0.1919639718644325,1800,5960,512,1032,False
5n1q8atc,vc2whyaq,0.20067030174349154,-752,5528,1312,1464,False
5n1q8atc,x77cy643,0.16920482483780447,-1496,4936,568,2056,False
5n1q8atc,x7u69zsw,0.3263716495980506,-1216,5024,840,1968,False
5n1q8atc,xgj4xftb,0.2172760488703195,1400,4808,912,2184,False
5n1q8atc,xrv9xvzb,0.2120995186142122,1360,5328,952,1664,False
71vgq3fw,9luzk4jm,0.17341117693461233,1296,5888,760,1104,False
71vgq3fw,avn74qx1,0.23068907857178494,1344,-4904,712,2088,False
71vgq3fw,b3esycq1,0.21611153466914573,952,-4912,1104,2080,False
71vgq3fw,cfe5vt7s,0.17649601157846778,-1440,5680,632,1312,False
71vgq3fw,epqdaau9,0.21059608360767854,224,-5440,1832,1552,False
71vgq3fw,f1vzngrs,0.2628812540368196,-1624,-5912,520,1080,False
71vgq3fw,ffwubibz,0.17962141252942043,56,-5536,2000,1456,False
71vgq3fw,fn0mhxef,0.257098283022587,1488,-5104,568,1888,False
71vgq3fw,fzrt2k6r,0.23614471717082863,1544,-5552,512,1440,False
71vgq3fw,hawkfj64,0.16396497345683808,880,5968,1176,1024,False
71vgq3fw,hzumfsms,0.19034937510516164,1192,5784,864,1208,False
71vgq3fw,i9jiqjwl,0.214933291038243,1016,-4464,1040,2528,False
71vgq3fw,iv6g2oq0,0.2538134882225009,-1264,-5832,512,1120,False
71vgq3fw,kbdh4tri,0.15956622192612027,1016,5688,1040,1304,False
71vgq3fw,mgxahqnk,0.1996073307521137,-1248,-5104,648,1888,False
71vgq3fw,pl8uabbv,0.33820010749498924,-1752,-5880,512,1112,False
71vgq3fw,ptg8lmto,0.20403727885784365,1280,5688,776,1304,False
71vgq3fw,r17byphk,0.1898535310830404,1216,-5368,840,1624,False
71vgq3fw,rxax5ozo,0.19504020967710714,-1536,-4952,528,2040,False
71vgq3fw,tuy3zymq,0.31617666589274035,1392,-5096,664,1896,False
71vgq3fw,ufdvpb81,0.16314936244483663,832,5568,1224,1424,False
71vgq3fw,uhdslk0o,0.18873181526587463,-1168,5872,704,1120,False
71vgq3fw,utfgcjfa,0.2607338256884612,-808,-5432,1256,1560,False
71vgq3fw,vc2whyaq,0.20571067885634026,1488,-4952,568,2040,False
71vgq3fw,x77cy643,0.17502369147446387,-1264,-5584,800,1408,False
71vgq3fw,x7u69zsw,0.24041021437595297,-1544,-4328,512,2664,False
71vgq3fw,xgj4xftb,0.23918018273824848,-1096,5656,512,1336,False
71vgq3fw,xrv9xvzb,0.22116406876282388,-1528,-5400,552,1592,False
9luzk4jm,avn74qx1,0.20690442103758003,1248,5912,832,1080,False
9luzk4jm,b3esycq1,0.18083460116689193,-984,5760,1168,1232,False
9luzk4jm,cfe5vt7s,0.18709257868292217,672,5912,1408,1080,False
9luzk4jm,epqdaau9,0.27394292410541154,1536,-5968,544,1024,False
9luzk4jm,f1vzngrs,0.24156624679716815,-1632,-5680,512,1312,False
9luzk4jm,ffwubibz,0.1681540832656453,-1536,-5904,536,1088,False
9luzk4jm,fn0mhxef,0.20846292987523746,-1304,-5424,736,1568,False
9luzk4jm,fzrt2k6r,0.20609116806663907,1464,4864,616,2128,False
9luzk4jm,hawkfj64,0.23931031621495905,1400,-5064,680,1928,False
9luzk4jm,hzumfsms,0.18389324716931899,-1368,5856,712,1136,False
9luzk4jm,i9jiqjwl,0.262716217714371,1440,-5664,640,1328,False
9luzk4jm,iv6g2oq0,0.23206155011045274,-1264,-5656,512,1296,False
9luzk4jm,kbdh4tri,0.19455845532946858,-800,5352,1256,1640,False
9luzk4jm,mgxahqnk,0.2019364332376654,1568,5016,512,1976,False
9luzk4jm,pl8uabbv,0.237608265152664,-1752,-5856,512,1136,False
9luzk4jm,ptg8lmto,0.22339706807576198,1568,-4976,512,2016,False
9luzk4jm,r17byphk,0.23018859871069916,1232,-5824,848,1168,False
9luzk4jm,rxax5ozo,0.13752902615064944,-1296,5816,768,1176,False
9luzk4jm,tuy3zymq,0.1775773757140445,1536,5952,544,1040,False
9luzk4jm,ufdvpb81,0.17179395030215872,1568,4896,512,2096,False
9luzk4jm,uhdslk0o,0.22176780815679922,1416,-5552,664,1440,False
9luzk4jm,utfgcjfa,0.2003213867931794,-1208,-5400,856,1592,False
9luzk4jm,vc2whyaq,0.1660868412488451,992,-5480,1088,1512,False
9luzk4jm,x77cy643,0.2741404149505236,1472,-5672,608,1320,False
9luzk4jm,x7u69zsw,0.25037696287597433,-1544,-5008,512,1984,False
9luzk4jm,xgj4xftb,0.168715712447379,1504,-4672,576,2320,False
9luzk4jm,xrv9xvzb,0.21929365690711008,960,5856,1120,1136,False
avn74qx1,b3esycq1,0.20106042070434763,1424,-5288,616,1704,False
avn74qx1,cfe5vt7s,0.1698718835535668,-1472,5424,600,1568,False
avn74qx1,epqdaau9,0.2904482038688981,1528,-5240,512,1752,False
avn74qx1,f1vzngrs,0.18012850607310577,936,4776,1104,2216,False
avn74qx1,ffwubibz,0.236242989437438,1240,-5488,800,1504,False
avn74qx1,fn0mhxef,0.2807264708589545,1528,-4680,512,2312,False
avn74qx1,fzrt2k6r,0.32221628288818305,1432,-4440,608,2552,False
avn74qx1,hawkfj64,0.172743499076306,1344,-4248,696,2744,False
avn74qx1,hzumfsms,0.1808302530063044,1384,4136,656,2856,False
avn74qx1,i9jiqjwl,0.27604750301285935,1448,-4872,592,2120,False
avn74qx1,iv6g2oq0,0.2539878580898921,1376,-4640,664,2312,False
avn74qx1,kbdh4tri,0.20592524303103465,-1424,-5568,632,1424,False
avn74qx1,mgxahqnk,0.3457373907679158,-1384,5320,512,1672,False
avn74qx1,pl8uabbv,0.20464779947876482,-736,5368,1528,1624,False
avn74qx1,ptg8lmto,0.2450868259538189,1528,-4208,512,2784,False
avn74qx1,r17byphk,0.28969973593258286,1232,-5056,808,1936,False
avn74qx1,rxax5ozo,0.20784719913961153,-1552,4976,512,2016,False
avn74qx1,tuy3zymq,0.23307430419977773,-1368,-4568,688,2424,False
avn74qx1,ufdvpb81,0.1779779760517511,1168,5968,872,1024,False
avn74qx1,uhdslk0o,0.24678777620059933,1368,-4792,672,2200,False
avn74qx1,utfgcjfa,0.26388994550203365,1344,-3776,696,3216,False
avn74qx1,vc2whyaq,0.213281126249652,1376,-4440,664,2552,False
avn74qx1,x77cy643,0.20529414459518375,1512,-4960,528,2032,False
avn74qx1,x7u69zsw,0.2043066950004696,96,-4984,1944,2008,False
avn74qx1,xgj4xftb,0.23002395374951437,1528,5888,512,1104,False
avn74qx1,xrv9xvzb,0.25066546480005375,1520,-5464,520,1528,False
b3esycq1,cfe5vt7s,0.21511162042862642,1640,-5488,512,1504,False
b3esycq1,epqdaau9,0.21736904310688174,-1416,5736,728,1256,False
b3esycq1,f1vzngrs,0.33810470910559587,-1512,-5712,632,1280,False
b3esycq1,ffwubibz,0.19754506631999263,-1040,-5088,1032,1904,False
b3esycq1,fn0mhxef,0.2263442307105434,1376,-5696,776,1296,False
b3esycq1,fzrt2k6r,0.20832015218203218,1288,-5440,864,1552,False
b3esycq1,hawkfj64,0.19778511401865495,1512,-4976,640,2016,False
b3esycq1,hzumfsms,0.1937059961704045,-1160,-5712,920,1280,False
b3esycq1,i9jiqjwl,0.22025531666648793,1216,-5792,936,1200,False
b3esycq1,iv6g2oq0,0.34322092994056985,-1080,-5928,696,1024,False
b3esycq1,kbdh4tri,0.24914838434832462,1592,-5400,560,1592,False
b3esycq1,mgxahqnk,0.20001364227904023,1504,5184,648,1808,False
b3esycq1,pl8uabbv,0.326552789634335,-1752,-5696,512,1296,False
b3esycq1,ptg8lmto,0.2788140333498679,1400,-5232,752,1760,False
b3esycq1,r17byphk,0.25449841173258236,1072,-5968,1080,1024,False
b3esycq1,rxax5ozo,0.25312035898565055,-1344,-5208,720,1784,False
b3esycq1,tuy3zymq,0.21507938123910475,1640,-2832,512,4160,False
b3esycq1,ufdvpb81,0.27416118713678833,1560,-5944,592,1048,False
b3esycq1,uhdslk0o,0.34152509056097846,-1360,5968,512,1024,False
b3esycq1,utfgcjfa,0.21642604927478035,-1304,-4576,760,2416,False
b3esycq1,vc2whyaq,0.2121695522872942,-1456,4840,608,2152,False
b3esycq1,x77cy643,0.2266971638501923,-1104,5384,960,1608,False
b3esycq1,x7u69zsw,0.2276040544151658,-1544,-3320,512,3672,False
b3esycq1,xgj4xftb,0.19565214513373755,1280,-4840,872,2152,False
b3esycq1,xrv9xvzb,0.22583747504053298,-1376,-5480,704,1512,False
cfe5vt7s,epqdaau9,0.2274004837114932,1560,-4432,512,2560,False
cfe5vt7s,f1vzngrs,0.270857863707619,1432,5880,640,1112,False
cfe5vt7s,ffwubibz,0.20428339180679014,1560,5752,512,1240,False
cfe5vt7s,fn0mhxef,0.18180516319899123,1528,5552,544,1440,False
cfe5vt7s,fzrt2k6r,0.20658022661676684,904,-5952,1168,1040,False
cfe5vt7s,hawkfj64,0.14182812677754314,-1336,5768,560,1224,False
cfe5vt7s,hzumfsms,0.21557510448777203,-1376,5136,704,1856,False
cfe5vt7s,i9jiqjwl,0.1836122820614292,160,-5624,1912,1368,False
cfe5vt7s,iv6g2oq0,0.2722092558208776,-1088,-5320,688,1632,False
cfe5vt7s,kbdh4tri,0.25041756433198975,-1488,5744,568,1248,False
cfe5vt7s,mgxahqnk,0.22334808869014314,-1288,-4856,608,2136,False
cfe5vt7s,pl8uabbv,0.28647388159943143,-1600,-5504,664,1488,False
cfe5vt7s,ptg8lmto,0.1919480285203997,1248,-5816,824,1176,False
cfe5vt7s,r17byphk,0.2415463669893848,1528,-5200,544,1792,False
cfe5vt7s,rxax5ozo,0.1729961383575658,-1440,-3352,624,3640,False
cfe5vt7s,tuy3zymq,0.2930013610984695,1560,-5536,512,1456,False
cfe5vt7s,ufdvpb81,0.18653504635746734,-1344,-5968,736,1024,False
cfe5vt7s,uhdslk0o,0.2141390362812378,-1240,-5056,632,1936,False
cfe5vt7s,utfgcjfa,0.24097143941296242,1416,-5448,656,1544,False
cfe5vt7s,vc2whyaq,0.2556398794366279,-1272,5872,792,1120,False
cfe5vt7s,x77cy643,0.2583868727363122,-1536,5808,528,1184,False
cfe5vt7s,x7u69zsw,0.2051651191717562,-824,4328,1232,2664,False
cfe5vt7s,xgj4xftb,0.1860303208924618,-1064,5880,544,1112,False
cfe5vt7s,xrv9xvzb,0.2074545361426505,1560,-5424,512,1568,False
epqdaau9,f1vzngrs,0.2898660066894104,-1496,5840,648,1152,False
epqdaau9,ffwubibz,0.19028158126872188,1576,-5576,568,1416,False
epqdaau9,fn0mhxef,0.24709516236928894,-928,-5632,1112,1360,False
epqdaau9,fzrt2k6r,0.20893704812420238,-1256,5592,896,1400,False
epqdaau9,hawkfj64,0.22879553207889308,1336,-5624,808,1368,False
epqdaau9,hzumfsms,0.18790529731466568,-872,5928,1208,1064,False
epqdaau9,i9jiqjwl,0.19885352942285106,-1752,4472,512,2520,False
epqdaau9,iv6g2oq0,0.24427499365249405,1288,-5928,856,1024,False
epqdaau9,kbdh4tri,0.21635960873194332,-1472,5528,584,1464,False
epqdaau9,mgxahqnk,0.20090016536619268,-1168,5232,728,1760,False
epqdaau9,pl8uabbv,0.26909430696386427,-720,-5880,1544,1112,False
epqdaau9,ptg8lmto,0.21318247254013745,-920,-5560,688,1432,False
epqdaau9,r17byphk,0.16682796469126787,-856,4800,1216,2192,False
epqdaau9,rxax5ozo,0.22789649316604718,-1384,4904,680,2088,False
epqdaau9,tuy3zymq,0.2705659628338949,-1344,-5000,712,1992,False
epqdaau9,ufdvpb81,0.21163152704153504,-1344,-5312,736,1680,False
epqdaau9,uhdslk0o,0.22394108001917507,-1336,4192,536,2800,False
epqdaau9,utfgcjfa,0.23217001483450586,-1024,-5504,1040,1488,False
epqdaau9,vc2whyaq,0.2525023920145748,1256,-5768,888,1224,False
epqdaau9,x77cy643,0.20502213333673833,-568,5888,1496,1104,False
epqdaau9,x7u69zsw,0.27274556976645786,-320,-5968,1736,1024,False
epqdaau9,xgj4xftb,0.21210481677008539,-680,5024,928,1968,False
epqdaau9,xrv9xvzb,0.204659072254976,560,5888,1584,1104,False
f1vzngrs,ffwubibz,0.24996982882727667,-1512,-5664,560,1328,False
f1vzngrs,fn0mhxef,0.23549583076506858,1632,5072,512,1920,False
f1vzngrs,fzrt2k6r,0.24108902957744277,1408,-5344,736,1648,False
f1vzngrs,hawkfj64,0.273431846283305,-1376,-5968,520,1024,False
f1vzngrs,hzumfsms,0.3074390573114469,-1512,-5792,568,1200,False
f1vzngrs,i9jiqjwl,0.2834765335695106,1328,-5744,816,1248,False
f1vzngrs,iv6g2oq0,0.24094439505347254,-1240,-5432,536,1520,False
f1vzngrs,kbdh4tri,0.3102508542886892,-1000,-5888,1056,1104,False
f1vzngrs,mgxahqnk,0.36903501737687455,-1384,-5968,512,1024,False
f1vzngrs,pl8uabbv,0.31171890395263996,-1752,-5648,512,1344,False
f1vzngrs,ptg8lmto,0.21828813923289514,1400,-5024,744,1968,False
f1vzngrs,r17byphk,0.2843231760444176,1240,-5944,904,1048,False
f1vzngrs,rxax5ozo,0.25436069650293996,1432,4456,712,2536,False
f1vzngrs,tuy3zymq,0.46436871850361583,-1520,-5720,536,1272,False
f1vzngrs,ufdvpb81,0.23705379502907656,-1440,-5968,640,1024,False
f1vzngrs,uhdslk0o,0.2506185193169326,1304,5584,840,1408,False
f1vzngrs,utfgcjfa,0.28003321288558786,1632,5760,512,1232,False
f1vzngrs,vc2whyaq,0.20018171909165428,624,5968,1520,1024,False
f1vzngrs,x77cy643,0.28493356149956983,1608,5152,536,1840,False
f1vzngrs,x7u69zsw,0.36165108539564006,-1336,-5784,720,1208,False
f1vzngrs,xgj4xftb,0.25046789727074736,-864,3056,744,3936,False
f1vzngrs,xrv9xvzb,0.20578480573731286,-1400,-5608,680,1384,False
ffwubibz,fn0mhxef,0.23461102659264638,1424,-5960,648,1032,False
ffwubibz,fzrt2k6r,0.24346937568948548,1200,-5664,872,1328,False
ffwubibz,hawkfj64,0.2025011030371203,1200,-5536,872,1456,False
ffwubibz,hzumfsms,0.2151234476783556,-1520,-5152,560,1840,False
ffwubibz,i9jiqjwl,0.1672356391572925,944,-5280,1128,1712,False
ffwubibz,iv6g2oq0,0.24459017299622918,-1160,-4504,616,2448,False
ffwubibz,kbdh4tri,0.20299326047932564,-1168,-5824,888,1168,False
ffwubibz,mgxahqnk,0.23697928921217973,-1360,-5400,536,1592,False
ffwubibz,pl8uabbv,0.22696307464442983,1128,-5824,944,1168,False
ffwubibz,ptg8lmto,0.3054919115089853,1448,-5456,624,1536,False
ffwubibz,r17byphk,0.2160082429166928,-1384,-5864,688,1128,False
ffwubibz,rxax5ozo,0.16954665221625545,-1072,5128,992,1864,False
ffwubibz,tuy3zymq,0.22180532258265429,-1464,-5104,592,1888,False
ffwubibz,ufdvpb81,0.24869668744274512,1480,-4960,592,2032,False
ffwubibz,uhdslk0o,0.22952463482963284,-1344,-4256,528,2736,False
ffwubibz,utfgcjfa,0.2418997043498063,1192,-5040,880,1952,False
ffwubibz,vc2whyaq,0.24928594209136307,-1024,5536,1040,1456,False
ffwubibz,x77cy643,0.22866206827659935,-1552,5880,512,1112,False
ffwubibz,x7u69zsw,0.2339305373650876,-1544,-5744,512,1248,False
ffwubibz,xgj4xftb,0.22666776171480477,-840,5560,768,1432,False
ffwubibz,xrv9xvzb,0.2256711855935061,-1424,-5824,656,1168,False
fn0mhxef,fzrt2k6r,0.30315823896409116,-1288,-5832,864,1160,False
fn0mhxef,hawkfj64,0.16306155562725685,-1384,4360,512,2632,False
fn0mhxef,hzumfsms,0.31949627092461896,-1536,-5496,544,1496,False
fn0mhxef,i9jiqjwl,0.17843674940818194,1400,5752,640,1240,False
fn0mhxef,iv6g2oq0,0.2815093670869374,-1264,5952,512,1040,False
fn0mhxef,kbdh4tri,0.18979506981054692,-1056,-5568,1000,1424,False
fn0mhxef,mgxahqnk,0.39522365599025155,-1376,-5720,520,1272,False
fn0mhxef,pl8uabbv,0.23653142935163235,-1088,5792,1176,1200,False
fn0mhxef,ptg8lmto,0.19035233099069818,-1080,-4096,528,2896,False
fn0mhxef,r17byphk,0.16078131453385724,-1560,5560,512,1432,False
fn0mhxef,rxax5ozo,0.19761474188977282,-1424,4416,640,2576,False
fn0mhxef,tuy3zymq,0.393135688584118,-1544,-5408,512,1584,False
fn0mhxef,ufdvpb81,0.36973974905724055,-1536,-5728,544,1264,False
fn0mhxef,uhdslk0o,0.31245425678990185,-1312,-5864,560,1128,False
fn0mhxef,utfgcjfa,0.2650850872683026,-1288,-5856,776,1136,False
fn0mhxef,vc2whyaq,0.26990038310937214,-1000,5968,1064,1024,False
fn0mhxef,x77cy643,0.21099802714751398,-1256,-4728,808,2264,False
fn0mhxef,x7u69zsw,0.33310725813222125,-1488,5608,568,1384,False
fn0mhxef,xgj4xftb,0.2227990744725882,-1032,5224,576,1768,False
fn0mhxef,xrv9xvzb,0.22754353673465857,-1288,-5632,792,1360,False
fzrt2k6r,hawkfj64,0.21475795637311976,-1320,5360,576,1632,False
fzrt2k6r,hzumfsms,0.2042075020839868,-1376,-5800,704,1192,False
fzrt2k6r,i9jiqjwl,0.24984020698849116,-1320,-5816,944,1176,False
fzrt2k6r,iv6g2oq0,0.32483127401748807,-1160,5656,616,1336,False
fzrt2k6r,kbdh4tri,0.18747968185647365,-1448,-4488,608,2504,False
fzrt2k6r,mgxahqnk,0.20158173565633292,1392,5680,760,1312,False
fzrt2k6r,pl8uabbv,0.29366182119997036,-1704,5848,560,1144,False
fzrt2k6r,ptg8lmto,0.16803277698343297,-1056,-5536,552,1456,False
fzrt2k6r,r17byphk,0.24160864569174018,-1192,-5904,880,1088,False
fzrt2k6r,rxax5ozo,0.19447410849579627,1496,3640,656,3352,False
fzrt2k6r,tuy3zymq,0.1893042444166628,1640,-5528,512,1464,False
fzrt2k6r,ufdvpb81,0.16347504191256604,-1480,-4384,600,2608,False
fzrt2k6r,uhdslk0o,0.25192378456687037,-1120,5688,752,1304,False
fzrt2k6r,utfgcjfa,0.23211408286877513,1640,-5400,512,1592,False
fzrt2k6r,vc2whyaq,0.256369127106747,-872,5792,1192,1200,False
fzrt2k6r,x77cy643,0.24994435662430636,-1152,5728,912,1264,False
fzrt2k6r,x7u69zsw,0.38902093167106605,-1336,5336,720,1656,False
fzrt2k6r,xgj4xftb,0.21773360343436918,-720,5824,888,1168,False
fzrt2k6r,xrv9xvzb,0.2699697307403473,1480,5936,672,1056,False
hawkfj64,hzumfsms,0.1790586390475257,-1176,-5960,904,1032,False
hawkfj64,i9jiqjwl,0.29702039167186484,1368,-5776,528,1216,False
hawkfj64,iv6g2oq0,0.21227588531134,112,-5480,1776,1472,False
hawkfj64,kbdh4tri,0.2042354838674358,1328,-5600,568,1392,False
hawkfj64,mgxahqnk,0.2055687176301328,-1048,4304,848,2688,False
hawkfj64,pl8uabbv,0.24541961442214272,-1608,5648,656,1344,False
hawkfj64,ptg8lmto,0.17337934657582568,1384,-5080,512,1912,False
hawkfj64,r17byphk,0.2119347729179625,1104,-5888,792,1104,False
hawkfj64,rxax5ozo,0.14206653866294996,-1256,-3304,808,3688,False
hawkfj64,tuy3zymq,0.21769600734563402,-1232,-4232,824,2760,False
hawkfj64,ufdvpb81,0.17303680722610446,480,-5904,1416,1088,False
hawkfj64,uhdslk0o,0.2069027172548835,-1080,5488,792,1504,False
hawkfj64,utfgcjfa,0.23146991905313757,1120,5416,776,1576,False
hawkfj64,vc2whyaq,0.2152556983323295,1280,-5272,616,1720,False
hawkfj64,x77cy643,0.20089410486631448,1280,-5832,616,1160,False
hawkfj64,x7u69zsw,0.26344830390057766,-1344,5104,712,1888,False
hawkfj64,xgj4xftb,0.22794834070621742,-1096,5632,512,1360,False
hawkfj64,xrv9xvzb,0.18593771235421425,1384,-4272,512,2720,False
hzumfsms,i9jiqjwl,0.19992769673443844,1488,4680,592,2312,False
hzumfsms,iv6g2oq0,0.2149975500643586,-1016,-5144,760,1808,False
hzumfsms,kbdh4tri,0.1948813468596253,1480,-5832,600,1160,False
hzumfsms,mgxahqnk,0.2751546616777464,1568,5400,512,1592,False
hzumfsms,pl8uabbv,0.23086253183558378,1464,-5312,616,1680,False
hzumfsms,ptg8lmto,0.2335976654905237,1568,5928,512,1064,False
hzumfsms,r17byphk,0.18849834099171925,776,-5664,1304,1328,False
hzumfsms,rxax5ozo,0.1840293571211084,-1256,-5896,808,1096,False
hzumfsms,tuy3zymq,0.29721785669908274,-1544,-5608,512,1384,False
hzumfsms,ufdvpb81,0.233111474011557,-1272,-5784,808,1208,False
hzumfsms,uhdslk0o,0.21226336228565176,-992,-5928,880,1064,False
hzumfsms,utfgcjfa,0.25009517989864627,-896,-5904,1168,1088,False
hzumfsms,vc2whyaq,0.19441366455944015,-1360,5712,704,1280,False
hzumfsms,x77cy643,0.2171568241869504,1432,5816,648,1176,False
hzumfsms,x7u69zsw,0.31926389939185956,-1496,-5776,560,1216,False
hzumfsms,xgj4xftb,0.27484746615929434,-1096,5720,512,1272,False
hzumfsms,xrv9xvzb,0.2392053808342017,1568,5696,512,1296,False
i9jiqjwl,iv6g2oq0,0.23317943013552858,-1136,5928,640,1064,False
i9jiqjwl,kbdh4tri,0.17538707472321466,-1384,5136,672,1856,False
i9jiqjwl,mgxahqnk,0.19676664001030938,-1040,4848,856,2144,False
i9jiqjwl,pl8uabbv,0.18580383126542221,-1680,-4536,584,2456,False
i9jiqjwl,ptg8lmto,0.20723575653975831,328,5688,1608,1304,False
i9jiqjwl,r17byphk,0.1881308527645963,-1424,5680,648,1312,False
i9jiqjwl,rxax5ozo,0.17159417671487012,-800,-4560,1264,2432,False
i9jiqjwl,tuy3zymq,0.30002779867034934,-1544,-4608,512,2384,False
i9jiqjwl,ufdvpb81,0.15209231048734526,-144,5544,1936,1448,False
i9jiqjwl,uhdslk0o,0.2189625414857668,-1096,5968,776,1024,False
i9jiqjwl,utfgcjfa,0.24929525007280695,1480,5720,784,1272,False
i9jiqjwl,vc2whyaq,0.18791662605041548,-1288,4928,776,2064,False
i9jiqjwl,x77cy643,0.2208790874092062,-984,5448,1080,1544,False
i9jiqjwl,x7u69zsw,0.3868784655500084,-1360,5736,696,1256,False
i9jiqjwl,xgj4xftb,0.26320168009860945,-1096,4624,512,2368,False
i9jiqjwl,xrv9xvzb,0.21728783526194131,-584,-5968,1496,1024,False
iv6g2oq0,kbdh4tri,0.2682221264706934,1152,-5880,624,1112,False
iv6g2oq0,mgxahqnk,0.34292073805556045,1128,5928,648,1024,False
iv6g2oq0,pl8uabbv,0.2427682542310032,-1600,5928,664,1024,False
iv6g2oq0,ptg8lmto,0.29137592404177054,1264,-5360,512,1632,False
iv6g2oq0,r17byphk,0.22871552678916343,-1528,5112,544,1840,False
iv6g2oq0,rxax5ozo,0.22758916620248199,-1552,4680,512,2272,False
iv6g2oq0,tuy3zymq,0.16581171503165928,1192,-4864,584,2128,False
iv6g2oq0,ufdvpb81,0.22761331006232186,1264,-4800,512,2192,False
iv6g2oq0,uhdslk0o,0.2543029888847375,1088,-5928,688,1064,False
iv6g2oq0,utfgcjfa,0.2816481000535431,-1416,5896,648,1056,False
iv6g2oq0,vc2whyaq,0.26251376067314713,-816,5928,1248,1024,False
iv6g2oq0,x77cy643,0.2289042525341497,1240,-5352,536,1640,False
iv6g2oq0,x7u69zsw,0.27844267139473916,1240,-5808,536,1184,False
iv6g2oq0,xgj4xftb,0.2589926669337797,1256,-5232,520,1760,False
iv6g2oq0,xrv9xvzb,0.22285293243172388,1248,4760,528,2192,False
kbdh4tri,mgxahqnk,0.17287137848147366,-768,-5856,1128,1136,False
kbdh4tri,pl8uabbv,0.19874205248381605,1512,-5304,544,1688,False
kbdh4tri,ptg8lmto,0.3227051648696842,1168,5968,888,1024,False
kbdh4tri,r17byphk,0.16833090007325158,1488,-4248,568,2744,False
kbdh4tri,rxax5ozo,0.2302343267427879,1536,-5968,520,1024,False
kbdh4tri,tuy3zymq,0.21424487107497556,1408,-5968,648,1024,False
kbdh4tri,ufdvpb81,0.21500397331069657,776,5728,1280,1264,False
kbdh4tri,uhdslk0o,0.26897588132211514,-1160,5936,712,1056,False
kbdh4tri,utfgcjfa,0.28264648069911336,1296,5544,760,1448,False
kbdh4tri,vc2whyaq,0.2478469979181772,952,-5688,1104,1304,False
kbdh4tri,x77cy643,0.2163341897834504,-1536,-3224,528,3768,False
kbdh4tri,x7u69zsw,0.25431108453191453,-416,5968,1640,1024,False
kbdh4tri,xgj4xftb,0.19122093723793337,-1032,5760,576,1232,False
kbdh4tri,xrv9xvzb,0.182480317587158,1544,-5968,512,1024,False
mgxahqnk,pl8uabbv,0.27127546566521976,1384,5592,512,1400,False
mgxahqnk,ptg8lmto,0.16996789873387497,1240,-4192,656,2800,False
mgxahqnk,r17byphk,0.17888793169779243,-1376,-5488,696,1504,False
mgxahqnk,rxax5ozo,0.26564765740630175,1128,5408,768,1584,False
mgxahqnk,tuy3zymq,0.28170266263339394,1384,-5456,512,1536,False
mgxahqnk,ufdvpb81,0.21328097308698982,1360,-5048,536,1944,False
mgxahqnk,uhdslk0o,0.24175887758104397,-1280,-4592,592,2400,False
mgxahqnk,utfgcjfa,0.2638102536563565,1368,-5360,528,1632,False
mgxahqnk,vc2whyaq,0.19997403831329524,904,5400,992,1592,False
mgxahqnk,x77cy643,0.24359569561756064,1280,5896,616,1096,False
mgxahqnk,x7u69zsw,0.24660908555423486,-760,5248,1296,1744,False
mgxahqnk,xgj4xftb,0.21235694601433977,1376,2912,520,4080,False
mgxahqnk,xrv9xvzb,0.34428063919773205,-1392,-5480,688,1512,False
pl8uabbv,ptg8lmto,0.2195232656821,1512,-5936,752,1056,False
pl8uabbv,r17byphk,0.2048654231995746,1752,-5208,512,1784,False
pl8uabbv,rxax5ozo,0.19485237054050952,1752,4392,512,2600,False
pl8uabbv,tuy3zymq,0.24207956874962652,-1544,-5280,512,1712,False
pl8uabbv,ufdvpb81,0.19787057488615867,-1560,-5968,520,1024,False
pl8uabbv,uhdslk0o,0.2517443320109198,-1224,5872,648,1120,False
pl8uabbv,utfgcjfa,0.23667942606957215,-1520,5608,544,1384,False
pl8uabbv,vc2whyaq,0.2754004886261332,1624,-5784,640,1208,False
pl8uabbv,x77cy643,0.23211344202256004,-1552,5904,512,1088,False
pl8uabbv,x7u69zsw,0.30543918088285316,1752,-5968,512,1024,False
pl8uabbv,xgj4xftb,0.2652545815483814,1704,-5160,560,1832,False
pl8uabbv,xrv9xvzb,0.17303128944035875,1752,4992,512,2000,False
ptg8lmto,r17byphk,0.2902804102216702,-1096,-5400,976,1592,False
ptg8lmto,rxax5ozo,0.17913436767953492,1040,-5016,568,1976,False
ptg8lmto,tuy3zymq,0.28068459798113193,936,-5744,672,1248,False
ptg8lmto,ufdvpb81,0.16894631856609552,-1568,-5064,512,1928,False
ptg8lmto,uhdslk0o,0.2714638298522015,-1272,5432,600,1560,False
ptg8lmto,utfgcjfa,0.19787713668778922,880,-5680,728,1312,False
ptg8lmto,vc2whyaq,0.16960995293694098,-1056,5536,1008,1456,False
ptg8lmto,x77cy643,0.2517556313517776,-1368,-5880,696,1112,False
ptg8lmto,x7u69zsw,0.3350772940479935,-1544,-5920,512,1072,False
ptg8lmto,xgj4xftb,0.23129862852222977,-816,5656,792,1336,False
ptg8lmto,xrv9xvzb,0.2848894757267091,-1408,-5968,672,1024,False
r17byphk,rxax5ozo,0.23405750944025355,-1112,5592,952,1400,False
r17byphk,tuy3zymq,0.27719352571473405,1504,-5512,568,1480,False
r17byphk,ufdvpb81,0.19529501524701723,1528,4680,544,2312,False
r17byphk,uhdslk0o,0.2302203574103328,1544,-5640,528,1352,False
r17byphk,utfgcjfa,0.2963132287843869,-1520,5968,544,1024,False
r17byphk,vc2whyaq,0.20355703860162916,-1552,5264,512,1728,False
r17byphk,x77cy643,0.20245541054556457,-1520,4928,544,2064,False
r17byphk,x7u69zsw,0.36045356823576274,-1192,5960,864,1032,False
r17byphk,xgj4xftb,0.28007575791923406,-920,4824,688,2168,False
r17byphk,xrv9xvzb,0.2318269238288835,1392,5808,680,1184,False
rxax5ozo,tuy3zymq,0.25129642512107103,-1544,-4456,512,2536,False
rxax5ozo,ufdvpb81,0.20375302384578164,-1568,-4784,512,2208,False
rxax5ozo,uhdslk0o,0.2651770986069087,-1040,-5568,832,1424,False
rxax5ozo,utfgcjfa,0.27737068327980613,-1008,-5328,1056,1664,False
rxax5ozo,vc2whyaq,0.1756651794307386,1520,-4424,544,2568,False
rxax5ozo,x77cy643,0.209116691095616,-1536,5968,528,1024,False
rxax5ozo,x7u69zsw,0.24232324527815693,-728,-5568,1328,1424,False
rxax5ozo,xgj4xftb,0.20604619023789736,960,5880,1104,1112,False
rxax5ozo,xrv9xvzb,0.21104125849004368,1552,4016,512,2976,False
tuy3zymq,ufdvpb81,0.20580078069140856,1264,5568,792,1424,False
tuy3zymq,uhdslk0o,0.20223516789468834,1264,5912,792,1080,False
tuy3zymq,utfgcjfa,0.21557691546286506,1528,4064,528,2928,False
tuy3zymq,vc2whyaq,0.2531055937726691,-1008,5160,1056,1832,False
tuy3zymq,x77cy643,0.26243672402354046,-1344,5968,720,1024,False
tuy3zymq,x7u69zsw,0.20248375169492364,1544,-5856,512,1136,False
tuy3zymq,xgj4xftb,0.32601471720020847,-896,5208,712,1784,False
tuy3zymq,xrv9xvzb,0.23046177555670186,1512,5016,544,1976,False
ufdvpb81,uhdslk0o,0.20528846655560598,-1328,4936,544,2056,False
ufdvpb81,utfgcjfa,0.21475305146501283,-1352,5928,712,1064,False
ufdvpb81,vc2whyaq,0.18080940689558203,-1104,5096,960,1896,False
ufdvpb81,x77cy643,0.20278950497215567,1504,-5824,576,1168,False
ufdvpb81,x7u69zsw,0.24646788402351905,-1544,4584,512,2408,False
ufdvpb81,xgj4xftb,0.16772994176470352,1544,3280,536,3712,False
ufdvpb81,xrv9xvzb,0.2217776559988053,1528,5888,552,1104,False
uhdslk0o,utfgcjfa,0.2137228975584747,1216,256,656,6736,False
uhdslk0o,vc2whyaq,0.2735575654494929,1360,-5968,512,1024,False
uhdslk0o,x77cy643,0.27724725967525543,1336,4800,536,2192,False
uhdslk0o,x7u69zsw,0.3500341536772577,-1344,5624,712,1368,False
uhdslk0o,xgj4xftb,0.20209894229113598,1120,-5064,752,1928,False
uhdslk0o,xrv9xvzb,0.25647553329027173,1032,-5672,840,1320,False
utfgcjfa,vc2whyaq,0.23703530613826443,-608,-5832,1456,1160,False
utfgcjfa,x77cy643,0.30712046193500164,-1248,5952,816,1040,False
utfgcjfa,x7u69zsw,0.24389420309701093,-1272,4672,784,2320,False
utfgcjfa,xgj4xftb,0.26928972496008624,1336,5248,728,1744,False
utfgcjfa,xrv9xvzb,0.29884174476951897,1296,5776,768,1216,False
vc2whyaq,x77cy643,0.308854847172909,-1400,5968,664,1024,False
vc2whyaq,x7u69zsw,0.24772340888780542,-1360,4712,696,2280,False
vc2whyaq,xgj4xftb,0.1964386834316089,920,-5144,1144,1848,False
vc2whyaq,xrv9xvzb,0.2114100767969403,-1312,5896,768,1096,False
x77cy643,x7u69zsw,0.285862940273105,-1368,-5720,688,1272,False
x77cy643,xgj4xftb,0.21631097680411215,1328,4168,736,2824,False
x77cy643,xrv9xvzb,0.18516583306420237,1288,4560,776,2432,False
x7u69zsw,xgj4xftb,0.2965543651567008,1512,4072,544,2920,False
x7u69zsw,xrv9xvzb,0.23174478361394316,1544,5328,512,1664,False
xgj4xftb,xrv9xvzb,0.19077597800574211,-1568,-5760,512,1232,False
