view,group,kpi,covariate,n,spearman_rho
all,pooled,pore_elong,H,31,-0.45229498393371154
all,Batch_1,pore_elong,H,7,-0.6666937223947137
all,Batch_2,pore_elong,H,7,-0.7207499701564473
all,Batch_3,pore_elong,H,17,-0.1740389132000812
all,pooled,pore_elong,bright_sep,30,0.3695044786027159
all,Batch_1,pore_elong,bright_sep,6,0.5217939320872036
all,Batch_2,pore_elong,bright_sep,7,0.5714285714285715
all,Batch_3,pore_elong,bright_sep,17,0.34655164004183603
all,pooled,pore_elong,bse_p1,31,0.17958778459194719
all,Batch_3,pore_elong,bse_p1,17,-0.09222488848146618
all,pooled,pore_elong,bse_std,31,-0.13629032258064516
all,Batch_1,pore_elong,bse_std,7,0.42857142857142866
all,Batch_2,pore_elong,bse_std,7,-0.5357142857142858
all,Batch_3,pore_elong,bse_std,17,0.029411764705882353
all,pooled,pore_elong,bse_empty_bin_frac,31,-0.20163500162429115
all,Batch_1,pore_elong,bse_empty_bin_frac,7,-0.28571428571428575
all,Batch_2,pore_elong,bse_empty_bin_frac,7,-0.6785714285714287
all,Batch_3,pore_elong,bse_empty_bin_frac,17,0.07649775146880605
all,pooled,pore_elong,etd_curtain_frac,31,0.30604838709677423
all,Batch_1,pore_elong,etd_curtain_frac,7,0.7857142857142859
all,Batch_2,pore_elong,etd_curtain_frac,7,-0.07142857142857144
all,Batch_3,pore_elong,etd_curtain_frac,17,0.15686274509803924
all,pooled,pore_elong,etd_boundary_sharpness,31,0.05241935483870968
all,Batch_1,pore_elong,etd_boundary_sharpness,7,0.39285714285714296
all,Batch_2,pore_elong,etd_boundary_sharpness,7,0.14285714285714288
all,Batch_3,pore_elong,etd_boundary_sharpness,17,-0.05392156862745098
all,pooled,pore_width_d90_d50,H,31,-0.1673592625114897
all,Batch_1,pore_width_d90_d50,H,7,0.23424374030084535
all,Batch_2,pore_width_d90_d50,H,7,-0.3243374865704013
all,Batch_3,pore_width_d90_d50,H,17,-0.08453318641146801
all,pooled,pore_width_d90_d50,bright_sep,30,0.1440062771593666
all,Batch_1,pore_width_d90_d50,bright_sep,6,-0.20291986247835697
all,Batch_2,pore_width_d90_d50,bright_sep,7,0.6071428571428572
all,Batch_3,pore_width_d90_d50,bright_sep,17,0.030942110718021075
all,pooled,pore_width_d90_d50,bse_p1,31,0.25294054167879887
all,Batch_3,pore_width_d90_d50,bse_p1,17,0.10967284035633817
all,pooled,pore_width_d90_d50,bse_std,31,-0.13024193548387097
all,Batch_1,pore_width_d90_d50,bse_std,7,-0.10714285714285716
all,Batch_2,pore_width_d90_d50,bse_std,7,0.0
all,Batch_3,pore_width_d90_d50,bse_std,17,0.0
all,pooled,pore_width_d90_d50,bse_empty_bin_frac,31,-0.18629540190112187
all,Batch_1,pore_width_d90_d50,bse_empty_bin_frac,7,0.03571428571428572
all,Batch_2,pore_width_d90_d50,bse_empty_bin_frac,7,-0.8571428571428573
all,Batch_3,pore_width_d90_d50,bse_empty_bin_frac,17,0.01727368581553685
all,pooled,pore_width_d90_d50,etd_curtain_frac,31,0.3258064516129032
all,Batch_1,pore_width_d90_d50,etd_curtain_frac,7,0.6071428571428572
all,Batch_2,pore_width_d90_d50,etd_curtain_frac,7,0.21428571428571433
all,Batch_3,pore_width_d90_d50,etd_curtain_frac,17,0.07107843137254903
all,pooled,pore_width_d90_d50,etd_boundary_sharpness,31,0.022983870967741935
all,Batch_1,pore_width_d90_d50,etd_boundary_sharpness,7,0.03571428571428572
all,Batch_2,pore_width_d90_d50,etd_boundary_sharpness,7,0.28571428571428575
all,Batch_3,pore_width_d90_d50,etd_boundary_sharpness,17,0.02696078431372549
all,pooled,pore_horizontal_alignment,H,31,-0.058282306654545375
all,Batch_1,pore_horizontal_alignment,H,7,-0.30631873731649006
all,Batch_2,pore_horizontal_alignment,H,7,-0.09009374626955591
all,Batch_3,pore_horizontal_alignment,H,17,0.0646430249028873
all,pooled,pore_horizontal_alignment,bright_sep,30,0.35945752903345773
all,Batch_1,pore_horizontal_alignment,bright_sep,6,0.23190841426097938
all,Batch_2,pore_horizontal_alignment,bright_sep,7,-0.25
all,Batch_3,pore_horizontal_alignment,bright_sep,17,0.6089407389306548
all,pooled,pore_horizontal_alignment,bse_p1,31,-0.29502064997627175
all,Batch_3,pore_horizontal_alignment,bse_p1,17,-0.6592833244148055
all,pooled,pore_horizontal_alignment,bse_std,31,0.28225806451612906
all,Batch_1,pore_horizontal_alignment,bse_std,7,0.6071428571428572
all,Batch_2,pore_horizontal_alignment,bse_std,7,-0.28571428571428575
all,Batch_3,pore_horizontal_alignment,bse_std,17,0.5759803921568628
all,pooled,pore_horizontal_alignment,bse_empty_bin_frac,31,0.28358075804016925
all,Batch_1,pore_horizontal_alignment,bse_empty_bin_frac,7,0.14285714285714288
all,Batch_2,pore_horizontal_alignment,bse_empty_bin_frac,7,-0.6785714285714287
all,Batch_3,pore_horizontal_alignment,bse_empty_bin_frac,17,0.630489532267095
all,pooled,pore_horizontal_alignment,etd_curtain_frac,31,-0.4322580645161291
all,Batch_1,pore_horizontal_alignment,etd_curtain_frac,7,0.10714285714285716
all,Batch_2,pore_horizontal_alignment,etd_curtain_frac,7,-0.7857142857142859
all,Batch_3,pore_horizontal_alignment,etd_curtain_frac,17,-0.5612745098039216
all,pooled,pore_horizontal_alignment,etd_boundary_sharpness,31,-0.11693548387096775
all,Batch_1,pore_horizontal_alignment,etd_boundary_sharpness,7,-0.28571428571428575
all,Batch_2,pore_horizontal_alignment,etd_boundary_sharpness,7,-0.10714285714285716
all,Batch_3,pore_horizontal_alignment,etd_boundary_sharpness,17,-0.01715686274509804
all,pooled,pore_alignment_strength,H,31,-0.08337607757525242
all,Batch_1,pore_alignment_strength,H,7,-0.30631873731649006
all,Batch_2,pore_alignment_strength,H,7,-0.09009374626955591
all,Batch_3,pore_alignment_strength,H,17,0.0646430249028873
all,pooled,pore_alignment_strength,bright_sep,30,0.3570016080276391
all,Batch_1,pore_alignment_strength,bright_sep,6,0.23190841426097938
all,Batch_2,pore_alignment_strength,bright_sep,7,-0.25
all,Batch_3,pore_alignment_strength,bright_sep,17,0.6138914766455381
all,pooled,pore_alignment_strength,bse_p1,31,-0.28559286615006196
all,Batch_3,pore_alignment_strength,bse_p1,17,-0.6630221712451353
all,pooled,pore_alignment_strength,bse_std,31,0.25282258064516133
all,Batch_1,pore_alignment_strength,bse_std,7,0.6071428571428572
all,Batch_2,pore_alignment_strength,bse_std,7,-0.28571428571428575
all,Batch_3,pore_alignment_strength,bse_std,17,0.5686274509803922
all,pooled,pore_alignment_strength,bse_empty_bin_frac,31,0.27046136354009026
all,Batch_1,pore_alignment_strength,bse_empty_bin_frac,7,0.14285714285714288
all,Batch_2,pore_alignment_strength,bse_empty_bin_frac,7,-0.6785714285714287
all,Batch_3,pore_alignment_strength,bse_empty_bin_frac,17,0.630489532267095
all,pooled,pore_alignment_strength,etd_curtain_frac,31,-0.4318548387096775
all,Batch_1,pore_alignment_strength,etd_curtain_frac,7,0.10714285714285716
all,Batch_2,pore_alignment_strength,etd_curtain_frac,7,-0.7857142857142859
all,Batch_3,pore_alignment_strength,etd_curtain_frac,17,-0.5490196078431373
all,pooled,pore_alignment_strength,etd_boundary_sharpness,31,-0.11088709677419356
all,Batch_1,pore_alignment_strength,etd_boundary_sharpness,7,-0.28571428571428575
all,Batch_2,pore_alignment_strength,etd_boundary_sharpness,7,-0.10714285714285716
all,Batch_3,pore_alignment_strength,etd_boundary_sharpness,17,-0.009803921568627453
all,pooled,bright_circ,H,29,-0.15240131324795433
all,Batch_1,bright_circ,H,5,-0.49999999999999994
all,Batch_2,bright_circ,H,7,-0.8108437164260032
all,Batch_3,bright_circ,H,17,0.28094853130870245
all,pooled,bright_circ,bright_sep,29,0.18669780152081525
all,Batch_1,bright_circ,bright_sep,5,0.46169025843831935
all,Batch_2,bright_circ,bright_sep,7,0.4642857142857144
all,Batch_3,bright_circ,bright_sep,17,0.23639772588568103
all,pooled,bright_circ,bse_p1,29,0.014619802411327825
all,Batch_3,bright_circ,bse_p1,17,-0.2629655603998563
all,pooled,bright_circ,bse_std,29,-0.10738916256157634
all,Batch_1,bright_circ,bse_std,5,-0.09999999999999999
all,Batch_2,bright_circ,bse_std,7,-0.21428571428571433
all,Batch_3,bright_circ,bse_std,17,0.1936274509803922
all,pooled,bright_circ,bse_empty_bin_frac,29,0.21975602905002328
all,Batch_1,bright_circ,bse_empty_bin_frac,5,-0.09999999999999999
all,Batch_2,bright_circ,bse_empty_bin_frac,7,-0.5
all,Batch_3,bright_circ,bse_empty_bin_frac,17,0.5515241113960695
all,pooled,bright_circ,etd_curtain_frac,29,-0.2280788177339901
all,Batch_1,bright_circ,etd_curtain_frac,5,-0.8999999999999998
all,Batch_2,bright_circ,etd_curtain_frac,7,0.3214285714285715
all,Batch_3,bright_circ,etd_curtain_frac,17,-0.37009803921568635
all,pooled,bright_circ,etd_boundary_sharpness,29,-0.012807881773399012
all,Batch_1,bright_circ,etd_boundary_sharpness,5,0.49999999999999994
all,Batch_2,bright_circ,etd_boundary_sharpness,7,0.1785714285714286
all,Batch_3,bright_circ,etd_boundary_sharpness,17,-0.07843137254901962
all,pooled,bright_solidity,H,29,-0.36838564192565587
all,Batch_1,bright_solidity,H,5,-0.09999999999999999
all,Batch_2,bright_solidity,H,7,-0.9549937104572925
all,Batch_3,bright_solidity,H,17,-0.16409383244579084
all,pooled,bright_solidity,bright_sep,29,0.288825208180546
all,Batch_1,bright_solidity,bright_sep,5,-0.6668859288553501
all,Batch_2,bright_solidity,bright_sep,7,0.28571428571428575
all,Batch_3,bright_solidity,bright_sep,17,0.5235405133489165
all,pooled,bright_solidity,bse_p1,29,0.023446852923827644
all,Batch_3,bright_solidity,bse_p1,17,-0.24427132624820772
all,pooled,bright_solidity,bse_std,29,-0.09950738916256155
all,Batch_1,bright_solidity,bse_std,5,-0.49999999999999994
all,Batch_2,bright_solidity,bse_std,7,-0.5
all,Batch_3,bright_solidity,bse_std,17,0.24019607843137256
all,pooled,bright_solidity,bse_empty_bin_frac,29,0.2826491686771343
all,Batch_1,bright_solidity,bse_empty_bin_frac,5,-0.8999999999999998
all,Batch_2,bright_solidity,bse_empty_bin_frac,7,-0.3214285714285715
all,Batch_3,bright_solidity,bse_empty_bin_frac,17,0.5675639625104966
all,pooled,bright_solidity,etd_curtain_frac,29,-0.19408866995073887
all,Batch_1,bright_solidity,etd_curtain_frac,5,-0.49999999999999994
all,Batch_2,bright_solidity,etd_curtain_frac,7,-0.07142857142857144
all,Batch_3,bright_solidity,etd_curtain_frac,17,-0.35539215686274517
all,pooled,bright_solidity,etd_boundary_sharpness,29,-0.22413793103448273
all,Batch_1,bright_solidity,etd_boundary_sharpness,5,-0.09999999999999999
all,Batch_2,bright_solidity,etd_boundary_sharpness,7,-0.07142857142857144
all,Batch_3,bright_solidity,etd_boundary_sharpness,17,-0.32598039215686275
all,pooled,bright_width_d90_d10,H,29,-0.20064523546118662
all,Batch_1,bright_width_d90_d10,H,5,-0.8999999999999998
all,Batch_2,bright_width_d90_d10,H,7,0.23424374030084535
all,Batch_3,bright_width_d90_d10,H,17,-0.3269445297972953
all,pooled,bright_width_d90_d10,bright_sep,29,-0.2537111845832536
all,Batch_1,bright_width_d90_d10,bright_sep,5,0.20519567041703082
all,Batch_2,bright_width_d90_d10,bright_sep,7,-0.5714285714285715
all,Batch_3,bright_width_d90_d10,bright_sep,17,-0.15347286916138453
all,pooled,bright_width_d90_d10,bse_p1,29,0.3257733329769464
all,Batch_3,bright_width_d90_d10,bse_p1,17,0.4361987968717995
all,pooled,bright_width_d90_d10,bse_std,29,-0.29211822660098513
all,Batch_1,bright_width_d90_d10,bse_std,5,0.6
all,Batch_2,bright_width_d90_d10,bse_std,7,-0.5
all,Batch_3,bright_width_d90_d10,bse_std,17,-0.2916666666666667
all,pooled,bright_width_d90_d10,bse_empty_bin_frac,29,-0.13836490717964428
all,Batch_1,bright_width_d90_d10,bse_empty_bin_frac,5,-0.09999999999999999
all,Batch_2,bright_width_d90_d10,bse_empty_bin_frac,7,0.03571428571428572
all,Batch_3,bright_width_d90_d10,bse_empty_bin_frac,17,-0.3059910058752242
all,pooled,bright_width_d90_d10,etd_curtain_frac,29,0.06354679802955664
all,Batch_1,bright_width_d90_d10,etd_curtain_frac,5,-0.6
all,Batch_2,bright_width_d90_d10,etd_curtain_frac,7,-0.8571428571428573
all,Batch_3,bright_width_d90_d10,etd_curtain_frac,17,0.23529411764705882
all,pooled,bright_width_d90_d10,etd_boundary_sharpness,29,-0.12216748768472901
all,Batch_1,bright_width_d90_d10,etd_boundary_sharpness,5,0.09999999999999999
all,Batch_2,bright_width_d90_d10,etd_boundary_sharpness,7,-0.03571428571428572
all,Batch_3,bright_width_d90_d10,etd_boundary_sharpness,17,-0.07843137254901962
all,pooled,bright_aspect_aw,H,29,0.15710200310462827
all,Batch_1,bright_aspect_aw,H,5,0.6
all,Batch_2,bright_aspect_aw,H,7,0.5585812268712466
all,Batch_3,bright_aspect_aw,H,17,-0.001243135094286294
all,pooled,bright_aspect_aw,bright_sep,29,-0.3375397338753813
all,Batch_1,bright_aspect_aw,bright_sep,5,-0.8720815992723809
all,Batch_2,bright_aspect_aw,bright_sep,7,-0.7500000000000002
all,Batch_3,bright_aspect_aw,bright_sep,17,-0.1349076027305719
all,pooled,bright_aspect_aw,bse_p1,29,-0.009654586498046677
all,Batch_3,bright_aspect_aw,bse_p1,17,0.03988103285685024
all,pooled,bright_aspect_aw,bse_std,29,0.020197044334975364
all,Batch_1,bright_aspect_aw,bse_std,5,-0.49999999999999994
all,Batch_2,bright_aspect_aw,bse_std,7,0.03571428571428572
all,Batch_3,bright_aspect_aw,bse_std,17,-0.17401960784313728
all,pooled,bright_aspect_aw,bse_empty_bin_frac,29,-0.09372311003255762
all,Batch_1,bright_aspect_aw,bse_empty_bin_frac,5,-0.6
all,Batch_2,bright_aspect_aw,bse_empty_bin_frac,7,-0.21428571428571433
all,Batch_3,bright_aspect_aw,bse_empty_bin_frac,17,0.003701504103329325
all,pooled,bright_aspect_aw,etd_curtain_frac,29,-0.167487684729064
all,Batch_1,bright_aspect_aw,etd_curtain_frac,5,0.49999999999999994
all,Batch_2,bright_aspect_aw,etd_curtain_frac,7,-0.8571428571428573
all,Batch_3,bright_aspect_aw,etd_curtain_frac,17,0.08823529411764706
all,pooled,bright_aspect_aw,etd_boundary_sharpness,29,-0.04630541871921181
all,Batch_1,bright_aspect_aw,etd_boundary_sharpness,5,-0.39999999999999997
all,Batch_2,bright_aspect_aw,etd_boundary_sharpness,7,-0.14285714285714288
all,Batch_3,bright_aspect_aw,etd_boundary_sharpness,17,0.09803921568627452
all,pooled,bright_horizontal_alignment,H,29,-0.09896189171945087
all,Batch_1,bright_horizontal_alignment,H,5,-0.8999999999999998
all,Batch_2,bright_horizontal_alignment,H,7,0.2882999880625789
all,Batch_3,bright_horizontal_alignment,H,17,-0.1292860498057746
all,pooled,bright_horizontal_alignment,bright_sep,29,0.37784667645537184
all,Batch_1,bright_horizontal_alignment,bright_sep,5,-0.051298917604257706
all,Batch_2,bright_horizontal_alignment,bright_sep,7,-0.3214285714285715
all,Batch_3,bright_horizontal_alignment,bright_sep,17,0.6510220095071634
all,pooled,bright_horizontal_alignment,bse_p1,29,-0.4308704031413974
all,Batch_3,bright_horizontal_alignment,bse_p1,17,-0.38385494124718356
all,pooled,bright_horizontal_alignment,bse_std,29,0.4758620689655172
all,Batch_1,bright_horizontal_alignment,bse_std,5,0.6
all,Batch_2,bright_horizontal_alignment,bse_std,7,-0.1785714285714286
all,Batch_3,bright_horizontal_alignment,bse_std,17,0.5833333333333334
all,pooled,bright_horizontal_alignment,bse_empty_bin_frac,29,0.35269486143830897
all,Batch_1,bright_horizontal_alignment,bse_empty_bin_frac,5,0.09999999999999999
all,Batch_2,bright_horizontal_alignment,bse_empty_bin_frac,7,-0.03571428571428572
all,Batch_3,bright_horizontal_alignment,bse_empty_bin_frac,17,0.482429368133922
all,pooled,bright_horizontal_alignment,etd_curtain_frac,29,-0.25221674876847283
all,Batch_1,bright_horizontal_alignment,etd_curtain_frac,5,-0.6
all,Batch_2,bright_horizontal_alignment,etd_curtain_frac,7,-0.28571428571428575
all,Batch_3,bright_horizontal_alignment,etd_curtain_frac,17,-0.26715686274509803
all,pooled,bright_horizontal_alignment,etd_boundary_sharpness,29,0.2753694581280787
all,Batch_1,bright_horizontal_alignment,etd_boundary_sharpness,5,-0.39999999999999997
all,Batch_2,bright_horizontal_alignment,etd_boundary_sharpness,7,0.25
all,Batch_3,bright_horizontal_alignment,etd_boundary_sharpness,17,0.18627450980392157
all,pooled,bright_alignment_strength,H,29,-0.008906570254750577
all,Batch_1,bright_alignment_strength,H,5,-0.39999999999999997
all,Batch_2,bright_alignment_strength,H,7,0.2882999880625789
all,Batch_3,bright_alignment_strength,H,17,-0.011188215848576648
all,pooled,bright_alignment_strength,bright_sep,29,0.2895670537495029
all,Batch_1,bright_alignment_strength,bright_sep,5,-0.35909242322980395
all,Batch_2,bright_alignment_strength,bright_sep,7,-0.3214285714285715
all,Batch_3,bright_alignment_strength,bright_sep,17,0.44185334105334095
all,pooled,bright_alignment_strength,bse_p1,29,-0.30453324268124377
all,Batch_3,bright_alignment_strength,bse_p1,17,-0.16450926053450723
all,pooled,bright_alignment_strength,bse_std,29,0.3812807881773398
all,Batch_1,bright_alignment_strength,bse_std,5,0.49999999999999994
all,Batch_2,bright_alignment_strength,bse_std,7,-0.1785714285714286
all,Batch_3,bright_alignment_strength,bse_std,17,0.42401960784313725
all,pooled,bright_alignment_strength,bse_empty_bin_frac,29,0.39141730426754984
all,Batch_1,bright_alignment_strength,bse_empty_bin_frac,5,0.39999999999999997
all,Batch_2,bright_alignment_strength,bse_empty_bin_frac,7,-0.03571428571428572
all,Batch_3,bright_alignment_strength,bse_empty_bin_frac,17,0.4528173353072875
all,pooled,bright_alignment_strength,etd_curtain_frac,29,-0.1527093596059113
all,Batch_1,bright_alignment_strength,etd_curtain_frac,5,0.0
all,Batch_2,bright_alignment_strength,etd_curtain_frac,7,-0.28571428571428575
all,Batch_3,bright_alignment_strength,etd_curtain_frac,17,-0.14215686274509806
all,pooled,bright_alignment_strength,etd_boundary_sharpness,29,0.2852216748768472
all,Batch_1,bright_alignment_strength,etd_boundary_sharpness,5,-0.8999999999999998
all,Batch_2,bright_alignment_strength,etd_boundary_sharpness,7,0.25
all,Batch_3,bright_alignment_strength,etd_boundary_sharpness,17,0.2573529411764706
all,pooled,bright_nn_csr_ratio,H,29,-0.054676445174996605
all,Batch_1,bright_nn_csr_ratio,H,5,0.09999999999999999
all,Batch_2,bright_nn_csr_ratio,H,7,-0.5585812268712466
all,Batch_3,bright_nn_csr_ratio,H,17,0.126799779617202
all,pooled,bright_nn_csr_ratio,bright_sep,29,0.14243434923972131
all,Batch_1,bright_nn_csr_ratio,bright_sep,5,-0.41039134083406165
all,Batch_2,bright_nn_csr_ratio,bright_sep,7,0.7500000000000002
all,Batch_3,bright_nn_csr_ratio,bright_sep,17,-0.06312190586476299
all,pooled,bright_nn_csr_ratio,bse_p1,29,-0.10951059542070088
all,Batch_3,bright_nn_csr_ratio,bse_p1,17,-0.16450926053450723
all,pooled,bright_nn_csr_ratio,bse_std,29,0.06354679802955664
all,Batch_1,bright_nn_csr_ratio,bse_std,5,0.39999999999999997
all,Batch_2,bright_nn_csr_ratio,bse_std,7,-0.03571428571428572
all,Batch_3,bright_nn_csr_ratio,bse_std,17,0.21078431372549022
all,pooled,bright_nn_csr_ratio,bse_empty_bin_frac,29,0.09692942695472406
all,Batch_1,bright_nn_csr_ratio,bse_empty_bin_frac,5,0.49999999999999994
all,Batch_2,bright_nn_csr_ratio,bse_empty_bin_frac,7,0.21428571428571433
all,Batch_3,bright_nn_csr_ratio,bse_empty_bin_frac,17,-0.023442859321085727
all,pooled,bright_nn_csr_ratio,etd_curtain_frac,29,0.17832512315270932
all,Batch_1,bright_nn_csr_ratio,etd_curtain_frac,5,0.6
all,Batch_2,bright_nn_csr_ratio,etd_curtain_frac,7,0.8571428571428573
all,Batch_3,bright_nn_csr_ratio,etd_curtain_frac,17,-0.14950980392156862
all,pooled,bright_nn_csr_ratio,etd_boundary_sharpness,29,0.022660098522167483
all,Batch_1,bright_nn_csr_ratio,etd_boundary_sharpness,5,-0.8999999999999998
all,Batch_2,bright_nn_csr_ratio,etd_boundary_sharpness,7,0.14285714285714288
all,Batch_3,bright_nn_csr_ratio,etd_boundary_sharpness,17,-0.014705882352941176
all,pooled,bright_nn_mean_px,H,29,-0.23429227864579993
all,Batch_1,bright_nn_mean_px,H,5,-0.3
all,Batch_2,bright_nn_mean_px,H,7,-0.8108437164260032
all,Batch_3,bright_nn_mean_px,H,17,-0.053454809054310645
all,pooled,bright_nn_mean_px,bright_sep,29,0.4255720747249312
all,Batch_1,bright_nn_mean_px,bright_sep,5,-0.35909242322980395
all,Batch_2,bright_nn_mean_px,bright_sep,7,0.6785714285714287
all,Batch_3,bright_nn_mean_px,bright_sep,17,0.3985343860481115
all,pooled,bright_nn_mean_px,bse_p1,29,-0.20743568704374574
all,Batch_3,bright_nn_mean_px,bse_p1,17,-0.4835575233893092
all,pooled,bright_nn_mean_px,bse_std,29,0.08128078817733987
all,Batch_1,bright_nn_mean_px,bse_std,5,-0.3
all,Batch_2,bright_nn_mean_px,bse_std,7,-0.3571428571428572
all,Batch_3,bright_nn_mean_px,bse_std,17,0.4607843137254902
all,pooled,bright_nn_mean_px,bse_empty_bin_frac,29,0.17560751142942377
all,Batch_1,bright_nn_mean_px,bse_empty_bin_frac,5,-0.3
all,Batch_2,bright_nn_mean_px,bse_empty_bin_frac,7,0.0
all,Batch_3,bright_nn_mean_px,bse_empty_bin_frac,17,0.2603391219341626
all,pooled,bright_nn_mean_px,etd_curtain_frac,29,-0.00689655172413793
all,Batch_1,bright_nn_mean_px,etd_curtain_frac,5,-0.7
all,Batch_2,bright_nn_mean_px,etd_curtain_frac,7,0.6071428571428572
all,Batch_3,bright_nn_mean_px,etd_curtain_frac,17,-0.30147058823529416
all,pooled,bright_nn_mean_px,etd_boundary_sharpness,29,0.08128078817733987
all,Batch_1,bright_nn_mean_px,etd_boundary_sharpness,5,-0.3
all,Batch_2,bright_nn_mean_px,etd_boundary_sharpness,7,0.25
all,Batch_3,bright_nn_mean_px,etd_boundary_sharpness,17,-0.03676470588235294
all,pooled,profile_pore_abs_slope,H,31,-0.1473247195989897
all,Batch_1,profile_pore_abs_slope,H,7,-0.41443123283995714
all,Batch_2,profile_pore_abs_slope,H,7,-0.198206241793023
all,Batch_3,profile_pore_abs_slope,H,17,0.11934096905148425
all,pooled,profile_pore_abs_slope,bright_sep,30,0.3328889290614196
all,Batch_1,profile_pore_abs_slope,bright_sep,6,0.46381682852195877
all,Batch_2,profile_pore_abs_slope,bright_sep,7,0.21428571428571433
all,Batch_3,profile_pore_abs_slope,bright_sep,17,0.40348512376299484
all,pooled,profile_pore_abs_slope,bse_p1,31,-0.14923491959049132
all,Batch_3,profile_pore_abs_slope,bse_p1,17,-0.37637724758652413
all,pooled,profile_pore_abs_slope,bse_std,31,0.3548387096774194
all,Batch_1,profile_pore_abs_slope,bse_std,7,0.9285714285714288
all,Batch_2,profile_pore_abs_slope,bse_std,7,0.39285714285714296
all,Batch_3,profile_pore_abs_slope,bse_std,17,0.411764705882353
all,pooled,profile_pore_abs_slope,bse_empty_bin_frac,31,0.08901004576207447
all,Batch_1,profile_pore_abs_slope,bse_empty_bin_frac,7,0.25
all,Batch_2,profile_pore_abs_slope,bse_empty_bin_frac,7,0.21428571428571433
all,Batch_3,profile_pore_abs_slope,bse_empty_bin_frac,17,0.1628661805464903
all,pooled,profile_pore_abs_slope,etd_curtain_frac,31,0.031854838709677424
all,Batch_1,profile_pore_abs_slope,etd_curtain_frac,7,0.21428571428571433
all,Batch_2,profile_pore_abs_slope,etd_curtain_frac,7,0.5714285714285715
all,Batch_3,profile_pore_abs_slope,etd_curtain_frac,17,-0.07843137254901962
all,pooled,profile_pore_abs_slope,etd_boundary_sharpness,31,-0.06088709677419355
all,Batch_1,profile_pore_abs_slope,etd_boundary_sharpness,7,-0.21428571428571433
all,Batch_2,profile_pore_abs_slope,etd_boundary_sharpness,7,-0.3571428571428572
all,Batch_3,profile_pore_abs_slope,etd_boundary_sharpness,17,0.11029411764705883
all,pooled,profile_bright_abs_slope,H,29,-0.005690308773868425
all,Batch_1,profile_bright_abs_slope,H,5,0.39999999999999997
all,Batch_2,profile_bright_abs_slope,H,7,0.5225437283634242
all,Batch_3,profile_bright_abs_slope,H,17,-0.2859210716858477
all,pooled,profile_bright_abs_slope,bright_sep,29,-0.09248341426329128
all,Batch_1,profile_bright_abs_slope,bright_sep,5,0.35909242322980395
all,Batch_2,profile_bright_abs_slope,bright_sep,7,-0.8571428571428573
all,Batch_3,profile_bright_abs_slope,bright_sep,17,0.0779741190094131
all,pooled,profile_bright_abs_slope,bse_p1,29,0.003861834599218671
all,Batch_3,profile_bright_abs_slope,bse_p1,17,0.23554735031077173
all,pooled,profile_bright_abs_slope,bse_std,29,-0.049753694581280775
all,Batch_1,profile_bright_abs_slope,bse_std,5,-0.49999999999999994
all,Batch_2,profile_bright_abs_slope,bse_std,7,-0.03571428571428572
all,Batch_3,profile_bright_abs_slope,bse_std,17,-0.1936274509803922
all,pooled,profile_bright_abs_slope,bse_empty_bin_frac,29,-0.0993958245871598
all,Batch_1,profile_bright_abs_slope,bse_empty_bin_frac,5,-0.39999999999999997
all,Batch_2,profile_bright_abs_slope,bse_empty_bin_frac,7,0.5357142857142858
all,Batch_3,profile_bright_abs_slope,bse_empty_bin_frac,17,-0.1924782133731249
all,pooled,profile_bright_abs_slope,etd_curtain_frac,29,-0.12364532019704431
all,Batch_1,profile_bright_abs_slope,etd_curtain_frac,5,0.0
all,Batch_2,profile_bright_abs_slope,etd_curtain_frac,7,-0.6071428571428572
all,Batch_3,profile_bright_abs_slope,etd_curtain_frac,17,0.12500000000000003
all,pooled,profile_bright_abs_slope,etd_boundary_sharpness,29,-0.2009852216748768
all,Batch_1,profile_bright_abs_slope,etd_boundary_sharpness,5,0.8999999999999998
all,Batch_2,profile_bright_abs_slope,etd_boundary_sharpness,7,-0.1785714285714286
all,Batch_3,profile_bright_abs_slope,etd_boundary_sharpness,17,-0.5416666666666667
all,pooled,corr_len_px,H,31,-0.12133860958477695
all,Batch_1,corr_len_px,H,7,-0.5229577884350213
all,Batch_2,corr_len_px,H,7,-0.4909090909090909
all,Batch_3,corr_len_px,H,17,0.3095787117704629
all,pooled,corr_len_px,bright_sep,30,0.19685778092455003
all,Batch_1,corr_len_px,bright_sep,6,0.38810293211724584
all,Batch_2,corr_len_px,bright_sep,7,0.6126374746329801
all,Batch_3,corr_len_px,bright_sep,17,0.22167028921708945
all,pooled,corr_len_px,bse_p1,31,0.01987780988239032
all,Batch_3,corr_len_px,bse_p1,17,-0.41757857796926745
all,pooled,corr_len_px,bse_std,31,0.06748494203802373
all,Batch_1,corr_len_px,bse_std,7,0.6546536707079773
all,Batch_2,corr_len_px,bse_std,7,-0.41443123283995714
all,Batch_3,corr_len_px,bse_std,17,0.31566567869731943
all,pooled,corr_len_px,bse_empty_bin_frac,31,0.1529734646185143
all,Batch_1,corr_len_px,bse_empty_bin_frac,7,-0.0181848241863327
all,Batch_2,corr_len_px,bse_empty_bin_frac,7,-0.6306562238868914
all,Batch_3,corr_len_px,bse_empty_bin_frac,17,0.44072013456527676
all,pooled,corr_len_px,etd_curtain_frac,31,0.0044584646391487145
all,Batch_1,corr_len_px,etd_curtain_frac,7,0.7092081432669753
all,Batch_2,corr_len_px,etd_curtain_frac,7,-0.03603749850782236
all,Batch_3,corr_len_px,etd_curtain_frac,17,-0.3131995405824966
all,pooled,corr_len_px,etd_boundary_sharpness,31,-0.03303316982642003
all,Batch_1,corr_len_px,etd_boundary_sharpness,7,0.10910894511799621
all,Batch_2,corr_len_px,etd_boundary_sharpness,7,0.14414999403128945
all,Batch_3,corr_len_px,etd_boundary_sharpness,17,0.2182532231618185
all,pooled,fft_slope,H,31,0.07831684956704536
all,Batch_1,fft_slope,H,7,0.5225437283634242
all,Batch_2,fft_slope,H,7,0.3783937343321348
all,Batch_3,fft_slope,H,17,-0.380399338851606
all,pooled,fft_slope,bright_sep,30,0.379551428171974
all,Batch_1,fft_slope,bright_sep,6,0.028988551782622423
all,Batch_2,fft_slope,bright_sep,7,-0.14285714285714288
all,Batch_3,fft_slope,bright_sep,17,0.5656217839254253
all,pooled,fft_slope,bse_p1,31,-0.41873156945190243
all,Batch_3,fft_slope,bse_p1,17,-0.29287633504249394
all,pooled,fft_slope,bse_std,31,0.4467741935483871
all,Batch_1,fft_slope,bse_std,7,0.14285714285714288
all,Batch_2,fft_slope,bse_std,7,-0.03571428571428572
all,Batch_3,fft_slope,bse_std,17,0.48774509803921573
all,pooled,fft_slope,bse_empty_bin_frac,31,0.0718539144927404
all,Batch_1,fft_slope,bse_empty_bin_frac,7,0.7142857142857144
all,Batch_2,fft_slope,bse_empty_bin_frac,7,-0.07142857142857144
all,Batch_3,fft_slope,bse_empty_bin_frac,17,0.05799023095215943
all,pooled,fft_slope,etd_curtain_frac,31,-0.2705645161290323
all,Batch_1,fft_slope,etd_curtain_frac,7,-0.642857142857143
all,Batch_2,fft_slope,etd_curtain_frac,7,0.07142857142857144
all,Batch_3,fft_slope,etd_curtain_frac,17,-0.17892156862745098
all,pooled,fft_slope,etd_boundary_sharpness,31,0.22580645161290325
all,Batch_1,fft_slope,etd_boundary_sharpness,7,-0.3571428571428572
all,Batch_2,fft_slope,etd_boundary_sharpness,7,0.7500000000000002
all,Batch_3,fft_slope,etd_boundary_sharpness,17,-0.04166666666666667
quality_matched,pooled,pore_elong,H,25,-0.4101327392269323
quality_matched,Batch_1,pore_elong,H,5,-0.09999999999999999
quality_matched,Batch_2,pore_elong,H,7,-0.7207499701564473
quality_matched,Batch_3,pore_elong,H,13,-0.24899220808978614
quality_matched,pooled,pore_elong,bright_sep,25,0.17865691047838597
quality_matched,Batch_1,pore_elong,bright_sep,5,0.15389675281277312
quality_matched,Batch_2,pore_elong,bright_sep,7,0.5714285714285715
quality_matched,Batch_3,pore_elong,bright_sep,13,-0.02234950781338371
quality_matched,pooled,pore_elong,bse_p1,25,0.3990568182689956
quality_matched,Batch_3,pore_elong,bse_p1,13,0.3905813707021956
quality_matched,pooled,pore_elong,bse_std,25,-0.2530769230769231
quality_matched,Batch_1,pore_elong,bse_std,5,0.6
quality_matched,Batch_2,pore_elong,bse_std,7,-0.5357142857142858
quality_matched,Batch_3,pore_elong,bse_std,13,-0.4175824175824176
quality_matched,pooled,pore_elong,bse_empty_bin_frac,25,-0.37122524248924804
quality_matched,Batch_1,pore_elong,bse_empty_bin_frac,5,0.8999999999999998
quality_matched,Batch_2,pore_elong,bse_empty_bin_frac,7,-0.6785714285714287
quality_matched,Batch_3,pore_elong,bse_empty_bin_frac,13,-0.42641030710756533
quality_matched,pooled,pore_elong,etd_curtain_frac,25,0.2946153846153846
quality_matched,Batch_1,pore_elong,etd_curtain_frac,5,0.39999999999999997
quality_matched,Batch_2,pore_elong,etd_curtain_frac,7,-0.07142857142857144
quality_matched,Batch_3,pore_elong,etd_curtain_frac,13,0.3681318681318681
quality_matched,pooled,pore_elong,etd_boundary_sharpness,25,-0.023846153846153843
quality_matched,Batch_1,pore_elong,etd_boundary_sharpness,5,-0.6
quality_matched,Batch_2,pore_elong,etd_boundary_sharpness,7,0.14285714285714288
quality_matched,Batch_3,pore_elong,etd_boundary_sharpness,13,-0.08241758241758242
quality_matched,pooled,pore_width_d90_d50,H,25,-0.07460473013270304
quality_matched,Batch_1,pore_width_d90_d50,H,5,0.7
quality_matched,Batch_2,pore_width_d90_d50,H,7,-0.3243374865704013
quality_matched,Batch_3,pore_width_d90_d50,H,13,-0.07553696200476659
quality_matched,pooled,pore_width_d90_d50,bright_sep,25,0.2598645970594705
quality_matched,Batch_1,pore_width_d90_d50,bright_sep,5,-0.20519567041703082
quality_matched,Batch_2,pore_width_d90_d50,bright_sep,7,0.6071428571428572
quality_matched,Batch_3,pore_width_d90_d50,bright_sep,13,-0.0027936884766729636
quality_matched,pooled,pore_width_d90_d50,bse_p1,25,0.1995284091344978
quality_matched,Batch_3,pore_width_d90_d50,bse_p1,13,0.14824986333222023
quality_matched,pooled,pore_width_d90_d50,bse_std,25,-0.02692307692307692
quality_matched,Batch_1,pore_width_d90_d50,bse_std,5,0.0
quality_matched,Batch_2,pore_width_d90_d50,bse_std,7,0.0
quality_matched,Batch_3,pore_width_d90_d50,bse_std,13,-0.06593406593406594
quality_matched,pooled,pore_width_d90_d50,bse_empty_bin_frac,25,-0.11425274302518827
quality_matched,Batch_1,pore_width_d90_d50,bse_empty_bin_frac,5,0.3
quality_matched,Batch_2,pore_width_d90_d50,bse_empty_bin_frac,7,-0.8571428571428573
quality_matched,Batch_3,pore_width_d90_d50,bse_empty_bin_frac,13,0.005502068478807295
quality_matched,pooled,pore_width_d90_d50,etd_curtain_frac,25,0.29384615384615387
quality_matched,Batch_1,pore_width_d90_d50,etd_curtain_frac,5,0.9999999999999999
quality_matched,Batch_2,pore_width_d90_d50,etd_curtain_frac,7,0.21428571428571433
quality_matched,Batch_3,pore_width_d90_d50,etd_curtain_frac,13,0.12637362637362637
quality_matched,pooled,pore_width_d90_d50,etd_boundary_sharpness,25,0.0
quality_matched,Batch_1,pore_width_d90_d50,etd_boundary_sharpness,5,-0.3
quality_matched,Batch_2,pore_width_d90_d50,etd_boundary_sharpness,7,0.28571428571428575
quality_matched,Batch_3,pore_width_d90_d50,etd_boundary_sharpness,13,0.054945054945054944
quality_matched,pooled,pore_horizontal_alignment,H,25,-0.21531002426899273
quality_matched,Batch_1,pore_horizontal_alignment,H,5,-0.3
quality_matched,Batch_2,pore_horizontal_alignment,H,7,-0.09009374626955591
quality_matched,Batch_3,pore_horizontal_alignment,H,13,-0.13988326297178996
quality_matched,pooled,pore_horizontal_alignment,bright_sep,25,-0.05027142502638566
quality_matched,Batch_1,pore_horizontal_alignment,bright_sep,5,-0.35909242322980395
quality_matched,Batch_2,pore_horizontal_alignment,bright_sep,7,-0.25
quality_matched,Batch_3,pore_horizontal_alignment,bright_sep,13,0.15644655469368596
quality_matched,pooled,pore_horizontal_alignment,bse_p1,25,-0.0032557083075559073
quality_matched,Batch_3,pore_horizontal_alignment,bse_p1,13,-0.2736920553825604
quality_matched,pooled,pore_horizontal_alignment,bse_std,25,-0.049999999999999996
quality_matched,Batch_1,pore_horizontal_alignment,bse_std,5,0.19999999999999998
quality_matched,Batch_2,pore_horizontal_alignment,bse_std,7,-0.28571428571428575
quality_matched,Batch_3,pore_horizontal_alignment,bse_std,13,0.07142857142857142
quality_matched,pooled,pore_horizontal_alignment,bse_empty_bin_frac,25,0.03693017956369722
quality_matched,Batch_1,pore_horizontal_alignment,bse_empty_bin_frac,5,0.3
quality_matched,Batch_2,pore_horizontal_alignment,bse_empty_bin_frac,7,-0.6785714285714287
quality_matched,Batch_3,pore_horizontal_alignment,bse_empty_bin_frac,13,0.18982136251885168
quality_matched,pooled,pore_horizontal_alignment,etd_curtain_frac,25,-0.3646153846153847
quality_matched,Batch_1,pore_horizontal_alignment,etd_curtain_frac,5,-0.19999999999999998
quality_matched,Batch_2,pore_horizontal_alignment,etd_curtain_frac,7,-0.7857142857142859
quality_matched,Batch_3,pore_horizontal_alignment,etd_curtain_frac,13,-0.24175824175824176
quality_matched,pooled,pore_horizontal_alignment,etd_boundary_sharpness,25,-0.29000000000000004
quality_matched,Batch_1,pore_horizontal_alignment,etd_boundary_sharpness,5,-0.7999999999999999
quality_matched,Batch_2,pore_horizontal_alignment,etd_boundary_sharpness,7,-0.10714285714285716
quality_matched,Batch_3,pore_horizontal_alignment,etd_boundary_sharpness,13,-0.1868131868131868
quality_matched,pooled,pore_alignment_strength,H,25,-0.24082252265634196
quality_matched,Batch_1,pore_alignment_strength,H,5,-0.3
quality_matched,Batch_2,pore_alignment_strength,H,7,-0.09009374626955591
quality_matched,Batch_3,pore_alignment_strength,H,13,-0.13988326297178996
quality_matched,pooled,pore_alignment_strength,bright_sep,25,-0.04717779887091577
quality_matched,Batch_1,pore_alignment_strength,bright_sep,5,-0.35909242322980395
quality_matched,Batch_2,pore_alignment_strength,bright_sep,7,-0.25
quality_matched,Batch_3,pore_alignment_strength,bright_sep,13,0.15644655469368596
quality_matched,pooled,pore_alignment_strength,bse_p1,25,-0.0009302023735874022
quality_matched,Batch_3,pore_alignment_strength,bse_p1,13,-0.2736920553825604
quality_matched,pooled,pore_alignment_strength,bse_std,25,-0.09
quality_matched,Batch_1,pore_alignment_strength,bse_std,5,0.19999999999999998
quality_matched,Batch_2,pore_alignment_strength,bse_std,7,-0.28571428571428575
quality_matched,Batch_3,pore_alignment_strength,bse_std,13,0.07142857142857142
quality_matched,pooled,pore_alignment_strength,bse_empty_bin_frac,25,0.03154452837732471
quality_matched,Batch_1,pore_alignment_strength,bse_empty_bin_frac,5,0.3
quality_matched,Batch_2,pore_alignment_strength,bse_empty_bin_frac,7,-0.6785714285714287
quality_matched,Batch_3,pore_alignment_strength,bse_empty_bin_frac,13,0.18982136251885168
quality_matched,pooled,pore_alignment_strength,etd_curtain_frac,25,-0.38
quality_matched,Batch_1,pore_alignment_strength,etd_curtain_frac,5,-0.19999999999999998
quality_matched,Batch_2,pore_alignment_strength,etd_curtain_frac,7,-0.7857142857142859
quality_matched,Batch_3,pore_alignment_strength,etd_curtain_frac,13,-0.24175824175824176
quality_matched,pooled,pore_alignment_strength,etd_boundary_sharpness,25,-0.2684615384615385
quality_matched,Batch_1,pore_alignment_strength,etd_boundary_sharpness,5,-0.7999999999999999
quality_matched,Batch_2,pore_alignment_strength,etd_boundary_sharpness,7,-0.10714285714285716
quality_matched,Batch_3,pore_alignment_strength,etd_boundary_sharpness,13,-0.1868131868131868
quality_matched,pooled,bright_circ,H,25,-0.22420074340397805
quality_matched,Batch_1,bright_circ,H,5,-0.49999999999999994
quality_matched,Batch_2,bright_circ,H,7,-0.8108437164260032
quality_matched,Batch_3,bright_circ,H,13,0.14547859349066156
quality_matched,pooled,bright_circ,bright_sep,25,0.07772735715618091
quality_matched,Batch_1,bright_circ,bright_sep,5,0.46169025843831935
quality_matched,Batch_2,bright_circ,bright_sep,7,0.4642857142857144
quality_matched,Batch_3,bright_circ,bright_sep,13,-0.0921917197302078
quality_matched,pooled,bright_circ,bse_p1,25,0.2223183672873891
quality_matched,Batch_3,bright_circ,bse_p1,13,0.05131726038423008
quality_matched,pooled,bright_circ,bse_std,25,-0.33153846153846156
quality_matched,Batch_1,bright_circ,bse_std,5,-0.09999999999999999
quality_matched,Batch_2,bright_circ,bse_std,7,-0.21428571428571433
quality_matched,Batch_3,bright_circ,bse_std,13,-0.1868131868131868
quality_matched,pooled,bright_circ,bse_empty_bin_frac,25,0.12964031784339544
quality_matched,Batch_1,bright_circ,bse_empty_bin_frac,5,-0.09999999999999999
quality_matched,Batch_2,bright_circ,bse_empty_bin_frac,7,-0.5
quality_matched,Batch_3,bright_circ,bse_empty_bin_frac,13,0.41540617014995074
quality_matched,pooled,bright_circ,etd_curtain_frac,25,-0.12692307692307694
quality_matched,Batch_1,bright_circ,etd_curtain_frac,5,-0.8999999999999998
quality_matched,Batch_2,bright_circ,etd_curtain_frac,7,0.3214285714285715
quality_matched,Batch_3,bright_circ,etd_curtain_frac,13,-0.11538461538461539
quality_matched,pooled,bright_circ,etd_boundary_sharpness,25,-0.07692307692307691
quality_matched,Batch_1,bright_circ,etd_boundary_sharpness,5,0.49999999999999994
quality_matched,Batch_2,bright_circ,etd_boundary_sharpness,7,0.1785714285714286
quality_matched,Batch_3,bright_circ,etd_boundary_sharpness,13,-0.22527472527472525
quality_matched,pooled,bright_solidity,H,25,-0.4739139851953053
quality_matched,Batch_1,bright_solidity,H,5,-0.09999999999999999
quality_matched,Batch_2,bright_solidity,H,7,-0.9549937104572925
quality_matched,Batch_3,bright_solidity,H,13,-0.26857586490583674
quality_matched,pooled,bright_solidity,bright_sep,25,0.08275449965881948
quality_matched,Batch_1,bright_solidity,bright_sep,5,-0.6668859288553501
quality_matched,Batch_2,bright_solidity,bright_sep,7,0.28571428571428575
quality_matched,Batch_3,bright_solidity,bright_sep,13,0.15365286621701302
quality_matched,pooled,bright_solidity,bse_p1,25,0.41161455031242544
quality_matched,Batch_3,bright_solidity,bse_p1,13,0.27654301429279543
quality_matched,pooled,bright_solidity,bse_std,25,-0.4438461538461538
quality_matched,Batch_1,bright_solidity,bse_std,5,-0.49999999999999994
quality_matched,Batch_2,bright_solidity,bse_std,7,-0.5
quality_matched,Batch_3,bright_solidity,bse_std,13,-0.23076923076923078
quality_matched,pooled,bright_solidity,bse_empty_bin_frac,25,0.10463550876380878
quality_matched,Batch_1,bright_solidity,bse_empty_bin_frac,5,-0.8999999999999998
quality_matched,Batch_2,bright_solidity,bse_empty_bin_frac,7,-0.3214285714285715
quality_matched,Batch_3,bright_solidity,bse_empty_bin_frac,13,0.3191199717708231
quality_matched,pooled,bright_solidity,etd_curtain_frac,25,-0.013076923076923076
quality_matched,Batch_1,bright_solidity,etd_curtain_frac,5,-0.49999999999999994
quality_matched,Batch_2,bright_solidity,etd_curtain_frac,7,-0.07142857142857144
quality_matched,Batch_3,bright_solidity,etd_curtain_frac,13,-0.14285714285714285
quality_matched,pooled,bright_solidity,etd_boundary_sharpness,25,-0.3884615384615384
quality_matched,Batch_1,bright_solidity,etd_boundary_sharpness,5,-0.09999999999999999
quality_matched,Batch_2,bright_solidity,etd_boundary_sharpness,7,-0.07142857142857144
quality_matched,Batch_3,bright_solidity,etd_boundary_sharpness,13,-0.5824175824175823
quality_matched,pooled,bright_width_d90_d10,H,25,-0.14302461217150325
quality_matched,Batch_1,bright_width_d90_d10,H,5,-0.8999999999999998
quality_matched,Batch_2,bright_width_d90_d10,H,7,0.23424374030084535
quality_matched,Batch_3,bright_width_d90_d10,H,13,-0.28256419120301574
quality_matched,pooled,bright_width_d90_d10,bright_sep,25,-0.07115340157580739
quality_matched,Batch_1,bright_width_d90_d10,bright_sep,5,0.20519567041703082
quality_matched,Batch_2,bright_width_d90_d10,bright_sep,7,-0.5714285714285715
quality_matched,Batch_3,bright_width_d90_d10,bright_sep,13,0.26540040528393155
quality_matched,pooled,bright_width_d90_d10,bse_p1,25,0.13720485010414182
quality_matched,Batch_3,bright_width_d90_d10,bse_p1,13,0.20526904153692033
quality_matched,pooled,bright_width_d90_d10,bse_std,25,-0.15000000000000002
quality_matched,Batch_1,bright_width_d90_d10,bse_std,5,0.6
quality_matched,Batch_2,bright_width_d90_d10,bse_std,7,-0.5
quality_matched,Batch_3,bright_width_d90_d10,bse_std,13,-0.04395604395604395
quality_matched,pooled,bright_width_d90_d10,bse_empty_bin_frac,25,0.06885939731147711
quality_matched,Batch_1,bright_width_d90_d10,bse_empty_bin_frac,5,-0.09999999999999999
quality_matched,Batch_2,bright_width_d90_d10,bse_empty_bin_frac,7,0.03571428571428572
quality_matched,Batch_3,bright_width_d90_d10,bse_empty_bin_frac,13,-0.093535164139724
quality_matched,pooled,bright_width_d90_d10,etd_curtain_frac,25,-0.10692307692307691
quality_matched,Batch_1,bright_width_d90_d10,etd_curtain_frac,5,-0.6
quality_matched,Batch_2,bright_width_d90_d10,etd_curtain_frac,7,-0.8571428571428573
quality_matched,Batch_3,bright_width_d90_d10,etd_curtain_frac,13,0.09890109890109891
quality_matched,pooled,bright_width_d90_d10,etd_boundary_sharpness,25,0.06615384615384615
quality_matched,Batch_1,bright_width_d90_d10,etd_boundary_sharpness,5,0.09999999999999999
quality_matched,Batch_2,bright_width_d90_d10,etd_boundary_sharpness,7,-0.03571428571428572
quality_matched,Batch_3,bright_width_d90_d10,etd_boundary_sharpness,13,0.16483516483516483
quality_matched,pooled,bright_aspect_aw,H,25,0.20023445704010456
quality_matched,Batch_1,bright_aspect_aw,H,5,0.6
quality_matched,Batch_2,bright_aspect_aw,H,7,0.5585812268712466
quality_matched,Batch_3,bright_aspect_aw,H,13,0.06434630096702339
quality_matched,pooled,bright_aspect_aw,bright_sep,25,-0.43233425522691665
quality_matched,Batch_1,bright_aspect_aw,bright_sep,5,-0.8720815992723809
quality_matched,Batch_2,bright_aspect_aw,bright_sep,7,-0.7500000000000002
quality_matched,Batch_3,bright_aspect_aw,bright_sep,13,-0.1899708164137615
quality_matched,pooled,bright_aspect_aw,bse_p1,25,-0.03209198188876538
quality_matched,Batch_3,bright_aspect_aw,bse_p1,13,0.0028509589102350043
quality_matched,pooled,bright_aspect_aw,bse_std,25,0.06384615384615384
quality_matched,Batch_1,bright_aspect_aw,bse_std,5,-0.49999999999999994
quality_matched,Batch_2,bright_aspect_aw,bse_std,7,0.03571428571428572
quality_matched,Batch_3,bright_aspect_aw,bse_std,13,-0.10989010989010989
quality_matched,pooled,bright_aspect_aw,bse_empty_bin_frac,25,-0.09655703198425002
quality_matched,Batch_1,bright_aspect_aw,bse_empty_bin_frac,5,-0.6
quality_matched,Batch_2,bright_aspect_aw,bse_empty_bin_frac,7,-0.21428571428571433
quality_matched,Batch_3,bright_aspect_aw,bse_empty_bin_frac,13,0.13755171197018234
quality_matched,pooled,bright_aspect_aw,etd_curtain_frac,25,-0.28307692307692306
quality_matched,Batch_1,bright_aspect_aw,etd_curtain_frac,5,0.49999999999999994
quality_matched,Batch_2,bright_aspect_aw,etd_curtain_frac,7,-0.8571428571428573
quality_matched,Batch_3,bright_aspect_aw,etd_curtain_frac,13,-0.049450549450549455
quality_matched,pooled,bright_aspect_aw,etd_boundary_sharpness,25,-0.06230769230769231
quality_matched,Batch_1,bright_aspect_aw,etd_boundary_sharpness,5,-0.39999999999999997
quality_matched,Batch_2,bright_aspect_aw,etd_boundary_sharpness,7,-0.14285714285714288
quality_matched,Batch_3,bright_aspect_aw,etd_boundary_sharpness,13,0.010989010989010988
quality_matched,pooled,bright_horizontal_alignment,H,25,-0.2095117291809588
quality_matched,Batch_1,bright_horizontal_alignment,H,5,-0.8999999999999998
quality_matched,Batch_2,bright_horizontal_alignment,H,7,0.2882999880625789
quality_matched,Batch_3,bright_horizontal_alignment,H,13,-0.35810115320778235
quality_matched,pooled,bright_horizontal_alignment,bright_sep,25,0.1272253756436991
quality_matched,Batch_1,bright_horizontal_alignment,bright_sep,5,-0.051298917604257706
quality_matched,Batch_2,bright_horizontal_alignment,bright_sep,7,-0.3214285714285715
quality_matched,Batch_3,bright_horizontal_alignment,bright_sep,13,0.4888954834177686
quality_matched,pooled,bright_horizontal_alignment,bse_p1,25,-0.14883237977398434
quality_matched,Batch_3,bright_horizontal_alignment,bse_p1,13,0.03421150692282005
quality_matched,pooled,bright_horizontal_alignment,bse_std,25,0.24307692307692308
quality_matched,Batch_1,bright_horizontal_alignment,bse_std,5,0.6
quality_matched,Batch_2,bright_horizontal_alignment,bse_std,7,-0.1785714285714286
quality_matched,Batch_3,bright_horizontal_alignment,bse_std,13,0.34065934065934067
quality_matched,pooled,bright_horizontal_alignment,bse_empty_bin_frac,25,0.07539911660921515
quality_matched,Batch_1,bright_horizontal_alignment,bse_empty_bin_frac,5,0.09999999999999999
quality_matched,Batch_2,bright_horizontal_alignment,bse_empty_bin_frac,7,-0.03571428571428572
quality_matched,Batch_3,bright_horizontal_alignment,bse_empty_bin_frac,13,0.08528206142151305
quality_matched,pooled,bright_horizontal_alignment,etd_curtain_frac,25,0.005384615384615384
quality_matched,Batch_1,bright_horizontal_alignment,etd_curtain_frac,5,-0.6
quality_matched,Batch_2,bright_horizontal_alignment,etd_curtain_frac,7,-0.28571428571428575
quality_matched,Batch_3,bright_horizontal_alignment,etd_curtain_frac,13,0.15934065934065936
quality_matched,pooled,bright_horizontal_alignment,etd_boundary_sharpness,25,0.19846153846153847
quality_matched,Batch_1,bright_horizontal_alignment,etd_boundary_sharpness,5,-0.39999999999999997
quality_matched,Batch_2,bright_horizontal_alignment,etd_boundary_sharpness,7,0.25
quality_matched,Batch_3,bright_horizontal_alignment,etd_boundary_sharpness,13,0.1868131868131868
quality_matched,pooled,bright_alignment_strength,H,25,-0.11210037170198903
quality_matched,Batch_1,bright_alignment_strength,H,5,-0.39999999999999997
quality_matched,Batch_2,bright_alignment_strength,H,7,0.2882999880625789
quality_matched,Batch_3,bright_alignment_strength,H,13,-0.19863423341994174
quality_matched,pooled,bright_alignment_strength,bright_sep,25,0.020108570010554265
quality_matched,Batch_1,bright_alignment_strength,bright_sep,5,-0.35909242322980395
quality_matched,Batch_2,bright_alignment_strength,bright_sep,7,-0.3214285714285715
quality_matched,Batch_3,bright_alignment_strength,bright_sep,13,0.22908245508718303
quality_matched,pooled,bright_alignment_strength,bse_p1,25,0.03348728544914648
quality_matched,Batch_3,bright_alignment_strength,bse_p1,13,0.3193073979463205
quality_matched,pooled,bright_alignment_strength,bse_std,25,0.11615384615384615
quality_matched,Batch_1,bright_alignment_strength,bse_std,5,0.49999999999999994
quality_matched,Batch_2,bright_alignment_strength,bse_std,7,-0.1785714285714286
quality_matched,Batch_3,bright_alignment_strength,bse_std,13,0.07142857142857142
quality_matched,pooled,bright_alignment_strength,bse_empty_bin_frac,25,0.1542604375525269
quality_matched,Batch_1,bright_alignment_strength,bse_empty_bin_frac,5,0.39999999999999997
quality_matched,Batch_2,bright_alignment_strength,bse_empty_bin_frac,7,-0.03571428571428572
quality_matched,Batch_3,bright_alignment_strength,bse_empty_bin_frac,13,0.187070328279448
quality_matched,pooled,bright_alignment_strength,etd_curtain_frac,25,0.13538461538461538
quality_matched,Batch_1,bright_alignment_strength,etd_curtain_frac,5,0.0
quality_matched,Batch_2,bright_alignment_strength,etd_curtain_frac,7,-0.28571428571428575
quality_matched,Batch_3,bright_alignment_strength,etd_curtain_frac,13,0.3021978021978022
quality_matched,pooled,bright_alignment_strength,etd_boundary_sharpness,25,0.18769230769230769
quality_matched,Batch_1,bright_alignment_strength,etd_boundary_sharpness,5,-0.8999999999999998
quality_matched,Batch_2,bright_alignment_strength,etd_boundary_sharpness,7,0.25
quality_matched,Batch_3,bright_alignment_strength,etd_boundary_sharpness,13,0.2747252747252747
quality_matched,pooled,bright_nn_csr_ratio,H,25,-0.023966286363873518
quality_matched,Batch_1,bright_nn_csr_ratio,H,5,0.09999999999999999
quality_matched,Batch_2,bright_nn_csr_ratio,H,7,-0.5585812268712466
quality_matched,Batch_3,bright_nn_csr_ratio,H,13,0.15107392400953318
quality_matched,pooled,bright_nn_csr_ratio,bright_sep,25,0.24439646628212108
quality_matched,Batch_1,bright_nn_csr_ratio,bright_sep,5,-0.41039134083406165
quality_matched,Batch_2,bright_nn_csr_ratio,bright_sep,7,0.7500000000000002
quality_matched,Batch_3,bright_nn_csr_ratio,bright_sep,13,0.013968442383364817
quality_matched,pooled,bright_nn_csr_ratio,bse_p1,25,-0.2092955340571655
quality_matched,Batch_3,bright_nn_csr_ratio,bse_p1,13,-0.40198520634313567
quality_matched,pooled,bright_nn_csr_ratio,bse_std,25,0.09923076923076923
quality_matched,Batch_1,bright_nn_csr_ratio,bse_std,5,0.39999999999999997
quality_matched,Batch_2,bright_nn_csr_ratio,bse_std,7,-0.03571428571428572
quality_matched,Batch_3,bright_nn_csr_ratio,bse_std,13,0.3516483516483516
quality_matched,pooled,bright_nn_csr_ratio,bse_empty_bin_frac,25,0.1696480123707341
quality_matched,Batch_1,bright_nn_csr_ratio,bse_empty_bin_frac,5,0.49999999999999994
quality_matched,Batch_2,bright_nn_csr_ratio,bse_empty_bin_frac,7,0.21428571428571433
quality_matched,Batch_3,bright_nn_csr_ratio,bse_empty_bin_frac,13,0.01925723967582553
quality_matched,pooled,bright_nn_csr_ratio,etd_curtain_frac,25,0.2123076923076923
quality_matched,Batch_1,bright_nn_csr_ratio,etd_curtain_frac,5,0.6
quality_matched,Batch_2,bright_nn_csr_ratio,etd_curtain_frac,7,0.8571428571428573
quality_matched,Batch_3,bright_nn_csr_ratio,etd_curtain_frac,13,-0.24725274725274726
quality_matched,pooled,bright_nn_csr_ratio,etd_boundary_sharpness,25,0.003076923076923077
quality_matched,Batch_1,bright_nn_csr_ratio,etd_boundary_sharpness,5,-0.8999999999999998
quality_matched,Batch_2,bright_nn_csr_ratio,etd_boundary_sharpness,7,0.14285714285714288
quality_matched,Batch_3,bright_nn_csr_ratio,etd_boundary_sharpness,13,-0.049450549450549455
quality_matched,pooled,bright_nn_mean_px,H,25,-0.33436835007662247
quality_matched,Batch_1,bright_nn_mean_px,H,5,-0.3
quality_matched,Batch_2,bright_nn_mean_px,H,7,-0.8108437164260032
quality_matched,Batch_3,bright_nn_mean_px,H,13,-0.17345524608501955
quality_matched,pooled,bright_nn_mean_px,bright_sep,25,0.2923476716919043
quality_matched,Batch_1,bright_nn_mean_px,bright_sep,5,-0.35909242322980395
quality_matched,Batch_2,bright_nn_mean_px,bright_sep,7,0.6785714285714287
quality_matched,Batch_3,bright_nn_mean_px,bright_sep,13,0.06704852344015112
quality_matched,pooled,bright_nn_mean_px,bse_p1,25,0.054881940041656724
quality_matched,Batch_3,bright_nn_mean_px,bse_p1,13,-0.18246137025504028
quality_matched,pooled,bright_nn_mean_px,bse_std,25,-0.18692307692307694
quality_matched,Batch_1,bright_nn_mean_px,bse_std,5,-0.3
quality_matched,Batch_2,bright_nn_mean_px,bse_std,7,-0.3571428571428572
quality_matched,Batch_3,bright_nn_mean_px,bse_std,13,0.15934065934065936
quality_matched,pooled,bright_nn_mean_px,bse_empty_bin_frac,25,-0.04539334571371116
quality_matched,Batch_1,bright_nn_mean_px,bse_empty_bin_frac,5,-0.3
quality_matched,Batch_2,bright_nn_mean_px,bse_empty_bin_frac,7,0.0
quality_matched,Batch_3,bright_nn_mean_px,bse_empty_bin_frac,13,-0.22283377339169544
quality_matched,pooled,bright_nn_mean_px,etd_curtain_frac,25,0.16307692307692304
quality_matched,Batch_1,bright_nn_mean_px,etd_curtain_frac,5,-0.7
quality_matched,Batch_2,bright_nn_mean_px,etd_curtain_frac,7,0.6071428571428572
quality_matched,Batch_3,bright_nn_mean_px,etd_curtain_frac,13,-0.21428571428571427
quality_matched,pooled,bright_nn_mean_px,etd_boundary_sharpness,25,-0.09538461538461537
quality_matched,Batch_1,bright_nn_mean_px,etd_boundary_sharpness,5,-0.3
quality_matched,Batch_2,bright_nn_mean_px,etd_boundary_sharpness,7,0.25
quality_matched,Batch_3,bright_nn_mean_px,etd_boundary_sharpness,13,-0.2912087912087912
quality_matched,pooled,profile_pore_abs_slope,H,25,-0.28295680029605513
quality_matched,Batch_1,profile_pore_abs_slope,H,5,-0.6
quality_matched,Batch_2,profile_pore_abs_slope,H,7,-0.198206241793023
quality_matched,Batch_3,profile_pore_abs_slope,H,13,0.0
quality_matched,pooled,profile_pore_abs_slope,bright_sep,25,0.04872461194865072
quality_matched,Batch_1,profile_pore_abs_slope,bright_sep,5,0.051298917604257706
quality_matched,Batch_2,profile_pore_abs_slope,bright_sep,7,0.21428571428571433
quality_matched,Batch_3,profile_pore_abs_slope,bright_sep,13,-0.013968442383364817
quality_matched,pooled,profile_pore_abs_slope,bse_p1,25,0.14185586197207883
quality_matched,Batch_3,profile_pore_abs_slope,bse_p1,13,0.0598701371149351
quality_matched,pooled,profile_pore_abs_slope,bse_std,25,0.21538461538461537
quality_matched,Batch_1,profile_pore_abs_slope,bse_std,5,0.8999999999999998
quality_matched,Batch_2,profile_pore_abs_slope,bse_std,7,0.39285714285714296
quality_matched,Batch_3,profile_pore_abs_slope,bse_std,13,0.06043956043956044
quality_matched,pooled,profile_pore_abs_slope,bse_empty_bin_frac,25,-0.21542604745490043
quality_matched,Batch_1,profile_pore_abs_slope,bse_empty_bin_frac,5,0.6
quality_matched,Batch_2,profile_pore_abs_slope,bse_empty_bin_frac,7,0.21428571428571433
quality_matched,Batch_3,profile_pore_abs_slope,bse_empty_bin_frac,13,-0.48418202613504197
quality_matched,pooled,profile_pore_abs_slope,etd_curtain_frac,25,0.25230769230769234
quality_matched,Batch_1,profile_pore_abs_slope,etd_curtain_frac,5,0.09999999999999999
quality_matched,Batch_2,profile_pore_abs_slope,etd_curtain_frac,7,0.5714285714285715
quality_matched,Batch_3,profile_pore_abs_slope,etd_curtain_frac,13,0.24725274725274726
quality_matched,pooled,profile_pore_abs_slope,etd_boundary_sharpness,25,-0.17153846153846153
quality_matched,Batch_1,profile_pore_abs_slope,etd_boundary_sharpness,5,-0.6
quality_matched,Batch_2,profile_pore_abs_slope,etd_boundary_sharpness,7,-0.3571428571428572
quality_matched,Batch_3,profile_pore_abs_slope,etd_boundary_sharpness,13,-0.021978021978021976
quality_matched,pooled,profile_bright_abs_slope,H,25,-0.032083899487120995
quality_matched,Batch_1,profile_bright_abs_slope,H,5,0.39999999999999997
quality_matched,Batch_2,profile_bright_abs_slope,H,7,0.5225437283634242
quality_matched,Batch_3,profile_bright_abs_slope,H,13,-0.36089881846721816
quality_matched,pooled,profile_bright_abs_slope,bright_sep,25,-0.11485087102181955
quality_matched,Batch_1,profile_bright_abs_slope,bright_sep,5,0.35909242322980395
quality_matched,Batch_2,profile_bright_abs_slope,bright_sep,7,-0.8571428571428573
quality_matched,Batch_3,profile_bright_abs_slope,bright_sep,13,0.24863827442389377
quality_matched,pooled,profile_bright_abs_slope,bse_p1,25,0.04604501749257641
quality_matched,Batch_3,profile_bright_abs_slope,bse_p1,13,0.30505260339514545
quality_matched,pooled,profile_bright_abs_slope,bse_std,25,-0.10461538461538461
quality_matched,Batch_1,profile_bright_abs_slope,bse_std,5,-0.49999999999999994
quality_matched,Batch_2,profile_bright_abs_slope,bse_std,7,-0.03571428571428572
quality_matched,Batch_3,profile_bright_abs_slope,bse_std,13,-0.2802197802197803
quality_matched,pooled,profile_bright_abs_slope,bse_empty_bin_frac,25,-0.16695518677754784
quality_matched,Batch_1,profile_bright_abs_slope,bse_empty_bin_frac,5,-0.39999999999999997
quality_matched,Batch_2,profile_bright_abs_slope,bse_empty_bin_frac,7,0.5357142857142858
quality_matched,Batch_3,profile_bright_abs_slope,bse_empty_bin_frac,13,-0.29711169785559394
quality_matched,pooled,profile_bright_abs_slope,etd_curtain_frac,25,-0.11076923076923079
quality_matched,Batch_1,profile_bright_abs_slope,etd_curtain_frac,5,0.0
quality_matched,Batch_2,profile_bright_abs_slope,etd_curtain_frac,7,-0.6071428571428572
quality_matched,Batch_3,profile_bright_abs_slope,etd_curtain_frac,13,0.20329670329670327
quality_matched,pooled,profile_bright_abs_slope,etd_boundary_sharpness,25,-0.1776923076923077
quality_matched,Batch_1,profile_bright_abs_slope,etd_boundary_sharpness,5,0.8999999999999998
quality_matched,Batch_2,profile_bright_abs_slope,etd_boundary_sharpness,7,-0.1785714285714286
quality_matched,Batch_3,profile_bright_abs_slope,etd_boundary_sharpness,13,-0.5604395604395606
quality_matched,pooled,corr_len_px,H,25,-0.10334110334110333
quality_matched,Batch_1,corr_len_px,H,5,-0.20519567041703085
quality_matched,Batch_2,corr_len_px,H,7,-0.4909090909090909
quality_matched,Batch_3,corr_len_px,H,13,0.18195527185790183
quality_matched,pooled,corr_len_px,bright_sep,25,-0.04819277472409426
quality_matched,Batch_1,corr_len_px,bright_sep,5,0.026315789473684213
quality_matched,Batch_2,corr_len_px,bright_sep,7,0.6126374746329801
quality_matched,Batch_3,corr_len_px,bright_sep,13,-0.23099416379524768
quality_matched,pooled,corr_len_px,bse_p1,25,0.23769541671032568
quality_matched,Batch_3,corr_len_px,bse_p1,13,-0.07474350927519359
quality_matched,pooled,corr_len_px,bse_std,25,-0.06919298805053807
quality_matched,Batch_1,corr_len_px,bse_std,5,0.6668859288553503
quality_matched,Batch_2,corr_len_px,bse_std,7,-0.41443123283995714
quality_matched,Batch_3,corr_len_px,bse_std,13,-0.05817375393384442
quality_matched,pooled,corr_len_px,bse_empty_bin_frac,25,0.11134868095748596
quality_matched,Batch_1,corr_len_px,bse_empty_bin_frac,5,0.8207826816681234
quality_matched,Batch_2,corr_len_px,bse_empty_bin_frac,7,-0.6306562238868914
quality_matched,Batch_3,corr_len_px,bse_empty_bin_frac,13,0.14563456990505025
quality_matched,pooled,corr_len_px,etd_curtain_frac,25,0.0023193180352135663
quality_matched,Batch_1,corr_len_px,etd_curtain_frac,5,0.35909242322980395
quality_matched,Batch_2,corr_len_px,etd_curtain_frac,7,-0.03603749850782236
quality_matched,Batch_3,corr_len_px,etd_curtain_frac,13,-0.0664842902101079
quality_matched,pooled,corr_len_px,etd_boundary_sharpness,25,-0.24894013577958943
quality_matched,Batch_1,corr_len_px,etd_boundary_sharpness,5,-0.7181848464596079
quality_matched,Batch_2,corr_len_px,etd_boundary_sharpness,7,0.14414999403128945
quality_matched,Batch_3,corr_len_px,etd_boundary_sharpness,13,0.049863217657580935
quality_matched,pooled,fft_slope,H,25,-0.1341338930365179
quality_matched,Batch_1,fft_slope,H,5,-0.3
quality_matched,Batch_2,fft_slope,H,7,0.3783937343321348
quality_matched,Batch_3,fft_slope,H,13,-0.5147704077361871
quality_matched,pooled,fft_slope,bright_sep,25,0.4779652410200976
quality_matched,Batch_1,fft_slope,bright_sep,5,0.8207826816681233
quality_matched,Batch_2,fft_slope,bright_sep,7,-0.14285714285714288
quality_matched,Batch_3,fft_slope,bright_sep,13,0.6146114648680521
quality_matched,pooled,fft_slope,bse_p1,25,-0.2609217657912663
quality_matched,Batch_3,fft_slope,bse_p1,13,-0.17105753461410028
quality_matched,pooled,fft_slope,bse_std,25,0.31999999999999995
quality_matched,Batch_1,fft_slope,bse_std,5,0.49999999999999994
quality_matched,Batch_2,fft_slope,bse_std,7,-0.03571428571428572
quality_matched,Batch_3,fft_slope,bse_std,13,0.4835164835164835
quality_matched,pooled,fft_slope,bse_empty_bin_frac,25,-0.21734949430717634
quality_matched,Batch_1,fft_slope,bse_empty_bin_frac,5,0.3
quality_matched,Batch_2,fft_slope,bse_empty_bin_frac,7,-0.07142857142857144
quality_matched,Batch_3,fft_slope,bse_empty_bin_frac,13,-0.20632756795527354
quality_matched,pooled,fft_slope,etd_curtain_frac,25,0.03769230769230769
quality_matched,Batch_1,fft_slope,etd_curtain_frac,5,0.0
quality_matched,Batch_2,fft_slope,etd_curtain_frac,7,0.07142857142857144
quality_matched,Batch_3,fft_slope,etd_curtain_frac,13,-0.005494505494505494
quality_matched,pooled,fft_slope,etd_boundary_sharpness,25,0.30153846153846153
quality_matched,Batch_1,fft_slope,etd_boundary_sharpness,5,0.7
quality_matched,Batch_2,fft_slope,etd_boundary_sharpness,7,0.7500000000000002
quality_matched,Batch_3,fft_slope,etd_boundary_sharpness,13,-0.03296703296703297
ordinary,pooled,pore_elong,H,22,-0.5813311906246938
ordinary,Batch_1,pore_elong,H,5,-0.09999999999999999
ordinary,Batch_2,pore_elong,H,7,-0.7207499701564473
ordinary,Batch_3,pore_elong,H,10,-0.8211284634557716
ordinary,pooled,pore_elong,bright_sep,22,0.5159412966809894
ordinary,Batch_1,pore_elong,bright_sep,5,0.15389675281277312
ordinary,Batch_2,pore_elong,bright_sep,7,0.5714285714285715
ordinary,Batch_3,pore_elong,bright_sep,10,0.7065951014132162
ordinary,pooled,pore_elong,bse_p1,22,0.31078001043877085
ordinary,Batch_3,pore_elong,bse_p1,10,0.5148697981926199
ordinary,pooled,pore_elong,bse_std,22,-0.14285714285714288
ordinary,Batch_1,pore_elong,bse_std,5,0.6
ordinary,Batch_2,pore_elong,bse_std,7,-0.5357142857142858
ordinary,Batch_3,pore_elong,bse_std,10,-0.3696969696969697
ordinary,pooled,pore_elong,bse_empty_bin_frac,22,-0.38859080905682253
ordinary,Batch_1,pore_elong,bse_empty_bin_frac,5,0.8999999999999998
ordinary,Batch_2,pore_elong,bse_empty_bin_frac,7,-0.6785714285714287
ordinary,Batch_3,pore_elong,bse_empty_bin_frac,10,-0.5349568784384567
ordinary,pooled,pore_elong,etd_curtain_frac,22,0.4138904573687183
ordinary,Batch_1,pore_elong,etd_curtain_frac,5,0.39999999999999997
ordinary,Batch_2,pore_elong,etd_curtain_frac,7,-0.07142857142857144
ordinary,Batch_3,pore_elong,etd_curtain_frac,10,0.7212121212121211
ordinary,pooled,pore_elong,etd_boundary_sharpness,22,0.05702992659514399
ordinary,Batch_1,pore_elong,etd_boundary_sharpness,5,-0.6
ordinary,Batch_2,pore_elong,etd_boundary_sharpness,7,0.14285714285714288
ordinary,Batch_3,pore_elong,etd_boundary_sharpness,10,-0.12727272727272726
ordinary,pooled,pore_width_d90_d50,H,22,-0.11183812944635223
ordinary,Batch_1,pore_width_d90_d50,H,5,0.7
ordinary,Batch_2,pore_width_d90_d50,H,7,-0.3243374865704013
ordinary,Batch_3,pore_width_d90_d50,H,10,-0.16669525197974314
ordinary,pooled,pore_width_d90_d50,bright_sep,22,0.43573432553212565
ordinary,Batch_1,pore_width_d90_d50,bright_sep,5,-0.20519567041703082
ordinary,Batch_2,pore_width_d90_d50,bright_sep,7,0.6071428571428572
ordinary,Batch_3,pore_width_d90_d50,bright_sep,10,0.2938935377559395
ordinary,pooled,pore_width_d90_d50,bse_p1,22,0.12186037532285911
ordinary,Batch_3,pore_width_d90_d50,bse_p1,10,0.10805909344783379
ordinary,pooled,pore_width_d90_d50,bse_std,22,0.04686617730095992
ordinary,Batch_1,pore_width_d90_d50,bse_std,5,0.0
ordinary,Batch_2,pore_width_d90_d50,bse_std,7,0.0
ordinary,Batch_3,pore_width_d90_d50,bse_std,10,-0.09090909090909088
ordinary,pooled,pore_width_d90_d50,bse_empty_bin_frac,22,-0.21858233009446268
ordinary,Batch_1,pore_width_d90_d50,bse_empty_bin_frac,5,0.3
ordinary,Batch_2,pore_width_d90_d50,bse_empty_bin_frac,7,-0.8571428571428573
ordinary,Batch_3,pore_width_d90_d50,bse_empty_bin_frac,10,-0.29179466096643103
ordinary,pooled,pore_width_d90_d50,etd_curtain_frac,22,0.4703557312252965
ordinary,Batch_1,pore_width_d90_d50,etd_curtain_frac,5,0.9999999999999999
ordinary,Batch_2,pore_width_d90_d50,etd_curtain_frac,7,0.21428571428571433
ordinary,Batch_3,pore_width_d90_d50,etd_curtain_frac,10,0.5272727272727272
ordinary,pooled,pore_width_d90_d50,etd_boundary_sharpness,22,0.14398644833427443
ordinary,Batch_1,pore_width_d90_d50,etd_boundary_sharpness,5,-0.3
ordinary,Batch_2,pore_width_d90_d50,etd_boundary_sharpness,7,0.28571428571428575
ordinary,Batch_3,pore_width_d90_d50,etd_boundary_sharpness,10,0.3939393939393939
ordinary,pooled,pore_horizontal_alignment,H,22,-0.22140543392932674
ordinary,Batch_1,pore_horizontal_alignment,H,5,-0.3
ordinary,Batch_2,pore_horizontal_alignment,H,7,-0.09009374626955591
ordinary,Batch_3,pore_horizontal_alignment,H,10,-0.1728691502012151
ordinary,pooled,pore_horizontal_alignment,bright_sep,22,-0.036974844855859224
ordinary,Batch_1,pore_horizontal_alignment,bright_sep,5,-0.35909242322980395
ordinary,Batch_2,pore_horizontal_alignment,bright_sep,7,-0.25
ordinary,Batch_3,pore_horizontal_alignment,bright_sep,10,0.3689301856936262
ordinary,pooled,pore_horizontal_alignment,bse_p1,22,0.0007210673096027166
ordinary,Batch_3,pore_horizontal_alignment,bse_p1,10,-0.3178208630818641
ordinary,pooled,pore_horizontal_alignment,bse_std,22,-0.1078486730660644
ordinary,Batch_1,pore_horizontal_alignment,bse_std,5,0.19999999999999998
ordinary,Batch_2,pore_horizontal_alignment,bse_std,7,-0.28571428571428575
ordinary,Batch_3,pore_horizontal_alignment,bse_std,10,-0.09090909090909088
ordinary,pooled,pore_horizontal_alignment,bse_empty_bin_frac,22,-0.15927704673549992
ordinary,Batch_1,pore_horizontal_alignment,bse_empty_bin_frac,5,0.3
ordinary,Batch_2,pore_horizontal_alignment,bse_empty_bin_frac,7,-0.6785714285714287
ordinary,Batch_3,pore_horizontal_alignment,bse_empty_bin_frac,10,-0.2735574946560291
ordinary,pooled,pore_horizontal_alignment,etd_curtain_frac,22,-0.27159796725014124
ordinary,Batch_1,pore_horizontal_alignment,etd_curtain_frac,5,-0.19999999999999998
ordinary,Batch_2,pore_horizontal_alignment,etd_curtain_frac,7,-0.7857142857142859
ordinary,Batch_3,pore_horizontal_alignment,etd_curtain_frac,10,0.12727272727272726
ordinary,pooled,pore_horizontal_alignment,etd_boundary_sharpness,22,-0.12140033879164315
ordinary,Batch_1,pore_horizontal_alignment,etd_boundary_sharpness,5,-0.7999999999999999
ordinary,Batch_2,pore_horizontal_alignment,etd_boundary_sharpness,7,-0.10714285714285716
ordinary,Batch_3,pore_horizontal_alignment,etd_boundary_sharpness,10,0.29696969696969694
ordinary,pooled,pore_alignment_strength,H,22,-0.2520615709349258
ordinary,Batch_1,pore_alignment_strength,H,5,-0.3
ordinary,Batch_2,pore_alignment_strength,H,7,-0.09009374626955591
ordinary,Batch_3,pore_alignment_strength,H,10,-0.1728691502012151
ordinary,pooled,pore_alignment_strength,bright_sep,22,-0.01422109417533047
ordinary,Batch_1,pore_alignment_strength,bright_sep,5,-0.35909242322980395
ordinary,Batch_2,pore_alignment_strength,bright_sep,7,-0.25
ordinary,Batch_3,pore_alignment_strength,bright_sep,10,0.3689301856936262
ordinary,pooled,pore_alignment_strength,bse_p1,22,-0.0129792115728489
ordinary,Batch_3,pore_alignment_strength,bse_p1,10,-0.3178208630818641
ordinary,pooled,pore_alignment_strength,bse_std,22,-0.1394692264257482
ordinary,Batch_1,pore_alignment_strength,bse_std,5,0.19999999999999998
ordinary,Batch_2,pore_alignment_strength,bse_std,7,-0.28571428571428575
ordinary,Batch_3,pore_alignment_strength,bse_std,10,-0.09090909090909088
ordinary,pooled,pore_alignment_strength,bse_empty_bin_frac,22,-0.1581474222905673
ordinary,Batch_1,pore_alignment_strength,bse_empty_bin_frac,5,0.3
ordinary,Batch_2,pore_alignment_strength,bse_empty_bin_frac,7,-0.6785714285714287
ordinary,Batch_3,pore_alignment_strength,bse_empty_bin_frac,10,-0.2735574946560291
ordinary,pooled,pore_alignment_strength,etd_curtain_frac,22,-0.29757199322416716
ordinary,Batch_1,pore_alignment_strength,etd_curtain_frac,5,-0.19999999999999998
ordinary,Batch_2,pore_alignment_strength,etd_curtain_frac,7,-0.7857142857142859
ordinary,Batch_3,pore_alignment_strength,etd_curtain_frac,10,0.12727272727272726
ordinary,pooled,pore_alignment_strength,etd_boundary_sharpness,22,-0.09542631281761718
ordinary,Batch_1,pore_alignment_strength,etd_boundary_sharpness,5,-0.7999999999999999
ordinary,Batch_2,pore_alignment_strength,etd_boundary_sharpness,7,-0.10714285714285716
ordinary,Batch_3,pore_alignment_strength,etd_boundary_sharpness,10,0.29696969696969694
ordinary,pooled,bright_circ,H,22,-0.36787364406718903
ordinary,Batch_1,bright_circ,H,5,-0.49999999999999994
ordinary,Batch_2,bright_circ,H,7,-0.8108437164260032
ordinary,Batch_3,bright_circ,H,10,-0.006173898221471967
ordinary,pooled,bright_circ,bright_sep,22,0.24118975721360478
ordinary,Batch_1,bright_circ,bright_sep,5,0.46169025843831935
ordinary,Batch_2,bright_circ,bright_sep,7,0.4642857142857144
ordinary,Batch_3,bright_circ,bright_sep,10,0.04377137796365056
ordinary,pooled,bright_circ,bse_p1,22,0.20189884668876062
ordinary,Batch_3,bright_circ,bse_p1,10,-0.0699205898780101
ordinary,pooled,bright_circ,bse_std,22,-0.3156408808582722
ordinary,Batch_1,bright_circ,bse_std,5,-0.09999999999999999
ordinary,Batch_2,bright_circ,bse_std,7,-0.21428571428571433
ordinary,Batch_3,bright_circ,bse_std,10,-0.06666666666666665
ordinary,pooled,bright_circ,bse_empty_bin_frac,22,-0.19429540452841126
ordinary,Batch_1,bright_circ,bse_empty_bin_frac,5,-0.09999999999999999
ordinary,Batch_2,bright_circ,bse_empty_bin_frac,7,-0.5
ordinary,Batch_3,bright_circ,bse_empty_bin_frac,10,-0.19452977397762067
ordinary,pooled,bright_circ,etd_curtain_frac,22,-0.21626199887069456
ordinary,Batch_1,bright_circ,etd_curtain_frac,5,-0.8999999999999998
ordinary,Batch_2,bright_circ,etd_curtain_frac,7,0.3214285714285715
ordinary,Batch_3,bright_circ,etd_curtain_frac,10,-0.24848484848484845
ordinary,pooled,bright_circ,etd_boundary_sharpness,22,-0.0852625635234331
ordinary,Batch_1,bright_circ,etd_boundary_sharpness,5,0.49999999999999994
ordinary,Batch_2,bright_circ,etd_boundary_sharpness,7,0.1785714285714286
ordinary,Batch_3,bright_circ,etd_boundary_sharpness,10,-0.41818181818181815
ordinary,pooled,bright_solidity,H,22,-0.6057425589810043
ordinary,Batch_1,bright_solidity,H,5,-0.09999999999999999
ordinary,Batch_2,bright_solidity,H,7,-0.9549937104572925
ordinary,Batch_3,bright_solidity,H,10,-0.45686846838892553
ordinary,pooled,bright_solidity,bright_sep,22,0.17691041154111106
ordinary,Batch_1,bright_solidity,bright_sep,5,-0.6668859288553501
ordinary,Batch_2,bright_solidity,bright_sep,7,0.28571428571428575
ordinary,Batch_3,bright_solidity,bright_sep,10,0.2813874297663251
ordinary,pooled,bright_solidity,bse_p1,22,0.4946521743874636
ordinary,Batch_3,bright_solidity,bse_p1,10,0.33689011486677595
ordinary,pooled,bright_solidity,bse_std,22,-0.5279503105590062
ordinary,Batch_1,bright_solidity,bse_std,5,-0.49999999999999994
ordinary,Batch_2,bright_solidity,bse_std,7,-0.5
ordinary,Batch_3,bright_solidity,bse_std,10,-0.34545454545454546
ordinary,pooled,bright_solidity,bse_empty_bin_frac,22,-0.21519345675966484
ordinary,Batch_1,bright_solidity,bse_empty_bin_frac,5,-0.8999999999999998
ordinary,Batch_2,bright_solidity,bse_empty_bin_frac,7,-0.3214285714285715
ordinary,Batch_3,bright_solidity,bse_empty_bin_frac,10,-0.33434804902403553
ordinary,pooled,bright_solidity,etd_curtain_frac,22,0.05702992659514399
ordinary,Batch_1,bright_solidity,etd_curtain_frac,5,-0.49999999999999994
ordinary,Batch_2,bright_solidity,etd_curtain_frac,7,-0.07142857142857144
ordinary,Batch_3,bright_solidity,etd_curtain_frac,10,-0.09090909090909088
ordinary,pooled,bright_solidity,etd_boundary_sharpness,22,-0.3890457368718239
ordinary,Batch_1,bright_solidity,etd_boundary_sharpness,5,-0.09999999999999999
ordinary,Batch_2,bright_solidity,etd_boundary_sharpness,7,-0.07142857142857144
ordinary,Batch_3,bright_solidity,etd_boundary_sharpness,10,-0.7454545454545454
ordinary,pooled,bright_width_d90_d10,H,22,-0.23219185250537086
ordinary,Batch_1,bright_width_d90_d10,H,5,-0.8999999999999998
ordinary,Batch_2,bright_width_d90_d10,H,7,0.23424374030084535
ordinary,Batch_3,bright_width_d90_d10,H,10,-0.4630423666103975
ordinary,pooled,bright_width_d90_d10,bright_sep,22,-0.007963812738185064
ordinary,Batch_1,bright_width_d90_d10,bright_sep,5,0.20519567041703082
ordinary,Batch_2,bright_width_d90_d10,bright_sep,7,-0.5714285714285715
ordinary,Batch_3,bright_width_d90_d10,bright_sep,10,0.31890575373516844
ordinary,pooled,bright_width_d90_d10,bse_p1,22,0.05263791360099831
ordinary,Batch_3,bright_width_d90_d10,bse_p1,10,0.20340535237239302
ordinary,pooled,bright_width_d90_d10,bse_std,22,-0.07622811970638058
ordinary,Batch_1,bright_width_d90_d10,bse_std,5,0.6
ordinary,Batch_2,bright_width_d90_d10,bse_std,7,-0.5
ordinary,Batch_3,bright_width_d90_d10,bse_std,10,-0.05454545454545454
ordinary,pooled,bright_width_d90_d10,bse_empty_bin_frac,22,0.01186105667179255
ordinary,Batch_1,bright_width_d90_d10,bse_empty_bin_frac,5,-0.09999999999999999
ordinary,Batch_2,bright_width_d90_d10,bse_empty_bin_frac,7,0.03571428571428572
ordinary,Batch_3,bright_width_d90_d10,bse_empty_bin_frac,10,-0.21884599572482327
ordinary,pooled,bright_width_d90_d10,etd_curtain_frac,22,-0.2603049124788256
ordinary,Batch_1,bright_width_d90_d10,etd_curtain_frac,5,-0.6
ordinary,Batch_2,bright_width_d90_d10,etd_curtain_frac,7,-0.8571428571428573
ordinary,Batch_3,bright_width_d90_d10,etd_curtain_frac,10,0.07878787878787878
ordinary,pooled,bright_width_d90_d10,etd_boundary_sharpness,22,-0.014116318464144554
ordinary,Batch_1,bright_width_d90_d10,etd_boundary_sharpness,5,0.09999999999999999
ordinary,Batch_2,bright_width_d90_d10,etd_boundary_sharpness,7,-0.03571428571428572
ordinary,Batch_3,bright_width_d90_d10,etd_boundary_sharpness,10,0.11515151515151514
ordinary,pooled,bright_aspect_aw,H,22,0.3377852133024344
ordinary,Batch_1,bright_aspect_aw,H,5,0.6
ordinary,Batch_2,bright_aspect_aw,H,7,0.5585812268712466
ordinary,Batch_3,bright_aspect_aw,H,10,0.32721660573801425
ordinary,pooled,bright_aspect_aw,bright_sep,22,-0.6467753630940298
ordinary,Batch_1,bright_aspect_aw,bright_sep,5,-0.8720815992723809
ordinary,Batch_2,bright_aspect_aw,bright_sep,7,-0.7500000000000002
ordinary,Batch_3,bright_aspect_aw,bright_sep,10,-0.4127015636572768
ordinary,pooled,bright_aspect_aw,bse_p1,22,0.06489605786424449
ordinary,Batch_3,bright_aspect_aw,bse_p1,10,0.2606131077271286
ordinary,pooled,bright_aspect_aw,bse_std,22,-0.07622811970638058
ordinary,Batch_1,bright_aspect_aw,bse_std,5,-0.49999999999999994
ordinary,Batch_2,bright_aspect_aw,bse_std,7,0.03571428571428572
ordinary,Batch_3,bright_aspect_aw,bse_std,10,-0.6
ordinary,pooled,bright_aspect_aw,bse_empty_bin_frac,22,-0.12086981560779073
ordinary,Batch_1,bright_aspect_aw,bse_empty_bin_frac,5,-0.6
ordinary,Batch_2,bright_aspect_aw,bse_empty_bin_frac,7,-0.21428571428571433
ordinary,Batch_3,bright_aspect_aw,bse_empty_bin_frac,10,0.2613993837824278
ordinary,pooled,bright_aspect_aw,etd_curtain_frac,22,-0.1225296442687747
ordinary,Batch_1,bright_aspect_aw,etd_curtain_frac,5,0.49999999999999994
ordinary,Batch_2,bright_aspect_aw,etd_curtain_frac,7,-0.8571428571428573
ordinary,Batch_3,bright_aspect_aw,etd_curtain_frac,10,0.4545454545454545
ordinary,pooled,bright_aspect_aw,etd_boundary_sharpness,22,0.15979672501411638
ordinary,Batch_1,bright_aspect_aw,etd_boundary_sharpness,5,-0.39999999999999997
ordinary,Batch_2,bright_aspect_aw,etd_boundary_sharpness,7,-0.14285714285714288
ordinary,Batch_3,bright_aspect_aw,etd_boundary_sharpness,10,0.5393939393939393
ordinary,pooled,bright_horizontal_alignment,H,22,-0.231056440023682
ordinary,Batch_1,bright_horizontal_alignment,H,5,-0.8999999999999998
ordinary,Batch_2,bright_horizontal_alignment,H,7,0.2882999880625789
ordinary,Batch_3,bright_horizontal_alignment,H,10,-0.32721660573801425
ordinary,pooled,bright_horizontal_alignment,bright_sep,22,-0.025029125748581627
ordinary,Batch_1,bright_horizontal_alignment,bright_sep,5,-0.051298917604257706
ordinary,Batch_2,bright_horizontal_alignment,bright_sep,7,-0.3214285714285715
ordinary,Batch_3,bright_horizontal_alignment,bright_sep,10,0.3126526997403612
ordinary,pooled,bright_horizontal_alignment,bse_p1,22,-0.003605336548013583
ordinary,Batch_3,bright_horizontal_alignment,bse_p1,10,0.15891043154093204
ordinary,pooled,bright_horizontal_alignment,bse_std,22,0.0942970073404856
ordinary,Batch_1,bright_horizontal_alignment,bse_std,5,0.6
ordinary,Batch_2,bright_horizontal_alignment,bse_std,7,-0.1785714285714286
ordinary,Batch_3,bright_horizontal_alignment,bse_std,10,0.11515151515151514
ordinary,pooled,bright_horizontal_alignment,bse_empty_bin_frac,22,-0.03671279446031027
ordinary,Batch_1,bright_horizontal_alignment,bse_empty_bin_frac,5,0.09999999999999999
ordinary,Batch_2,bright_horizontal_alignment,bse_empty_bin_frac,7,-0.03571428571428572
ordinary,Batch_3,bright_horizontal_alignment,bse_empty_bin_frac,10,-0.2796365500928297
ordinary,pooled,bright_horizontal_alignment,etd_curtain_frac,22,0.04686617730095992
ordinary,Batch_1,bright_horizontal_alignment,etd_curtain_frac,5,-0.6
ordinary,Batch_2,bright_horizontal_alignment,etd_curtain_frac,7,-0.28571428571428575
ordinary,Batch_3,bright_horizontal_alignment,etd_curtain_frac,10,0.43030303030303024
ordinary,pooled,bright_horizontal_alignment,etd_boundary_sharpness,22,0.23884810841332585
ordinary,Batch_1,bright_horizontal_alignment,etd_boundary_sharpness,5,-0.39999999999999997
ordinary,Batch_2,bright_horizontal_alignment,etd_boundary_sharpness,7,0.25
ordinary,Batch_3,bright_horizontal_alignment,etd_boundary_sharpness,10,0.3939393939393939
ordinary,pooled,bright_alignment_strength,H,22,-0.1175151918547965
ordinary,Batch_1,bright_alignment_strength,H,5,-0.39999999999999997
ordinary,Batch_2,bright_alignment_strength,H,7,0.2882999880625789
ordinary,Batch_3,bright_alignment_strength,H,10,-0.12347796442943935
ordinary,pooled,bright_alignment_strength,bright_sep,22,-0.18942497441540188
ordinary,Batch_1,bright_alignment_strength,bright_sep,5,-0.35909242322980395
ordinary,Batch_2,bright_alignment_strength,bright_sep,7,-0.3214285714285715
ordinary,Batch_3,bright_alignment_strength,bright_sep,10,-0.10004886391691557
ordinary,pooled,bright_alignment_strength,bse_p1,22,0.24876822181293723
ordinary,Batch_3,bright_alignment_strength,bse_p1,10,0.6038596398555418
ordinary,pooled,bright_alignment_strength,bse_std,22,-0.06267645398080182
ordinary,Batch_1,bright_alignment_strength,bse_std,5,0.49999999999999994
ordinary,Batch_2,bright_alignment_strength,bse_std,7,-0.1785714285714286
ordinary,Batch_3,bright_alignment_strength,bse_std,10,-0.35757575757575755
ordinary,pooled,bright_alignment_strength,bse_empty_bin_frac,22,0.0756848378104858
ordinary,Batch_1,bright_alignment_strength,bse_empty_bin_frac,5,0.39999999999999997
ordinary,Batch_2,bright_alignment_strength,bse_empty_bin_frac,7,-0.03571428571428572
ordinary,Batch_3,bright_alignment_strength,bse_empty_bin_frac,10,-0.006079055436800646
ordinary,pooled,bright_alignment_strength,etd_curtain_frac,22,0.189158667419537
ordinary,Batch_1,bright_alignment_strength,etd_curtain_frac,5,0.0
ordinary,Batch_2,bright_alignment_strength,etd_curtain_frac,7,-0.28571428571428575
ordinary,Batch_3,bright_alignment_strength,etd_curtain_frac,10,0.6484848484848483
ordinary,pooled,bright_alignment_strength,etd_boundary_sharpness,22,0.18125352907961606
ordinary,Batch_1,bright_alignment_strength,etd_boundary_sharpness,5,-0.8999999999999998
ordinary,Batch_2,bright_alignment_strength,etd_boundary_sharpness,7,0.25
ordinary,Batch_3,bright_alignment_strength,etd_boundary_sharpness,10,0.4666666666666666
ordinary,pooled,bright_nn_csr_ratio,H,22,0.048255030471776345
ordinary,Batch_1,bright_nn_csr_ratio,H,5,0.09999999999999999
ordinary,Batch_2,bright_nn_csr_ratio,H,7,-0.5585812268712466
ordinary,Batch_3,bright_nn_csr_ratio,H,10,0.45069457016745357
ordinary,pooled,bright_nn_csr_ratio,bright_sep,22,0.20421491235774555
ordinary,Batch_1,bright_nn_csr_ratio,bright_sep,5,-0.41039134083406165
ordinary,Batch_2,bright_nn_csr_ratio,bright_sep,7,0.7500000000000002
ordinary,Batch_3,bright_nn_csr_ratio,bright_sep,10,-0.16883245785979503
ordinary,pooled,bright_nn_csr_ratio,bse_p1,22,-0.15647160618378947
ordinary,Batch_3,bright_nn_csr_ratio,bse_p1,10,-0.3496029493900505
ordinary,pooled,bright_nn_csr_ratio,bse_std,22,0.015245623941276118
ordinary,Batch_1,bright_nn_csr_ratio,bse_std,5,0.39999999999999997
ordinary,Batch_2,bright_nn_csr_ratio,bse_std,7,-0.03571428571428572
ordinary,Batch_3,bright_nn_csr_ratio,bse_std,10,0.35757575757575755
ordinary,pooled,bright_nn_csr_ratio,bse_empty_bin_frac,22,0.5230161180038048
ordinary,Batch_1,bright_nn_csr_ratio,bse_empty_bin_frac,5,0.49999999999999994
ordinary,Batch_2,bright_nn_csr_ratio,bse_empty_bin_frac,7,0.21428571428571433
ordinary,Batch_3,bright_nn_csr_ratio,bse_empty_bin_frac,10,0.7294866524160775
ordinary,pooled,bright_nn_csr_ratio,etd_curtain_frac,22,0.27724449463579903
ordinary,Batch_1,bright_nn_csr_ratio,etd_curtain_frac,5,0.6
ordinary,Batch_2,bright_nn_csr_ratio,etd_curtain_frac,7,0.8571428571428573
ordinary,Batch_3,bright_nn_csr_ratio,etd_curtain_frac,10,-0.35757575757575755
ordinary,pooled,bright_nn_csr_ratio,etd_boundary_sharpness,22,-0.016374929418407683
ordinary,Batch_1,bright_nn_csr_ratio,etd_boundary_sharpness,5,-0.8999999999999998
ordinary,Batch_2,bright_nn_csr_ratio,etd_boundary_sharpness,7,0.14285714285714288
ordinary,Batch_3,bright_nn_csr_ratio,etd_boundary_sharpness,10,-0.05454545454545454
ordinary,pooled,bright_nn_mean_px,H,22,-0.3071290762968353
ordinary,Batch_1,bright_nn_mean_px,H,5,-0.3
ordinary,Batch_2,bright_nn_mean_px,H,7,-0.8108437164260032
ordinary,Batch_3,bright_nn_mean_px,H,10,0.006173898221471967
ordinary,pooled,bright_nn_mean_px,bright_sep,22,0.31912135329441577
ordinary,Batch_1,bright_nn_mean_px,bright_sep,5,-0.35909242322980395
ordinary,Batch_2,bright_nn_mean_px,bright_sep,7,0.6785714285714287
ordinary,Batch_3,bright_nn_mean_px,bright_sep,10,-0.06253053994807224
ordinary,pooled,bright_nn_mean_px,bse_p1,22,0.13411851958610527
ordinary,Batch_3,bright_nn_mean_px,bse_p1,10,0.006356417261637282
ordinary,pooled,bright_nn_mean_px,bse_std,22,-0.30999435347261434
ordinary,Batch_1,bright_nn_mean_px,bse_std,5,-0.3
ordinary,Batch_2,bright_nn_mean_px,bse_std,7,-0.3571428571428572
ordinary,Batch_3,bright_nn_mean_px,bse_std,10,0.006060606060606061
ordinary,pooled,bright_nn_mean_px,bse_empty_bin_frac,22,0.1434623045064432
ordinary,Batch_1,bright_nn_mean_px,bse_empty_bin_frac,5,-0.3
ordinary,Batch_2,bright_nn_mean_px,bse_empty_bin_frac,7,0.0
ordinary,Batch_3,bright_nn_mean_px,bse_empty_bin_frac,10,0.16413449679361747
ordinary,pooled,bright_nn_mean_px,etd_curtain_frac,22,0.24223602484472054
ordinary,Batch_1,bright_nn_mean_px,etd_curtain_frac,5,-0.7
ordinary,Batch_2,bright_nn_mean_px,etd_curtain_frac,7,0.6071428571428572
ordinary,Batch_3,bright_nn_mean_px,etd_curtain_frac,10,-0.19999999999999998
ordinary,pooled,bright_nn_mean_px,etd_boundary_sharpness,22,-0.06380575945793338
ordinary,Batch_1,bright_nn_mean_px,etd_boundary_sharpness,5,-0.3
ordinary,Batch_2,bright_nn_mean_px,etd_boundary_sharpness,7,0.25
ordinary,Batch_3,bright_nn_mean_px,etd_boundary_sharpness,10,-0.29696969696969694
ordinary,pooled,profile_pore_abs_slope,H,22,-0.27931147049545835
ordinary,Batch_1,profile_pore_abs_slope,H,5,-0.6
ordinary,Batch_2,profile_pore_abs_slope,H,7,-0.198206241793023
ordinary,Batch_3,profile_pore_abs_slope,H,10,0.16052135375827115
ordinary,pooled,profile_pore_abs_slope,bright_sep,22,0.022184906913515535
ordinary,Batch_1,profile_pore_abs_slope,bright_sep,5,0.051298917604257706
ordinary,Batch_2,profile_pore_abs_slope,bright_sep,7,0.21428571428571433
ordinary,Batch_3,profile_pore_abs_slope,bright_sep,10,-0.06878359394287946
ordinary,pooled,profile_pore_abs_slope,bse_p1,22,0.2170412601904177
ordinary,Batch_3,profile_pore_abs_slope,bse_p1,10,0.247900273203854
ordinary,pooled,profile_pore_abs_slope,bse_std,22,0.25352907961603616
ordinary,Batch_1,profile_pore_abs_slope,bse_std,5,0.8999999999999998
ordinary,Batch_2,profile_pore_abs_slope,bse_std,7,0.39285714285714296
ordinary,Batch_3,profile_pore_abs_slope,bse_std,10,0.04242424242424241
ordinary,pooled,profile_pore_abs_slope,bse_empty_bin_frac,22,0.15193448784343788
ordinary,Batch_1,profile_pore_abs_slope,bse_empty_bin_frac,5,0.6
ordinary,Batch_2,profile_pore_abs_slope,bse_empty_bin_frac,7,0.21428571428571433
ordinary,Batch_3,profile_pore_abs_slope,bse_empty_bin_frac,10,0.13981827504641486
ordinary,pooled,profile_pore_abs_slope,etd_curtain_frac,22,0.30999435347261434
ordinary,Batch_1,profile_pore_abs_slope,etd_curtain_frac,5,0.09999999999999999
ordinary,Batch_2,profile_pore_abs_slope,etd_curtain_frac,7,0.5714285714285715
ordinary,Batch_3,profile_pore_abs_slope,etd_curtain_frac,10,0.29696969696969694
ordinary,pooled,profile_pore_abs_slope,etd_boundary_sharpness,22,-0.33709768492377196
ordinary,Batch_1,profile_pore_abs_slope,etd_boundary_sharpness,5,-0.6
ordinary,Batch_2,profile_pore_abs_slope,etd_boundary_sharpness,7,-0.3571428571428572
ordinary,Batch_3,profile_pore_abs_slope,etd_boundary_sharpness,10,-0.28484848484848485
ordinary,pooled,profile_bright_abs_slope,H,22,0.040307143099954354
ordinary,Batch_1,profile_bright_abs_slope,H,5,0.39999999999999997
ordinary,Batch_2,profile_bright_abs_slope,H,7,0.5225437283634242
ordinary,Batch_3,profile_bright_abs_slope,H,10,-0.43217287550303773
ordinary,pooled,profile_bright_abs_slope,bright_sep,22,-0.19852647468761336
ordinary,Batch_1,profile_bright_abs_slope,bright_sep,5,0.35909242322980395
ordinary,Batch_2,profile_bright_abs_slope,bright_sep,7,-0.8571428571428573
ordinary,Batch_3,profile_bright_abs_slope,bright_sep,10,0.39394240167285516
ordinary,pooled,profile_bright_abs_slope,bse_p1,22,0.10816009644040749
ordinary,Batch_3,profile_bright_abs_slope,bse_p1,10,0.6102160571171791
ordinary,pooled,profile_bright_abs_slope,bse_std,22,-0.2173913043478261
ordinary,Batch_1,profile_bright_abs_slope,bse_std,5,-0.49999999999999994
ordinary,Batch_2,profile_bright_abs_slope,bse_std,7,-0.03571428571428572
ordinary,Batch_3,profile_bright_abs_slope,bse_std,10,-0.6363636363636362
ordinary,pooled,profile_bright_abs_slope,bse_empty_bin_frac,22,-0.07342558892062054
ordinary,Batch_1,profile_bright_abs_slope,bse_empty_bin_frac,5,-0.39999999999999997
ordinary,Batch_2,profile_bright_abs_slope,bse_empty_bin_frac,7,0.5357142857142858
ordinary,Batch_3,profile_bright_abs_slope,bse_empty_bin_frac,10,-0.12158110873601292
ordinary,pooled,profile_bright_abs_slope,etd_curtain_frac,22,-0.0016939582156973462
ordinary,Batch_1,profile_bright_abs_slope,etd_curtain_frac,5,0.0
ordinary,Batch_2,profile_bright_abs_slope,etd_curtain_frac,7,-0.6071428571428572
ordinary,Batch_3,profile_bright_abs_slope,etd_curtain_frac,10,0.5515151515151515
ordinary,pooled,profile_bright_abs_slope,etd_boundary_sharpness,22,-0.07171089779785433
ordinary,Batch_1,profile_bright_abs_slope,etd_boundary_sharpness,5,0.8999999999999998
ordinary,Batch_2,profile_bright_abs_slope,etd_boundary_sharpness,7,-0.1785714285714286
ordinary,Batch_3,profile_bright_abs_slope,etd_boundary_sharpness,10,-0.6121212121212121
ordinary,pooled,corr_len_px,H,22,-0.1497006535751719
ordinary,Batch_1,corr_len_px,H,5,-0.20519567041703085
ordinary,Batch_2,corr_len_px,H,7,-0.4909090909090909
ordinary,Batch_3,corr_len_px,H,10,0.3040767291864085
ordinary,pooled,corr_len_px,bright_sep,22,0.020000081633152856
ordinary,Batch_1,corr_len_px,bright_sep,5,0.026315789473684213
ordinary,Batch_2,corr_len_px,bright_sep,7,0.6126374746329801
ordinary,Batch_3,corr_len_px,bright_sep,10,-0.46037546037569055
ordinary,pooled,corr_len_px,bse_p1,22,0.2354126997697399
ordinary,Batch_3,corr_len_px,bse_p1,10,0.025819888974716113
ordinary,pooled,corr_len_px,bse_std,22,-0.002836104071495944
ordinary,Batch_1,corr_len_px,bse_std,5,0.6668859288553503
ordinary,Batch_2,corr_len_px,bse_std,7,-0.41443123283995714
ordinary,Batch_3,corr_len_px,bse_std,10,-0.19694638556693236
ordinary,pooled,corr_len_px,bse_empty_bin_frac,22,0.05815655491309661
ordinary,Batch_1,corr_len_px,bse_empty_bin_frac,5,0.8207826816681234
ordinary,Batch_2,corr_len_px,bse_empty_bin_frac,7,-0.6306562238868914
ordinary,Batch_3,corr_len_px,bse_empty_bin_frac,10,-0.01234661995811987
ordinary,pooled,corr_len_px,etd_curtain_frac,22,-0.050482652472627815
ordinary,Batch_1,corr_len_px,etd_curtain_frac,5,0.35909242322980395
ordinary,Batch_2,corr_len_px,etd_curtain_frac,7,-0.03603749850782236
ordinary,Batch_3,corr_len_px,etd_curtain_frac,10,-0.08000946913656627
ordinary,pooled,corr_len_px,etd_boundary_sharpness,22,-0.32842085147923034
ordinary,Batch_1,corr_len_px,etd_boundary_sharpness,5,-0.7181848464596079
ordinary,Batch_2,corr_len_px,etd_boundary_sharpness,7,0.14414999403128945
ordinary,Batch_3,corr_len_px,etd_boundary_sharpness,10,0.09231861823449954
ordinary,pooled,fft_slope,H,22,0.009651006094355269
ordinary,Batch_1,fft_slope,H,5,-0.3
ordinary,Batch_2,fft_slope,H,7,0.3783937343321348
ordinary,Batch_3,fft_slope,H,10,-0.2716515217447666
ordinary,pooled,fft_slope,bright_sep,22,0.3265163222655876
ordinary,Batch_1,fft_slope,bright_sep,5,0.8207826816681233
ordinary,Batch_2,fft_slope,bright_sep,7,-0.14285714285714288
ordinary,Batch_3,fft_slope,bright_sep,10,0.4439668336313129
ordinary,pooled,fft_slope,bse_p1,22,-0.08075953867550426
ordinary,Batch_3,fft_slope,bse_p1,10,0.0699205898780101
ordinary,pooled,fft_slope,bse_std,22,0.07848673066064371
ordinary,Batch_1,fft_slope,bse_std,5,0.49999999999999994
ordinary,Batch_2,fft_slope,bse_std,7,-0.03571428571428572
ordinary,Batch_3,fft_slope,bse_std,10,0.07878787878787878
ordinary,pooled,fft_slope,bse_empty_bin_frac,22,-0.1762214134094893
ordinary,Batch_1,fft_slope,bse_empty_bin_frac,5,0.3
ordinary,Batch_2,fft_slope,bse_empty_bin_frac,7,-0.07142857142857144
ordinary,Batch_3,fft_slope,bse_empty_bin_frac,10,-0.12158110873601292
ordinary,pooled,fft_slope,etd_curtain_frac,22,0.27950310559006214
ordinary,Batch_1,fft_slope,etd_curtain_frac,5,0.0
ordinary,Batch_2,fft_slope,etd_curtain_frac,7,0.07142857142857144
ordinary,Batch_3,fft_slope,etd_curtain_frac,10,0.4787878787878787
ordinary,pooled,fft_slope,etd_boundary_sharpness,22,0.585544889892716
ordinary,Batch_1,fft_slope,etd_boundary_sharpness,5,0.7
ordinary,Batch_2,fft_slope,etd_boundary_sharpness,7,0.7500000000000002
ordinary,Batch_3,fft_slope,etd_boundary_sharpness,10,0.3939393939393939
