min_component_area_px,reference,batch,n_ref,n_batch,ref_median,batch_median,median_delta,delta_ci_low,delta_ci_high
50,Batch_3,Batch_1,13,5,0.7774393003599404,0.7572533828206167,-0.02018591753932364,-0.08841739642289337,0.026163418797449323
50,Batch_3,Batch_2,13,7,0.7774393003599404,0.7971226263210205,0.019683325961080134,-0.07923767060214515,0.0786254936565206
50,Batch_1,Batch_2,5,7,0.7572533828206167,0.7971226263210205,0.03986924350040377,-0.04052097856665626,0.10795594758731397
500,Batch_3,Batch_1,13,5,0.9022812357777691,0.9579770110600476,0.05569577528227854,-0.10032001186294581,0.16345047665010715
500,Batch_3,Batch_2,13,7,0.9022812357777691,0.9781673090364535,0.07588607325868446,-0.004669729990479099,0.14752696625321238
500,Batch_1,Batch_2,5,7,0.9579770110600476,0.9781673090364535,0.020190297976405924,-0.10528848743194252,0.1763698022985386
2000,Batch_3,Batch_1,13,5,0.9879457154465038,1.0725389828258582,0.08459326737935446,-0.027274677650542367,0.2870706312035821
2000,Batch_3,Batch_2,13,7,0.9879457154465038,1.0719269325437037,0.08398121709719997,0.014079008905398593,0.16165712068402405
2000,Batch_1,Batch_2,5,7,1.0725389828258582,1.0719269325437037,-0.0006120502821544971,-0.2301978721157123,0.10774906879394985
